file,data_id,idx,sentence,안 단형,안 장형,못 단형,못 장형,말다 부정,관형절,부사절,명사절,인용절,종속절,주절,확인형,note
spoken_data_36553.json,663f2aa1-cbd0-4eda-ab7e-fa00a696aa21,37,그렇게 들지 말게 해주셨으면 좋을 것 같아요.,[],[],[],[],['렇게 들지 말게 해주'],0,1,0,0,0,0,0,
spoken_data_36553.json,663f2aa1-cbd0-4eda-ab7e-fa00a696aa21,48,○ <NAME> 위원장님 제가 얘기하는 취지 이해 안 하시나요?,['지 이해 안 하시나요'],[],[],[],[],0,0,0,0,0,1,0,
spoken_data_36553.json,663f2aa1-cbd0-4eda-ab7e-fa00a696aa21,51,이해 못 하는 바 아니고 … 불구하고 이 자리 특별위원회라고 하는 것의 다양한 주제가 있습니다.,[],[],['이해 못 하는 바'],[],[],1,0,0,0,0,0,0,
spoken_data_36553.json,663f2aa1-cbd0-4eda-ab7e-fa00a696aa21,61,○ <NAME> 위원:아직 해본 적이 없는 걸로 하고 그런 사례가 발생하지 않은 것과는 다른 문제입니다.,[],['발생하지 않은 것과'],[],[],[],1,0,0,0,0,0,0,
spoken_data_36553.json,663f2aa1-cbd0-4eda-ab7e-fa00a696aa21,79,보수적인 집단이라고 하는 것은 자기가 하는 것에 대해서 잘 적응하지 못합니다.,[],[],[],['적응하지 못합니다.'],[],0,0,0,0,0,1,0,
spoken_data_36553.json,663f2aa1-cbd0-4eda-ab7e-fa00a696aa21,80,적응하지 못하는 측면도 있고 적응하려고 가지 않는 측면이 있고.,[],['려고 가지 않는 측면'],[],['적응하지 못하는 측'],[],2,0,0,0,0,0,0,
spoken_data_36553.json,663f2aa1-cbd0-4eda-ab7e-fa00a696aa21,84,"사회가 이만큼 변화는 거기에 맞게끔, 사회 구성원들은 이만큼의 변화와 그 정도를 이해는 정도의 준비 상태인데 변화된 것들을 못 받아들이는 것이 아니냐.",[],[],['것들을 못 받아들이'],[],[],1,0,0,0,0,0,0,
spoken_data_36553.json,663f2aa1-cbd0-4eda-ab7e-fa00a696aa21,97,"○ <NAME> 위원:그런 교사 집단의 자존심을 건드리지 않는 선에서 이 점에 관해서 좀 고민해야, 이 부분에 초점을 찍고 고민해야 되는 거가 아닌가 이런 생각이 들고요.",[],['건드리지 않는 선에'],[],[],[],1,0,0,0,0,0,0,
spoken_data_36553.json,663f2aa1-cbd0-4eda-ab7e-fa00a696aa21,110,간사님은 원래 그렇게 안 하는 거예요.,['그렇게 안 하는 거'],[],[],[],[],1,0,0,0,0,0,0,
spoken_data_36553.json,663f2aa1-cbd0-4eda-ab7e-fa00a696aa21,112,○위원장 <NAME> :더 이상 질의할 위원님이 못 계신 것 같습니다.,[],[],['위원님이 못 계신 것'],[],[],1,0,0,0,0,0,0,
spoken_data_36553.json,663f2aa1-cbd0-4eda-ab7e-fa00a696aa21,121,일단 자료만 받아서 그분들 참석시킬지 말지는 그걸 잘 판단하게.,[],[],[],[],['참석시킬지 말지는 그'],0,0,1,0,0,0,0,
spoken_data_36553.json,f8c16b2b-b719-4dbe-8773-bb966826a8d8,245,그러나 현실은 그러지 못하기에 본 의원이 이 자리에 왔습니다.,[],[],[],['은 그러지 못하기에'],[],0,0,0,0,1,0,0,
spoken_data_36553.json,f8c16b2b-b719-4dbe-8773-bb966826a8d8,246,우리 경기도 남부는 10개 시군의 행정구역 면적은 남부지역 21개 시군 대비 72%를 차지하고 이고지만 북부소방재난본부 산하의 청사 규모는 남부지역의 43%밖에 미치지 못하고 있습니다.,[],[],[],['에 미치지 못하고 있'],[],0,0,0,0,0,1,0,
spoken_data_36553.json,f8c16b2b-b719-4dbe-8773-bb966826a8d8,253,우리에 예상하지 못했던 새로운 유형의 안전사고가 나타나고 그렇기 때문에 방재분야도 신속이 대처하는 시대는 지나갔습니다.,[],[],[],['예상하지 못했던 새'],[],1,0,0,0,0,0,0,
spoken_data_36553.json,f8c16b2b-b719-4dbe-8773-bb966826a8d8,261,본 의원은 계속되는 소방공무원의 순직사고에 대해서는 진심으로 안타까움을 나누며 다시는 이 같은 일이 되풀이되지 못하도록 하기 위해서라도 각 시군에서 사용하는 재난관리 기금의 활성화 방법을 함께 모색하고자 합니다.,[],[],[],['되풀이되지 못하도록'],[],0,1,0,0,0,0,0,
spoken_data_36553.json,f8c16b2b-b719-4dbe-8773-bb966826a8d8,265,소방공무원 인적자원 부족은 도지사님께서 충분히 고민하시고 계시므로 이는 더 이상 언급은 하지 않겠습니다.,[],['급은 하지 않겠습니다'],[],[],[],0,0,0,0,0,1,0,
spoken_data_36553.json,f8c16b2b-b719-4dbe-8773-bb966826a8d8,274,2013은 그동안 재난관리 기금이 어떻게 사용됐는지 살펴보면 재난관리 기금은 각 시군에서 자연재난으로 인한 재난 시설의 복구 및 보강사업 등 복구에만 치중 사용하였으며 현실적으로 지자체는 인적재난이나 재난대응에 직접적으로 사용할 수 있는 근거가 마련되어 있지 못하아 소방 장비 등을 확보하는 데는 재난관리 자금으로 사용하지 못했습니다.,[],[],[],"['되어 있지 못하아 소', '사용하지 못했습니다']",[],0,1,0,0,0,1,0,
spoken_data_36553.json,f8c16b2b-b719-4dbe-8773-bb966826a8d8,282,두 의원이 시간 관계상 제안하지 못하는 것은 속기록에 넣어주시기 바랍니다.,[],[],[],['제안하지 못하는 것'],[],1,0,0,0,0,0,0,
spoken_data_36553.json,f8c16b2b-b719-4dbe-8773-bb966826a8d8,294,이을 외면하지 않는 공공의료기관으로서 다시 태어나기 위해서 고심해야 할 과제가 아닌가 생각합니다.,[],['외면하지 않는 공공'],[],[],[],1,0,0,0,0,0,0,
spoken_data_36553.json,f8c16b2b-b719-4dbe-8773-bb966826a8d8,351,현시대에 맞지 않는 장학사의 교육을을 재구조화하여 학교 현장의 문제에 발 벗고 나설 수 있도록 지속적으로 노력하겠습니다.,[],['대에 맞지 않는 장학'],[],[],[],1,0,0,0,0,0,0,
spoken_data_36553.json,f8c16b2b-b719-4dbe-8773-bb966826a8d8,391,"저는 내년으로 남은 재임 기간 동안 경기도 교육청 선생님, 학부모님 모두 염원하는 좋은 교육의 꿈이 헛되지 않도록 전력을 다해 노력하겠습니다.",[],['이 헛되지 않도록 전'],[],[],[],0,1,0,0,0,0,0,
spoken_data_36553.json,c7db5e20-1333-43dc-846c-5b5335eca0d3,418,점검한 지 3개월도 못 됐습니다.,[],[],['3개월도 못 됐습니다'],[],[],0,0,0,0,0,1,0,
spoken_data_36553.json,c7db5e20-1333-43dc-846c-5b5335eca0d3,425,"불산 누출량, 사건 수습 시각, 방제복의 착용 등와 사고 보고 시간 등 어느 것 하나 명쾌하지 못한 문제로 대처하면서 혼란을 가중시켰습니다.",[],[],[],['명쾌하지 못한 문제'],[],1,0,0,0,0,0,0,
spoken_data_36553.json,c7db5e20-1333-43dc-846c-5b5335eca0d3,429,불산 누출로 현장에 경보 알람이 울렸는데 삼성의 한 소방대는 어떤 경보음이 안 울렸는지 삼성전자는 알아야 합니다.,['경보음이 안 울렸는지'],[],[],[],[],0,0,1,0,0,0,0,
spoken_data_36553.json,c7db5e20-1333-43dc-846c-5b5335eca0d3,431,누구보다도 불산이 왜 위험한지 잘 아는 그가 불산이 분출되고 있는데 왜 이렇게 복도 못 입고 급하게 마스크와 장갑만 챙기고 현장에 들어가서 수리를 마쳐야 했는지 삼성전자 경영진은 알아야 합니다.,[],[],['게 복도 못 입고 급'],[],[],0,1,0,0,0,0,0,
spoken_data_36553.json,c7db5e20-1333-43dc-846c-5b5335eca0d3,436,그러나 이번 삼성전자 불산 누출 사고 당시 확인된 것처럼 정부의 컨트롤타워가 가동되지 않았습니다.,[],['가동되지 않았습니다'],[],[],[],0,0,0,0,0,1,0,
spoken_data_36553.json,c7db5e20-1333-43dc-846c-5b5335eca0d3,438,그러다 보니 사고가 나면 또 다른 시스템으로 접근하고 해석하면서 소통이 안 되고 나중에는 책임 떠넘기기에 급급합니다.,['소통이 안 되고 나'],[],[],[],[],0,0,0,0,0,1,0,
spoken_data_36553.json,c7db5e20-1333-43dc-846c-5b5335eca0d3,444,삼성전자 화성사업장은 98년 녹색기업으로 지정된 이후 계속 된 지도 감독을 받지 않은 상태로 15년의 세월이 흘렀습니다.,[],['독을 받지 않은 상태'],[],[],[],1,0,0,0,0,0,0,
spoken_data_36553.json,c7db5e20-1333-43dc-846c-5b5335eca0d3,453,발언시간이 초과되면 30초의 시간을 재어 드린 후에는 마이크를 켜드리지 않으니 발언대 앞에 있는 타이머를 보시면서 시간 안배를 잘해 주시기 바랍니다.,[],['켜드리지 않으니 발'],[],[],[],0,0,0,0,1,0,0,
spoken_data_36553.json,c7db5e20-1333-43dc-846c-5b5335eca0d3,478,그럼에도 불구하고 삼성전자 화성사업장에 대해서는 아무런 개선명령이 이루어지지 않고 오히려 불산 취급관리 대상 업소에서 퇴출을 하게 됐습니다.,[],['이루어지지 않고 오히'],[],[],[],0,0,0,0,0,1,0,
spoken_data_36553.json,c7db5e20-1333-43dc-846c-5b5335eca0d3,482,○ <NAME> 의원:포함이 되지 않았다고요?,[],['함이 되지 않았다고요'],[],[],[],0,0,0,0,0,1,0,
spoken_data_36553.json,c7db5e20-1333-43dc-846c-5b5335eca0d3,486,환경부는 한강환경유역청 지정 녹색기업으로 삼성전자가 지정이 되어서 정기점검은 면제되었습니다마는 불산 판매도 대상 업소에서 제외되지는 않았습니다.,[],['제외되지는 않았습니다'],[],[],[],0,0,0,0,0,1,0,
spoken_data_36553.json,c7db5e20-1333-43dc-846c-5b5335eca0d3,492,"○ <NAME> :님 그러니까 특별점검, 수시 점검 대상에는 포함이 됩니다지만 정기점검 대상에는 포함되지 않는다는 말씀이시고 지난해에 정기점검을 했지만 2011년 이전에는 정기점검 대상에서 벗어나고 있었죠?",[],['포함되지 않는다는'],[],[],[],1,0,0,0,0,0,0,
spoken_data_36553.json,c7db5e20-1333-43dc-846c-5b5335eca0d3,496,그런데 이것 역시 이행되지 못하고 있는데 그 이유가 무엇입니까?,[],[],[],['이행되지 못하고 있'],[],0,0,0,0,1,0,0,
spoken_data_36553.json,c7db5e20-1333-43dc-846c-5b5335eca0d3,503,제가 궁금한 걸로는 PSM 자체는 운영을 하고 계셨지만 주민들한테 사전에 고지를 하지 않은 상태로 지금까지 유지가 되고 있습니다.,[],['지를 하지 않은 상태'],[],[],[],1,0,0,0,0,0,0,
spoken_data_36553.json,c7db5e20-1333-43dc-846c-5b5335eca0d3,507,"그런데 이것 자체에 대해서 경기도도 검토를 하고 계신지, 파악을 하고 있다면 왜 이와 같은 조항을 활용하지 않았는지 답변해 주시기 바랍니다.
|",[],['활용하지 않았는지'],[],[],[],0,0,1,0,0,0,0,
spoken_data_36553.json,c7db5e20-1333-43dc-846c-5b5335eca0d3,556,그럼에도 불구하고 경기도는 이 사고와 관련한 서면답변서에서 어떻게 답변했냐면 “ 삼성전자 직원이 초기 유선 보고 및 사고 내용이 명확하게 밝혀지지 않은 상태에서 알려주는 과정에 있다고 추정된다. ”,[],['밝혀지지 않은 상태'],[],[],[],1,0,0,0,0,0,0,
spoken_data_36553.json,c7db5e20-1333-43dc-846c-5b5335eca0d3,563,○ <NAME> 의원:거짓말하지 않고 10ℓ로 보고를 받아서 최초 신고자는 10ℓ로 표기가 돼서 상급기관에 유관기관에 전파가 됐습니다.,[],['거짓말하지 않고 10'],[],[],[],0,0,0,0,0,1,0,
spoken_data_36553.json,c7db5e20-1333-43dc-846c-5b5335eca0d3,572,○환경국장 <NAME> :그런데도 지금 별도로 수정 작업은 안 했고요.,['작업은 안 했고요.'],[],[],[],[],0,0,0,0,0,1,0,
spoken_data_36553.json,c7db5e20-1333-43dc-846c-5b5335eca0d3,579,불산 누출량에 대해서도 현장 감독기관인 경기도에서 아직까지도 제대로 파악을 하지 않고 있습니다.,[],['악을 하지 않고 있습'],[],[],[],0,0,0,0,0,1,0,
spoken_data_36553.json,c7db5e20-1333-43dc-846c-5b5335eca0d3,590,보니까 일단은 신고하게 하고 있는데 뭐 즉시 신고라든지 이런 식으로 돼 있지는 않습니다.,[],['돼 있지는 않습니다.'],[],[],[],0,0,0,0,0,1,0,
spoken_data_36553.json,c7db5e20-1333-43dc-846c-5b5335eca0d3,598,삼성은 이미 2010년 9월 13일 불산 누출로 심각성 부상을 당하는 사고가 있는데도 불구하고 이를 신고하지 않고 은폐한 사례가 있습니다.,[],['신고하지 않고 은폐'],[],[],[],0,0,0,0,1,0,0,
spoken_data_36553.json,c7db5e20-1333-43dc-846c-5b5335eca0d3,612,미처 발언하지 못한 분을 자료를 통해서 속기록에 기록을 해주시고요.,[],[],[],['발언하지 못한 분을'],[],1,0,0,0,0,0,0,
spoken_data_36553.json,c7db5e20-1333-43dc-846c-5b5335eca0d3,626,이는 개발 수요가 많은 경기도에서 지속적인 지역개발을 이어나갈 수가 있겠는가 라는는 근원적인 의문이 들 수밖에 없는데 의무제하에서 목표 달성을 하지 못하을 경우 인허가를 비롯한 지역개발사업이 모두 금지되고 정부의 재정 지원이 중단되거나 삭감되는 등 강력한 행정제재가 있기 때문입니다.,[],[],[],['성을 하지 못하을 경'],[],1,0,0,0,0,0,0,
spoken_data_36553.json,c7db5e20-1333-43dc-846c-5b5335eca0d3,628,지금까지 의무제 하에서는 개발물량 확보를 위하여 각 시군에서 직접 환경부와 협상해 왔으며 의무제에서는 개발물량과 직결되는 2020년까지의 기본계획 수립 주체가 경기도이므로 해당 시군에서 매우 불안해하고 있으며 수질 총량관리 제도가 무엇인지 잘 모르는 자치단체에서는 그 중대성에 대한 인식조차도 못 사고 있는 실정입니다.,[],[],['식조차도 못 사고 있'],[],[],1,0,0,0,0,0,0,
spoken_data_36553.json,c7db5e20-1333-43dc-846c-5b5335eca0d3,633,환경부에서 상수도 정비기본계획 승인 시 공공 하수처리시설 설치비용의 절반 부분을 일일 오수 배출량 10t 이상 개발사업에 부과하는 원인자부담금으로 충당하라고 했지만 지금같이 건설경기 부진이 계속되고 일시에 개발사업이 전개되지 않는다면 전혀 현실성이 없으며 경기도나 가평처럼 각종 규제로 지역개발이 어렵고 재정이 열악한 시군에서는 거의 불가능하다고 합니다고 또한 오염·는 제도 도입 후 사후 이행평가를 위해서는 각 시군에서 모든 오수처리 시설의 모니터링을 하게 되어 있으나 이것의 재정적인 부분에서 쉽지 않은 문제입니다.,[],"['전개되지 않는다면', '에서 쉽지 않은 문제']",[],[],[],1,0,0,0,1,0,0,
spoken_data_36553.json,c7db5e20-1333-43dc-846c-5b5335eca0d3,640,지사님께서도 제도 시행 전에 시군별 여건과 입장을 꼼꼼히 경청하시고 전문가의 의견을 수렴하는 등 꼼꼼히 살펴 환경에 맞게 친환경적인 지역개발과 깨끗한 강 수질로 잘 보전될 수 있도록 적극적인 관심을 기울여 주시고 관련 제도가 시행 후 해당 지자체의 지역 발전을 가로막는 강력한 족쇄가 되지 말도록 해주실 거을 간곡히 당부드립니다.,[],[],[],[],['쇄가 되지 말도록 해'],0,1,0,0,0,0,0,
spoken_data_36553.json,c7db5e20-1333-43dc-846c-5b5335eca0d3,652,주민들이 각종 질병을 앓고 사망하여도 원인 분석조차 되지 못에 있는 실정으로 매일매일 매연 등과의 전쟁을 하고 있고 있어 인체 오염 물질 및 환경오염물질을 계속적으로 내보내면서 정상적인 영업을 하고 있습니다.,[],[],[],['조차 되지 못에 있는'],[],1,0,0,0,0,0,0,
spoken_data_36553.json,c7db5e20-1333-43dc-846c-5b5335eca0d3,654,"현재 행정처분을 받으면서도 영업을 하고 있는 것은 대기 환경보전법과 수질 및 수생태계 보전에 관한 법률 등 환경 관리 법들이 잘못된 것으로 이해 반해 일반 업소들은 조금만 폐수 및 오염물질을 배출해도 영업정지, 폐쇄 조치를 하면서 1 ~ 2종인 취급업체인 대규모 업체에 대해서만은 제재를 주는 것은 형평성에 못 맞는 일로써 법 개정이 시급하다 할 것입니다.",[],[],['형평성에 못 맞는 일'],[],[],1,0,0,0,0,0,0,
spoken_data_36553.json,c7db5e20-1333-43dc-846c-5b5335eca0d3,666,본 위원은 매뉴얼을 살펴본 결과 용어가 어렵고 눈에 쉽게 들어오지 못에 있습니다.,[],[],[],['들어오지 못에 있습'],[],0,0,0,0,0,1,0,
spoken_data_36553.json,c7db5e20-1333-43dc-846c-5b5335eca0d3,668,끝까지 말씀을 주셔서 감사합니다.,[],[],[],[],[],0,0,0,0,0,0,0,
spoken_data_36553.json,c7db5e20-1333-43dc-846c-5b5335eca0d3,680,"지방세법을 바꿀 때도 지방정부의 의견진술권을 보장하지 않고 지방세는에을 조정, 면제, 감면해 왔으며 과세입법권은 아예 인정조차 하지 않고 있는 게 현실입니다.",[],"['보장하지 않고 지방', '조차 하지 않고 있는']",[],[],[],1,0,0,0,0,1,0,
spoken_data_36553.json,c7db5e20-1333-43dc-846c-5b5335eca0d3,682,과세입법권이 단 한 조항도 보장되지 않는데 어찌 자치단체가 필요한 예산을 전액 부담할 수가 있겠습니까?,[],['보장되지 않는데 어'],[],[],[],0,0,0,0,1,0,0,
spoken_data_36553.json,c7db5e20-1333-43dc-846c-5b5335eca0d3,690,"그러나 해마다 경기도가 부담하는 대중교통 환승할인 보조금은 2,000억에 달하고 있는데 한두 푼도 지원되지 않고 있습니다.",[],['지원되지 않고 있습'],[],[],[],0,0,0,0,0,1,0,
spoken_data_36553.json,c7db5e20-1333-43dc-846c-5b5335eca0d3,700,"외국인 인권 침해 조례, 안 된다고 했습니다.","['조례, 안 된다고']",[],[],[],[],0,0,0,1,0,0,0,
spoken_data_36553.json,c7db5e20-1333-43dc-846c-5b5335eca0d3,701,"초등학교 급식 유전자조작식품 의무표시 조례, 안 한다고 했습니다.","['조례, 안 한다고']",[],[],[],[],0,0,0,1,0,0,0,
spoken_data_36553.json,c7db5e20-1333-43dc-846c-5b5335eca0d3,702,"유치원은 정규직 전환 조례, 안 된다고 했습니다.","['조례, 안 된다고']",[],[],[],[],0,0,0,1,0,0,0,
spoken_data_36553.json,c7db5e20-1333-43dc-846c-5b5335eca0d3,706,국회가 가지 않으면 다른 길은 만들어지지 않습니다.,[],"['회가 가지 않으면 다', '만들어지지 않습니다.']",[],[],[],0,0,0,0,1,1,0,
spoken_data_36553.json,c7db5e20-1333-43dc-846c-5b5335eca0d3,710,우리를 위하는 것은 안 된다는 저한 생각뿐입니다.,['는 것은 안 된다는'],[],[],[],[],1,0,0,0,0,0,0,
spoken_data_36553.json,c7db5e20-1333-43dc-846c-5b5335eca0d3,730,보다 시급한 사업에 국제여객부두 건설의 재정 투입이 인천보다 뒤로 밀리는 이유가 무엇인지 살펴보지 않을 수 없습니다.,[],['살펴보지 않을 수'],[],[],[],1,0,0,0,0,0,0,
spoken_data_36553.json,c7db5e20-1333-43dc-846c-5b5335eca0d3,736,또한 평택항에는 많은 기업의 수요가 충분히 있기 때문에 2단계 개발을 조속히 진행을 하며 정부가 나서지 않으면 경기도에서라도 하는 것이 바람직하다고 판단됩니다.,[],['가 나서지 않으면 경'],[],[],[],0,0,0,0,1,0,0,
spoken_data_36553.json,c7db5e20-1333-43dc-846c-5b5335eca0d3,742,그러나 교환을 위한 충분한 토지를 찾지 못해 현재까지 성사가 안 되고 있습니다.,['성사가 안 되고 있'],[],[],['지를 찾지 못해 현재'],[],0,0,0,0,1,1,0,
spoken_data_36553.json,c7db5e20-1333-43dc-846c-5b5335eca0d3,764,그러면서도 경기도는 아직도 많은 특혜 사슬에 묶여 제대로 된 재산권이나 도시 활용 능력을 살리지 못하고 있습니다.,[],[],[],['을 살리지 못하고 있'],[],0,0,0,0,0,1,0,
spoken_data_36553.json,c7db5e20-1333-43dc-846c-5b5335eca0d3,777,"보육원 급식비는 보건복지부 권고안인 3,500원의 절반에도 못 미쳤던 1,520원으로 책정되었습니다.",[],[],['절반에도 못 미쳤던'],[],[],1,0,0,0,0,0,0,
spoken_data_36553.json,c7db5e20-1333-43dc-846c-5b5335eca0d3,783,경기도 역시 이와 다르지 않습니다.,[],['와 다르지 않습니다.'],[],[],[],0,0,0,0,0,1,0,
spoken_data_36553.json,c7db5e20-1333-43dc-846c-5b5335eca0d3,796,더불어 2013년 경기도 교육청은 처우개선안으로 2.8%임금 인상안 외에 어떠한 것도 내놓지 못에 있습니다.,[],[],[],['도 내놓지 못에 있습'],[],0,0,0,0,0,1,0,
spoken_data_36553.json,c7db5e20-1333-43dc-846c-5b5335eca0d3,799,무엇보다 6개월째로 이어지고 있는 노동조합과의 단체교섭이 지지부진한 상태이며 1월 25일 부교육감 면담 시 관련한 내용마저 공표되지 않고 있습니다.,[],['공표되지 않고 있습'],[],[],[],0,0,0,0,0,1,0,
spoken_data_36553.json,c7db5e20-1333-43dc-846c-5b5335eca0d3,805,교육청과 더불어 경기도청 역시 지난해에 최소한의 정부 지침마저 지키지 않고 있습니다.,[],['저 지키지 않고 있습'],[],[],[],0,0,0,0,0,1,0,
spoken_data_36553.json,c7db5e20-1333-43dc-846c-5b5335eca0d3,843,는데 참고로 국어 대사전 <NAME> 편에 보면 여행은 “ 볼일이나 출장 목적으로 다른 고장이나 외국에 나가는 것으로 영어는 말하지 않겠습니다.,[],['는 말하지 않겠습니다'],[],[],[],0,0,0,0,0,1,0,
spoken_data_36553.json,c7db5e20-1333-43dc-846c-5b5335eca0d3,848,똑바로 서지 못하니까 내용인들 읽을 것도 없고 뻔하지 않습니까.,[],[],[],['바로 서지 못하니까'],[],0,0,0,0,1,0,0,
spoken_data_36553.json,c7db5e20-1333-43dc-846c-5b5335eca0d3,870,옳으면 죽어도 해야 하고 죽지 않으면 칼을 맞아도 안 해야 합니다.,['맞아도 안 해야 합'],['하고 죽지 않으면 칼'],[],[],[],0,0,0,0,1,1,0,
spoken_data_36553.json,c7db5e20-1333-43dc-846c-5b5335eca0d3,872,"나 혼자만이 백로인 척하지 않았으면 …는
제가 8장의 원고를 작성했는데 모니터에 올려지지도 않고 또 반대토론인데 인원 관계상, 인원수 관계상 5분만 하라고 그래서 요약을 … …
했습니다.",[],"['인 척하지 않았으면', '올려지지도 않고 또']",[],[],[],0,0,0,0,1,1,0,
spoken_data_36553.json,c7db5e20-1333-43dc-846c-5b5335eca0d3,887,무엇보다 이번 국외여행 조례를 제정 투명하고 객관적인 심사 제도를 정착시킴으로써 의원들의 해외여행도 등 국외여행에 대해 좋지 않은 시각으로 바라보는 일반 여론을 긍정적인 관점으로 돌릴 수가 있다고 생각합니다.,[],['대해 좋지 않은 시각'],[],[],[],1,0,0,0,0,0,0,
spoken_data_36553.json,c7db5e20-1333-43dc-846c-5b5335eca0d3,893,경기도의회가 만일 이 조례를 제정하지 않으면 다른 시도를 뒤따라가는 것이 될 가능성이 농후합니다.,[],['제정하지 않으면 다'],[],[],[],0,0,0,0,1,0,0,
spoken_data_5420.json,8cd9eacd-6765-4a4c-afec-950155905cf0,3,"예, 기본적으로 이제 더 세계적으로는 3,750, 4,000 이렇게 보통 짓고 있는데 공간이 안 나기 때문에 3,500을 만들 수 있는 방법을 고민하다 보니까 저희 나름대로 방안을 찾는 방법이 되겠습니다.",['공간이 안 나기 때'],[],[],[],[],0,0,1,0,0,0,0,-하기 때문에 -> 명사절 처리
spoken_data_5420.json,8cd9eacd-6765-4a4c-afec-950155905cf0,6,지금 국토부에서는 사실상 여기를 대형 항공기가 뜰 수 있는 관문공항급 되는 공항으로 하고자 하면서도 활주로의 길이뿐만 아니고 유도로 폭도 역시 기준이 안 맞잖아요?,['기준이 안 맞잖아요'],[],[],[],[],0,0,0,0,0,1,0,
spoken_data_5420.json,8cd9eacd-6765-4a4c-afec-950155905cf0,17,실행되지도 않고 실증적이지도 않는 유도 폭을 김해 신공항에만 유독 적용해 보려고 하는 이 무모함이 우려스럽게 생각합니다.,[],"['실행되지도 않고 실증', '실증적이지도 않는 유도']",[],[],[],2,0,0,0,0,0,0,
spoken_data_5420.json,8cd9eacd-6765-4a4c-afec-950155905cf0,23,"그런 걸로 보이고, 그렇게 해서 과연 관문공항이 또 백년대계를 바라볼 공항이 될 수 있다는 게 참, 이게 안 된다고 보이잖아요, 그렇죠?","[', 이게 안 된다고']",[],[],[],[],0,0,0,1,0,0,0,
spoken_data_5420.json,8cd9eacd-6765-4a4c-afec-950155905cf0,32,"그러니까 승학산 쪽에서, 바다 쪽에서 착륙하거나 바다 쪽으로 못 뜨죠?",[],[],['쪽으로 못 뜨죠?'],[],[],0,0,0,0,0,1,0,
spoken_data_5420.json,8cd9eacd-6765-4a4c-afec-950155905cf0,40,그러니까 F 급을 안 하겠다는 이야기입니다.,['F 급을 안 하겠다는'],[],[],[],[],1,0,0,0,0,0,0,
spoken_data_5420.json,8cd9eacd-6765-4a4c-afec-950155905cf0,41,"그러니까 유럽이나 미국으로 바로 워싱턴까지 갈 수 있는 비행기는 안 뜨겠다는 거잖아요, 그렇죠?",['비행기는 안 뜨겠다는'],[],[],[],[],1,0,0,0,0,0,0,
spoken_data_5420.json,8cd9eacd-6765-4a4c-afec-950155905cf0,45,"한쪽에는 3,500m 뜨고 내리는데 이쪽으로 이제 북풍이 안 불 때는 3,200m에서 뜨고 내리겠다는 그게 말이 되는 소리입니까, 그게?",['북풍이 안 불 때는'],[],[],[],[],1,0,0,0,0,0,0,
spoken_data_5420.json,8cd9eacd-6765-4a4c-afec-950155905cf0,46,"예, 전용…
본 위원이 보기에는 그거는 전혀 생각, 말이 안 되는 소리라고 생각하는데.","[', 말이 안 되는 소']",[],[],[],[],1,0,0,0,0,0,0,
spoken_data_5420.json,8cd9eacd-6765-4a4c-afec-950155905cf0,47,"F 급이 만약에 그게 3,500이 되면 V 활주로를 전용으로 쓰고 이제 F 급의 항공기는 실제적으로 그렇게 많이 여객기가 많이 오지 않을 거기 때문에 그거는 이제 융통성을 발휘하면 가능, 가능한…
방향성이 맞을 때만 우연히 한 번 쓸 수 있는 거잖아요, 그렇죠?",[],['많이 오지 않을 거기'],[],[],[],1,0,0,0,0,0,0,
spoken_data_5420.json,8cd9eacd-6765-4a4c-afec-950155905cf0,49,"그러니까 현실적으로 어려울 것이라는 생각이 들고 F 급의 항공기가 뜨고 내리지 못할 바에는 관문 항공이 아니잖아요, 그렇죠?",[],[],[],['고 내리지 못할 바에'],[],1,0,0,0,0,0,0,
spoken_data_5420.json,8cd9eacd-6765-4a4c-afec-950155905cf0,50,"거점공항밖에 안 되는 것이고 어차피 뭐 하와이 정도 좀 여행 갈 수 있는 정도의 공항밖에는 아니잖아요, 그렇죠?",['공항밖에 안 되는 것'],[],[],[],[],1,0,0,0,0,0,0,
spoken_data_5420.json,8cd9eacd-6765-4a4c-afec-950155905cf0,52,"그런 면에서 이것은 사실상 어떻게 보면 뭐 그 정도 할 거 같으면 사실은 안 만들어도 되잖아, V자, 그렇죠?",['사실은 안 만들어도'],[],[],[],[],0,1,0,0,0,0,0,
spoken_data_5420.json,8cd9eacd-6765-4a4c-afec-950155905cf0,54,"아, 지금은 슬롯이 부족해서 가고 싶어도 못 갑니다.",[],[],['싶어도 못 갑니다.'],[],[],0,0,0,0,0,1,0,
spoken_data_5420.json,8cd9eacd-6765-4a4c-afec-950155905cf0,58,"화물항공기가 전혀 뜨지 못하는, 취항이 안 돼 있죠, 김해공항에는?",['취항이 안 돼 있죠'],[],[],"['전혀 뜨지 못하는,']",[],1,0,0,0,0,1,0,
spoken_data_5420.json,8cd9eacd-6765-4a4c-afec-950155905cf0,59,"제가 보기에는, 듣기로는 화물항공기는 전혀 들어오지 않는 걸로 저는 알고 있습니다.",[],['들어오지 않는 걸로'],[],[],[],1,0,0,0,0,0,0,
spoken_data_5420.json,8cd9eacd-6765-4a4c-afec-950155905cf0,71,오지 못하고 전부 다 인천으로 다 가는…,[],[],[],['오지 못하고 전'],[],0,0,0,0,0,1,0,
spoken_data_5420.json,8cd9eacd-6765-4a4c-afec-950155905cf0,73,"그래서 인천공항이 중요하고 예를 들면 외국인 투자도 여기에는 잘 안되는 것이고 사실 외국에는 본사라든지는 외국인들이 여기에서 거주할 수 있는 여건 자체도 안 되고 그런 첨단산업이 발전할 기반이 없잖아요, 사실은?",['자체도 안 되고 그'],[],[],[],[],0,0,0,0,0,1,0,
spoken_data_5420.json,8cd9eacd-6765-4a4c-afec-950155905cf0,79,"뭐 인천을 가서 갈아타고 가시든 간사이를 가서 갈아타고 가시든 이렇게 해야 되기 때문에 상당히 좀 문제가 있다…
그래서 저희들이 이제 국제적인 행사라든지 아니면 손님 초청하기가 아주 힘든 상황입니다.",[],[],[],[],[],0,0,0,0,0,0,0,
spoken_data_5420.json,8cd9eacd-6765-4a4c-afec-950155905cf0,81,"어쨌든 새로운 공항의 중점 방점은 비즈니스에 달려있고 사람에 달려있다고 본 위원은 보기 때문에 그 기능을 하지 못할 거 같으면 어떤 면에서는 또 다른 국력 낭비일 수가 있고, 그런 공항에 대해서는 단호하게 반대하는 입장을 가지겠습니다, 본 위원은.",[],[],[],['능을 하지 못할 거'],[],1,0,0,0,0,0,0,
spoken_data_5420.json,8cd9eacd-6765-4a4c-afec-950155905cf0,86,"아닙…
지금 현재 활주로에서 슬롯을 증대시키지 못하는 이유가 운행 제한 시간 때문에 그렇습니까?",[],[],[],['증대시키지 못하는 이'],[],1,0,0,0,0,0,0,
spoken_data_5420.json,8cd9eacd-6765-4a4c-afec-950155905cf0,89,커퓨타임이 되면 시간당 슬롯을 합치다 보면 우리가 운행 못 하는 시간이 있으니까 총 슬롯 횟수가 증가를 못 한다 이 말씀입니다.,[],[],"['가 운행 못 하는 시', '증가를 못 한다 이']",[],[],2,0,0,0,0,0,0,못 한다 이 말씀 -> 못 한다는 말씀입니다
spoken_data_5420.json,8cd9eacd-6765-4a4c-afec-950155905cf0,101,그거는 아마 비교 대상 자체가 좀 힘든데 이주 법적으로 안 되는 게 있고 그게 만약에 법적으로 가능하다면 돈은 얼마 안 드는 걸로 알고 있습니다.,"['법적으로 안 되는 게', '은 얼마 안 드는 걸']",[],[],[],[],2,0,0,0,0,0,0,
spoken_data_5420.json,8cd9eacd-6765-4a4c-afec-950155905cf0,112,"지금 국토부에서는 김해 신공항 사업으로 해서 목표는 2026년을 잡고 있는데 제가 판단했을 때는 소음 문제, 안전 문제로 인해서 김해지역은 아주 강력하게 반대하고 있기 때문에 국토부가 사업을 갖다가 외부에 용역을 줘서 기본계획을 하는 거라든지 기본설계라든지 실시설계까지는 반대가 있더라도 진행이 될 수 있을지 모르지만 공사가 들어가는 단계가 되면 주민들이 그냥 있지 않을 거기 때문에 사업이 제대로 2026년까지 개항을 맞추기가 쉽지 않을 것이다",[],"['그냥 있지 않을 거기', '기가 쉽지 않을 것이']",[],[],[],2,0,0,0,0,0,0,
spoken_data_5420.json,8cd9eacd-6765-4a4c-afec-950155905cf0,122,"다만 국토부에서 지금 진행되는 용역이라는 것이 저희들 원하는 그런 미래공항, 먹고 살 수 있는 그런 공항이 될 수 없다고 판단하기 때문에 지금 다툼이 있고 의견이 일치되지 않는 상황이기 때문에 국토부가 거기서 귀를 기울이지 않고 있기 때문에 저희들이 그러한 부분을 갖다가 전략적으로 취하는 스탠스가 상대적으로 왔다 갔다 하다 보니까 지금은 이렇게 생각했지만 그다음에 또 대응이 다르면 또 입장이 바뀌는 부분이 있고 이렇기 때문에 그런 부분을 세세히 설명을 못 드린다 이런 말씀이 되겠습니다.",[],"['일치되지 않는 상황', '기울이지 않고 있기']",['설명을 못 드린다'],[],[],2,1,0,0,0,0,0,못 드린다 이런 말씀 -> 관형절
spoken_data_5420.json,8cd9eacd-6765-4a4c-afec-950155905cf0,136,"예. 제가…
그리고 기본적으로 아까 말씀하신, <NAME> 위원님께서 말씀한 부분은 제가 그렇게 생각을 하기 때문에 지금 고민하는 부분들이 깊어지고 제대로 된 공항이 돼야 되고 그런데 국토부가 만약에 그런 공항을 갖다 고민하고 그렇게 만들려 하고 있다면 저희들 반대하면 안 되지",['반대하면 안 되지'],[],[],[],[],0,0,0,0,0,1,0,
spoken_data_5420.json,8cd9eacd-6765-4a4c-afec-950155905cf0,139,"그렇다면 이 대응논리에서 제가 이야기하는 요지는 국토교통부는 아까도, 한 번 더 강조하지만 뼛속까지 오직 인천공항 외에는 눈에 안 보여요.",['는 눈에 안 보여요.'],[],[],[],[],0,0,0,0,0,1,0,
spoken_data_5420.json,8cd9eacd-6765-4a4c-afec-950155905cf0,151,"또 두 번째 김해, 양산, 예를 들어서 왜 창원시가 묵묵히 침묵을 지키느냐, 창원에 산업단지 기능도 있고 국제공항 수요 도 있는데 창원도 좀 끌어 가지고 인접 지역에 더 힘을 합해 가지고 필요성, 시급성 또 아까 김해공항이 안 되는 논리도 알잖아요?",['해공항이 안 되는 논'],[],[],[],[],1,0,0,0,0,0,0,
spoken_data_5420.json,8cd9eacd-6765-4a4c-afec-950155905cf0,174,그러면 부산의 김해공항은 1%밖에 처리 안 하잖아요?,['에 처리 안 하잖아요'],[],[],[],[],0,0,0,0,0,1,0,
spoken_data_5420.json,8cd9eacd-6765-4a4c-afec-950155905cf0,179,"그거 가지고는 동북아의 해양수도 그다음에 신북방 정책을 추진하는 데 기본 여건, 조건이 전혀 충족이 안 됩니다.",['충족이 안 됩니다.'],[],[],[],[],0,0,0,0,0,1,0,
spoken_data_5420.json,8cd9eacd-6765-4a4c-afec-950155905cf0,181,"지금 지역 이기주의로 가서는 안 되는데, 한 가지만, 이기주의로 가서는 안 되는데 지금 우리가 부산권 지역민들의 약 절반 이상이 경남권을 본적으로 합니까?","['가서는 안 되는데,', '가서는 안 되는데']",[],[],[],[],0,0,0,0,2,0,0,
spoken_data_5420.json,8cd9eacd-6765-4a4c-afec-950155905cf0,184,그러면 앞으로 이것도 지역 분쟁의 소지가 있을 수 있으니까 김해공항 명칭을 쓰지 말고 지금 현재 우리 용역이고 앞으로 모든 계획에서는 기존 부산공항 해가 괄호 열고 김해공항으로 그렇게 표현하는 게 낫지 않을까요?,[],[],[],[],['칭을 쓰지 말고 지금'],0,0,0,0,0,1,0,
spoken_data_5420.json,8cd9eacd-6765-4a4c-afec-950155905cf0,186,"하여튼 고민, 제가 시간을 너무 많이 차지해서 죄송합니다만 이렇게 국토교통부가 지방을 홀대하고 그다음에 지방분권에 반하는 그런 국민의, 국가 균형 발전 이런 것도 없이 끝까지 이렇게 수도권 인천공항만 이렇게 추진한다면 지금까지 철도, 항만 모든 핵심 국가 기반 인프라에 국가적 기능을 다하고 있는 부산에 24시간 공항을 안 준다면 아예 모든 거를 포기하고 독립국가로 가야 된다 봅니다.",['공항을 안 준다면'],[],[],[],[],0,0,0,0,1,0,0,
spoken_data_5420.json,8cd9eacd-6765-4a4c-afec-950155905cf0,189,"그렇지 않고는 이게 도대체 공항만큼은 공급이, 다시 마지막입니다.",[],['그렇지 않고는 이'],[],[],[],0,0,0,0,1,0,0,
spoken_data_5420.json,8cd9eacd-6765-4a4c-afec-950155905cf0,207,그때 너무 비행기를 이용을 안 해서 잘 모르겠습니다.,['이용을 안 해서 잘'],[],[],[],[],0,1,0,0,0,0,0,
spoken_data_5420.json,8cd9eacd-6765-4a4c-afec-950155905cf0,208,예. 그 당시에는 워커 출신들이 정권을 잡아 가지고 가라 하면 가고 오라 하면 오고 그런 상황이었고 지금 하고 비교해 보면 PK가 있고 TK가 있고 이러다 보니까 이게 진행이 잘 안되고 국토부에서 결정을 못 하는 겁니다.,[],[],['결정을 못 하는 겁'],[],[],1,0,0,0,0,0,0,
spoken_data_5420.json,8cd9eacd-6765-4a4c-afec-950155905cf0,211,"예, 이것도 앞에 저희들이 할 때도 부·울·경도 서로 의논이 안 되고 합의가 안 돼 가지고 지금까지 온 겁니다.","['의논이 안 되고 합', '합의가 안 돼 가지']",[],[],[],[],0,2,0,0,0,0,0,
spoken_data_5420.json,8cd9eacd-6765-4a4c-afec-950155905cf0,227,그런데 이게 우리 앞에 위원님들 지적을 했지만 관문공항이 되려 하면 24시간 떠야 되는데 이래나 저래 나 24시간 못 뜨잖아요?,[],[],['24시간 못 뜨잖아요'],[],[],0,0,0,0,0,1,0,
spoken_data_5420.json,8cd9eacd-6765-4a4c-afec-950155905cf0,228,그러면 관문공항이 안 되잖아요?,['문공항이 안 되잖아요'],[],[],[],[],0,0,0,0,0,1,0,
spoken_data_5420.json,8cd9eacd-6765-4a4c-afec-950155905cf0,234,"제가 봤을 때는…
그 말 맞나, 안 맞나 이 이야기만 하면, 그 안 되잖아요, 그렇죠?","['맞나, 안 맞나 이', '면, 그 안 되잖아요']",[],[],[],[],0,0,1,0,0,1,0,
spoken_data_5420.json,8cd9eacd-6765-4a4c-afec-950155905cf0,235,안 되는 걸 자꾸 이야기를 하면 안 되잖아요.,['를 하면 안 되잖아요'],[],[],[],[],0,0,0,0,0,1,0,
spoken_data_5420.json,8cd9eacd-6765-4a4c-afec-950155905cf0,236,"뭐…
안 되기 때문에 지금 이렇게 조목조목 준비를 해서…
그래 안 되는 건 안 된다고 이야기를 해가지고 그러면 이거는 김해는 관문공항이 안 되니까 가덕으로 가야 된다 하든지 이래 이야기를 해야 되는데 이제 자꾸 대답이 지금 좀 그렇잖아요?","['…\n그래 안 되는 건', '되는 건 안 된다고', '문공항이 안 되니까']",[],[],[],[],1,1,0,1,0,0,0,
spoken_data_5420.json,8cd9eacd-6765-4a4c-afec-950155905cf0,238,이렇게 하고 있기 때문에 그게 아니다 해야 논리적으로 가면 이게 안 되니 그러면 대안이 뭐냐?,['면 이게 안 되니 그'],[],[],[],[],0,1,0,0,0,0,0,
spoken_data_5420.json,8cd9eacd-6765-4a4c-afec-950155905cf0,247,"이 자꾸 바뀌면 안 되잖아요, 이 중요한 걸 갖다가. 이 맞는다고 하는 분은 그 자리에서 계속 추진을 해나가야 되잖아요?",['바뀌면 안 되잖아요'],[],[],[],[],0,0,0,0,0,1,0,
spoken_data_5420.json,8cd9eacd-6765-4a4c-afec-950155905cf0,248,명칭이 아니고 사람이 바뀌면 안 되잖아요?,['바뀌면 안 되잖아요'],[],[],[],[],0,0,0,0,0,1,0,
spoken_data_5420.json,8cd9eacd-6765-4a4c-afec-950155905cf0,254,"공항공사 소관인데, 그러면 시하고 전혀 협의가 안 됩니까?",['협의가 안 됩니까?'],[],[],[],[],0,0,0,0,0,1,0,
spoken_data_5420.json,8cd9eacd-6765-4a4c-afec-950155905cf0,257,"원만, 제가 볼 때 원만히 안 한 것 같은데요.",['원만히 안 한 것'],[],[],[],[],1,0,0,0,0,0,0,
spoken_data_5420.json,8cd9eacd-6765-4a4c-afec-950155905cf0,267,"해운대나 저 영주동이나 이런 데 주로 가는 거고 그거를 서민들이, 시민들이 주로 이용을 많이 안 하더라고요?",['을 많이 안 하더라고'],[],[],[],[],0,0,0,0,0,1,0,
spoken_data_5420.json,8cd9eacd-6765-4a4c-afec-950155905cf0,276,"안 되니까 이제 답답하니까 이제 택시도 타고 가고 자기 승용차도 가져가고 하는데 그러니까 이제 주차장이 모자라고 모자라다 보니까 시에서는 뭐 넓힐 생각을 안 하고 주차요금을 이래 한 50%씩 올려가지고 이제 차를 못 가져오도록 이래 만들었단 말입니다, 맞죠?",['생각을 안 하고 주'],[],['제 차를 못 가져오도'],[],[],0,2,0,0,0,0,0,
spoken_data_5420.json,8cd9eacd-6765-4a4c-afec-950155905cf0,282,"그건 뭐…
적정 그걸 해야 되는데 그게 좀 정책적으로 보면 우리가 땅이 협소하고 공간이 없는데 주차장 공간까지 고려하면서 나갈만한 김해공항 공간이 안 됩니다.",['공간이 안 됩니다.'],[],[],[],[],0,0,0,0,0,1,0,
spoken_data_5420.json,8cd9eacd-6765-4a4c-afec-950155905cf0,283,"그리고 자가용을 가지고서 오는 이제 트렁크 때문에 그렇다면 트렁크를 가지고 온다는 건 궁극적으로 이제 해외여행을 간다는 뜻인데 해외여행을 간다면 기본적으로 3박 4일에서 짧게는, 길게는 일주일 이렇게 되는데 그동안에 이용하지 않는 주차장에 차가 서 있다는 것은 경제적으로 비효율적이다…
지금 이 요금이 이래가지고도 몇 집 못 세워놓습니다.",[],['이용하지 않는 주차'],['몇 집 못 세워놓습'],[],[],1,0,0,0,0,1,0,
spoken_data_5420.json,8cd9eacd-6765-4a4c-afec-950155905cf0,284,그런데 이제 우리 본부장님은 주차요금이 싸니까 안 가져오겠나 하는데 이걸 또 이거 한번 생각해 보세요.,['싸니까 안 가져오겠'],[],[],[],[],0,0,0,1,0,0,0,
spoken_data_5420.json,8cd9eacd-6765-4a4c-afec-950155905cf0,303,지금 저는 현 순간까지 동남권 신공항이 가덕도로 갈 것인지 뭐 밀양으로 갈 것인지 김해공항에 그대로 할 것인지 아직까지 전혀 판단이 안 됩니다.,['판단이 안 됩니다.'],[],[],[],[],0,0,0,0,0,1,0,
spoken_data_5420.json,8cd9eacd-6765-4a4c-afec-950155905cf0,311,국토부 예산 안 내려오면 이거 지금 일 추진 못하는 거 아닙니까?,['부 예산 안 내려오면'],[],[],['일 추진 못하는 거'],[],1,0,0,0,1,0,0,
spoken_data_5420.json,8cd9eacd-6765-4a4c-afec-950155905cf0,333,"지금 그 논리 때문에 이거 자꾸 하지 말자는 거 아닙니까, 그렇죠?",[],[],[],[],['자꾸 하지 말자는 거'],1,0,0,0,0,0,0,
spoken_data_5420.json,8cd9eacd-6765-4a4c-afec-950155905cf0,334,"그렇게 주장을 국토부에서 했고 저희들은 이제 공항공사하고 돈을 그렇게 많이 들이지 않고 지금 당장 불편함을 해소할 수 있는, 공항 그거까지 지을 동안 기다릴 수는 없지 않습니까?",[],['이 들이지 않고 지금'],[],[],[],0,1,0,0,0,0,0,
spoken_data_5420.json,8cd9eacd-6765-4a4c-afec-950155905cf0,336,"새집을 짓는다고 해서 그 비 새는 걸맞으면서 10년 동안 참으라는 것은 말이 안 되는 일이기 때문에…
그래 이제 국토부로 봐서는 3,000억이 장난이 아니다, 이런 뜻이죠?",['은 말이 안 되는 일'],[],[],[],[],1,0,0,0,0,0,0,
spoken_data_5420.json,8cd9eacd-6765-4a4c-afec-950155905cf0,338,지금 이게 결론이 안 나는 바람에 장기간 불편을 겪어야 되고 거기에 대한 비용 손실이 많습니다.,['결론이 안 나는 바'],[],[],[],[],1,0,0,0,0,0,0,
spoken_data_5420.json,8cd9eacd-6765-4a4c-afec-950155905cf0,368,내년도 종지부 안 찍히겠는데요?,['종지부 안 찍히겠는'],[],[],[],[],0,0,0,0,0,1,0,
spoken_data_5420.json,8cd9eacd-6765-4a4c-afec-950155905cf0,392,"결정을 해야 되지, 지금 저는 이 순간까지도 아까 말한 것처럼 가덕인지, 김해인지, 밀양인지 아직 결정이 안 됐다고 생각합니다.",['결정이 안 됐다고'],[],[],[],[],0,0,0,1,0,0,0,
spoken_data_5420.json,8cd9eacd-6765-4a4c-afec-950155905cf0,399,그게 한 2조가 넘게 들어가는데 그게 지금 반영이 안 됐어요.,['반영이 안 됐어요.'],[],[],[],[],0,0,0,0,0,1,0,
spoken_data_5420.json,8cd9eacd-6765-4a4c-afec-950155905cf0,412,나중에 확장할 때 확장도 안 됩니다.,['확장도 안 됩니다.'],[],[],[],[],0,0,0,0,0,1,0,
spoken_data_5420.json,8cd9eacd-6765-4a4c-afec-950155905cf0,419,지금 예비타당성 조사를 면제받지도 못할 가능성이 많습니다.,[],[],[],['면제받지도 못할 가능'],[],1,0,0,0,0,0,0,
spoken_data_5420.json,8cd9eacd-6765-4a4c-afec-950155905cf0,421,그래서 예비타당성에서 경제성 분석을 통과하지 못할 사업 계획을 수립하고 추진하겠다는 것은 제가 볼 땐 좀 안 맞다.,['땐 좀 안 맞다.'],[],[],['통과하지 못할 사업'],[],1,0,0,0,0,1,0,
spoken_data_5420.json,8cd9eacd-6765-4a4c-afec-950155905cf0,423,"예. 그래서 시민들에게 이제 가덕 신공항으로 갈 것이라는 푸른 청사진, 꿈을 불어넣고 나중에 정부에서 너무 극렬히 반대를 하고 지원 안 해준다 하니 어쩔 수 없다, 그대로 김해 신공항으로 그대로 가자, 이런 거는 제발 좀 안 했으면 좋겠습니다.","['고 지원 안 해준다', '제발 좀 안 했으면']",[],[],[],[],0,1,0,1,0,0,0,
spoken_data_5420.json,8cd9eacd-6765-4a4c-afec-950155905cf0,449,"해결 방안이 결국은 가덕으로 가야 된다는 거기 때문에 부·울·경 검증단에서는 1차적으로 김해 신공항 문제가 있기 때문에 지금 국토부에서 추진하는 김해 신공항은 안 된다, 이 결론을 도출하려고 하고 있습니다.","['신공항은 안 된다,']",[],[],[],[],1,0,0,0,0,0,0,신공항은 안 된다는 결론
spoken_data_5420.json,8cd9eacd-6765-4a4c-afec-950155905cf0,456,"질문에 정확한 대답을 안 하셔가지고…
아니, 저는 말씀을 드린 대로 내년쯤에는, 내년에는 결론이 나야 된다는 입장입니다.",['대답을 안 하셔가지'],[],[],[],[],0,0,0,0,1,0,0,
spoken_data_5420.json,8cd9eacd-6765-4a4c-afec-950155905cf0,465,"지금은 부·울·경과같이 힘을 합쳐야 할 시기이기 때문에…
시간이 없어서…
그 부분에 다시 논란을 일으키는 것은 바람직하지 않다고 생각하고 있습니다, 지금 상태에서는.
예. 답변 마 충분하다 생각합니다.",[],['바람직하지 않다고 생'],[],[],[],0,0,0,1,0,0,0,
spoken_data_5420.json,8cd9eacd-6765-4a4c-afec-950155905cf0,499,"자, 그와 못지않게 대응논리에 지금 대통령을 3명이나 배출한 정치적 배경이, 연고든 뭐든. 1명을 배출한 데는 광양항 뭐 하여튼 멋진 어떤 지역 인프라를 갖추는데 3명이나 대통령을 배출한 부산 지역에서 24년 넘게 24시간 국제공항 하나 좀 제대로 갖추지 못하는데, 제 이야기는 정치권에도 매달리세요.",[],['그와 못지않게 대응'],[],"['로 갖추지 못하는데,']",[],0,1,0,0,1,0,0,
spoken_data_5420.json,8cd9eacd-6765-4a4c-afec-950155905cf0,500,물론 협력하고 압니다만 1명이 해 가지고 안 되고 좀 정치권에도 해법을 찾아보는 그런 노력도 우리 신공항 추진본부에서 좀 매달리십시오.,['가지고 안 되고 좀'],[],[],[],[],0,0,0,0,0,1,0,
spoken_data_5420.json,8cd9eacd-6765-4a4c-afec-950155905cf0,504,"그래서 공무원이 정치권을 직접 움직이는 노력도 신공항본부가 사람 23명 적, 이 가지고 예산 뭐 몇 억 안 가지고 움직이기가 한계가 있다 하지 마시고 우리 본부장님이 시민을 대표해서 시장님을 대변해서 좀 보다 능동적으로 나서세요.",['몇 억 안 가지고'],[],[],[],[],0,1,0,0,0,0,0,
spoken_data_5420.json,8cd9eacd-6765-4a4c-afec-950155905cf0,510,"이것이 계속적으로 인천, 서울을 포함한 수도권 지방으로 계속적으로 몰려간다면 산업이나 일자리 이런 것들이, 공항을 포함해서, 그렇게 된다면 지금 현재 우리나라나 전 세계가 당면하고 있는 문제를 아마 못 풀어갈 겁니다.",[],[],['를 아마 못 풀어갈'],[],[],1,0,0,0,0,0,0,
spoken_data_5420.json,8cd9eacd-6765-4a4c-afec-950155905cf0,512,더 이상 질의하실 위원이 안 계시므로 질의 종결을 하도록 하겠습니다.,['위원이 안 계시므로'],[],[],[],[],0,1,0,0,0,0,0,
spoken_data_5420.json,a226866a-1965-4517-be38-7da57b7140aa,566,"구체적으로 그 청년위원회 활동을 어떻게 하고 있는, 제가 알기로는 청년 일자리 분과가 활성화가 아직 안 돼 있는 걸로 알고 있습니다.",['가 아직 안 돼 있는'],[],[],[],[],1,0,0,0,0,0,0,
spoken_data_5420.json,a226866a-1965-4517-be38-7da57b7140aa,584,"예, 그런데 그게 현금가 맞추어가지고 카드가 안 되는 경우에는 또 다르게 하는 방법이 있지 않습니까, 규정상으로.",['카드가 안 되는 경'],[],[],[],[],1,0,0,0,0,0,0,
spoken_data_5420.json,a226866a-1965-4517-be38-7da57b7140aa,585,이런 부분들에 대해서 정확히 전달이 안 된 상황입니까?,['전달이 안 된 상황'],[],[],[],[],1,0,0,0,0,0,0,
spoken_data_5420.json,a226866a-1965-4517-be38-7da57b7140aa,590,국비가 늦게 내려왔을 때 저희들이 모든 이 절차를 산·학 협동 심의회를 거쳐서 추진하게 돼 있는데 그 절차를 거치지 않고 바로 추진한 그런 사례로 지적을 당한 것 같습니다.,[],['를 거치지 않고 바로'],[],[],[],0,1,0,0,0,0,0,
spoken_data_5420.json,a226866a-1965-4517-be38-7da57b7140aa,592,그리고 국비가 바로 내려오지 않는다는 거는 다른 부서들이라든지 센터들도 다 알고 있을 텐데 그런 부분에 대한 대비가 없었던 겁니까?,[],['내려오지 않는다는'],[],[],[],1,0,0,0,0,0,0,
spoken_data_5420.json,a226866a-1965-4517-be38-7da57b7140aa,595,그래서 대개 서면으로 하긴 하는데 그걸 사전에 실시하지 않고 집행한 부분에 대해서 지적을 받은 부분입니다.,[],['실시하지 않고 집행'],[],[],[],0,1,0,0,0,0,0,
spoken_data_5420.json,a226866a-1965-4517-be38-7da57b7140aa,597,그런데 그런 상황에 있어서도 제대로 절차를 이행하지 않은 상황이죠?,[],['이행하지 않은 상황'],[],[],[],1,0,0,0,0,0,0,
spoken_data_5420.json,a226866a-1965-4517-be38-7da57b7140aa,598,일단 그 부분은 그렇지만 어쨌든 이 부분은 우리 시의 보조금 심의를 거치고 난 뒤에 내려온 경우가 되다 보니까 우리도 미처 예상을 하지 못했던 부분입니다.,[],[],[],['상을 하지 못했던 부'],[],1,0,0,0,0,0,0,
spoken_data_5420.json,a226866a-1965-4517-be38-7da57b7140aa,600,"네. 제가 드리고 싶은 말씀은 이제 운영기준이라든지 집행기준이라든지 이런 부분은 되게 기본적인 사항인데 그 부분이 제대로 지켜지지 않아가지고 2017년도에 감사를 이렇게 지적받았다는 것에 대해서 좀 더 경각심을 가지고, 이건 진짜 기본적인 사항입니다.",[],['지켜지지 않아가지고'],[],[],[],0,1,0,0,0,0,0,
spoken_data_5420.json,a226866a-1965-4517-be38-7da57b7140aa,601,다음에는 이런 일이 발생하지 않도록 좀 더 철저한 주의 그리고 감독 부탁드립니다.,[],['발생하지 않도록 좀'],[],[],[],0,1,0,0,0,0,0,
spoken_data_5420.json,a226866a-1965-4517-be38-7da57b7140aa,630,이게 아무리 좋은 제품을 만들고 하더라도 판매가 되지 않고 홍보가 되지 않으면 이게 의미가 퇴색되기 마련입니다.,[],"['매가 되지 않고 홍보', '보가 되지 않으면 이']",[],[],[],0,0,0,0,2,0,0,
spoken_data_5420.json,a226866a-1965-4517-be38-7da57b7140aa,635,"그리고 타깃 고객층을 좀 더 다양화할 수 있는 노력을 하고 있는가 하는 의문이 지금 들어가지고 이런 부분을 좀 고려하셔가지고 한다면 좀 더 발전적인 방향이 되지 않을까 하는 생각이 듭니다.
예. 그래서 그런 부분에 있어서 퓨전 떡 공개강좌 그리고 세미나, 현장 맛 시식회를 통해서 조금 전에 이야기했던 우리 떡이 우리 일반들에게 접목할 수 있도록 그런 부분들 지난해 아, 올해 많이 추진을 했습니다.",[],['향이 되지 않을까 하'],[],[],[],0,0,0,1,0,0,0,
spoken_data_5420.json,a226866a-1965-4517-be38-7da57b7140aa,664,"미국도 뭐 싸고 하여튼 경쟁력으로 따지면 이거는 수입하는 게 더 낫지 생산하는 게 안 맞다, 이제 이렇게 우리가 농업을 생각하기가 쉽습니다.","['하는 게 안 맞다,']",[],[],[],[],0,0,0,1,0,0,0,안 맞다고 생각 -> 인용절
spoken_data_5420.json,a226866a-1965-4517-be38-7da57b7140aa,673,우리나라는 만약에 국가가 전쟁을 벌여도 먹고살게 없어서 수입도 안 되고 그렇죠?,['수입도 안 되고 그'],[],[],[],[],0,0,0,0,0,1,0,
spoken_data_5420.json,a226866a-1965-4517-be38-7da57b7140aa,674,"이제 배가 못 들어오니까 수입도 안 되고 하면 굶어죽을 판인데…
현재 한 600만 섬 재고량이 있기 때문에 항상 거기에 대비를 하고 있습니다.",['수입도 안 되고 하'],[],['제 배가 못 들어오니'],[],[],0,0,0,0,2,0,0,
spoken_data_5420.json,a226866a-1965-4517-be38-7da57b7140aa,677,그래서 이 식량이 바로 안 보인데 그래서 하여튼 일본이 그렇게 치밀하게 그래 계획돼 있는 거 보고 제가 놀랐습니다.,[],[],[],[],[],0,0,0,0,0,0,0,
spoken_data_5420.json,a226866a-1965-4517-be38-7da57b7140aa,696,누구는 좀 친하다고 해외 가고 누구는 열심히 해도 안 보내주고 뭐 예를 들어서.,['히 해도 안 보내주고'],[],[],[],[],0,0,0,0,0,1,0,
spoken_data_5420.json,a226866a-1965-4517-be38-7da57b7140aa,704,보상금은 부산시에서 발주를 했기 때문에 저희들 하나도 못 받았습니다.,[],[],['하나도 못 받았습니'],[],[],0,0,0,0,0,1,0,
spoken_data_5420.json,a226866a-1965-4517-be38-7da57b7140aa,705,"아, 시에서 하는 거기 때문에 시 소관, 산하기관이기 때문에 못 받는다, 그렇죠?",[],[],"['때문에 못 받는다,']",[],[],0,0,0,0,0,1,0,
spoken_data_5420.json,a226866a-1965-4517-be38-7da57b7140aa,720,"이상하게 관에서 하는 모든 발주공사가 우리 아파트를 지어도 평당 지금 470만 원인가 밖에 안 하거든요, 땅값 빼고 건축비만.",['가 밖에 안 하거든요'],[],[],[],[],0,0,0,0,0,1,0,
spoken_data_5420.json,a226866a-1965-4517-be38-7da57b7140aa,729,"지금 이게 합산이 안 돼 있는데 이 금액도 좀 상당히 크다, 그렇죠?",['합산이 안 돼 있는'],[],[],[],[],0,0,0,0,1,0,0,
spoken_data_5420.json,a226866a-1965-4517-be38-7da57b7140aa,778,"아, 말려서 가루화…
굼벵이는 좀 나갑니까, 그러면?
예, 안에는 그게 안 들어 있습니다.",['는 그게 안 들어 있'],[],[],[],[],0,0,0,0,0,1,0,
spoken_data_5420.json,a226866a-1965-4517-be38-7da57b7140aa,794,"원예고등학교나 원예대학이나 이런 쪽을 안 나와도 여기서 이런 소정의 교육을 받고 원예 강사로 활동을 하실 수 있다, 그렇죠?",['런 쪽을 안 나와도'],[],[],[],[],0,1,0,0,0,0,0,
spoken_data_5420.json,a226866a-1965-4517-be38-7da57b7140aa,823,"그래서 우리 10개년 계획 중에서도 여러 가지 단계적 사업비 쭉 있는데 그것에 여러 가지 치유농업 프로그램이라든지 아니면 우리 각 시, 구·군에 맞는 여러 가지 지원 사업들을 더 확대해 나가는 그런 방안들이 10개년 계획 속에 들어 있는 것으로 알고 있습니다.",[],[],[],[],[],0,0,0,0,0,0,0,
spoken_data_5420.json,a226866a-1965-4517-be38-7da57b7140aa,843,예. 어쨌든 농업이나 어업은 우리 지금 현재 사회에서 가장 또 사회적 약자이기도 하고 약화된 부분들이 없지 않아 있지만 어쨌든 명맥을 이어가시고 더 좋은 농업이 발전될 수 있도록 앞으로 많은 노력을 해 주시기를 바라고 또 당부드리겠습니다.,[],['들이 없지 않아 있지'],[],[],[],0,1,0,0,0,0,0,
spoken_data_5420.json,a226866a-1965-4517-be38-7da57b7140aa,852,"실버 푸드는 나이 든 어떤 어르신들이 쉽게 먹을 수 있는, 특히 이빨이 아무래도 약하기 때문에 가루화시킨다든지 아니면 죽화 한다는 어떤 그런 부분을 실버 푸드라 보고 있습니다.",[],[],[],[],[],0,0,0,0,0,0,0,
spoken_data_5420.json,a226866a-1965-4517-be38-7da57b7140aa,860,"아까 게릴라 가드닝을 설명을 해야 아는데 이런 말을 충분히 안 써도 될 것 같은데 앞으로 이런 말을 좀 지양해 주셨으면, 어떻습니까?",['충분히 안 써도 될'],[],[],[],[],0,1,0,0,0,0,0,
spoken_data_5420.json,a226866a-1965-4517-be38-7da57b7140aa,907,"그래서 저희들이 공군부대에 한 4∼5회 정도 계속 공문을 보내서 “이 제약을 좀 풀어 달라.”, 특히 “경기도 파주에 있는 접경 지역도 드론을 띄워서 파종을 하고 농약을 뿌리고 있는데 왜 우리는 안 되느냐?”",['우리는 안 되느냐?'],[],[],[],[],0,0,0,0,0,1,0,
spoken_data_5420.json,a226866a-1965-4517-be38-7da57b7140aa,927,"그런데 예산이 많지 않기 때문에 시범적으로 초등 2개, 중학교 2개를 하는데 교육청으로 공문을 보내 가지고 교육청에서 많은 학교에서 이렇게 신청이 들어옵니다.",[],['산이 많지 않기 때문'],[],[],[],0,0,1,0,0,0,0,-기 때문: 명사절
spoken_data_5420.json,a226866a-1965-4517-be38-7da57b7140aa,945,그런데 분명히 하고 계시면서도 이 행감자료에 중요하게 다루어지지 않아 가지고 그 부분을 말씀드리는 겁니다.,[],['다루어지지 않아 가지'],[],[],[],0,1,0,0,0,0,0,
spoken_data_5420.json,a226866a-1965-4517-be38-7da57b7140aa,956,그런데 아직 이 한국에서 이제 인식의 전환 부분에 있어서 아직 그만큼 따라 가지 못하고 있는 실정입니다.,[],[],[],['따라 가지 못하고 있'],[],1,0,0,0,0,0,0,
spoken_data_5420.json,a226866a-1965-4517-be38-7da57b7140aa,968,"이 농가들을 대상으로 해서 앞으로 더 많이 친환경 농산물 인증을 받을 수 있도록 교육을 하고 또 저농약, 농약을 치지 않고 할 수 있는 여러 가지 방안들을 교육하고 있습니다.",[],['약을 치지 않고 할'],[],[],[],0,1,0,0,0,0,0,
spoken_data_5420.json,a226866a-1965-4517-be38-7da57b7140aa,969,예. 그 조합들 같은 경우에는 그런 인증 같은 거를 믿지 못해서 이제 조합에서 직접 실험을 하고 조합 마크를 달고 그 조합이 운영하는 데서만 판매를 하거나 농장이랑 직접거래를 하고 그 농장을 주기적으로 모니터링하는 그런 조합들도 많이 있습니다.,[],[],[],['거를 믿지 못해서 이'],[],0,1,0,0,0,0,0,
spoken_data_5420.json,a226866a-1965-4517-be38-7da57b7140aa,977,"그런데 용역을 필요로 한데 아직 전혀 한 적이 없습니까, 안 그러면 요번에만 이게 실적이 없는 겁니까?","['습니까, 안 그러면']",[],[],[],[],0,0,0,0,1,0,0,
spoken_data_5420.json,a226866a-1965-4517-be38-7da57b7140aa,979,그 화장실을 구포시장이라는 그 전체를 같이 시장 화장실을 같이 관리를 해줘야 되기 때문에 그런 용역이 필요했던 부분이고 실제 본 저희 센터 같은 경우는 직원들이나 또 기간제 근로자가 있기 때문에 용역을 통하지 않고 여태까지 저희들이 해왔습니다.,[],['을 통하지 않고 여태'],[],[],[],0,0,0,0,0,1,0,
spoken_data_5420.json,a226866a-1965-4517-be38-7da57b7140aa,981,"그래서 이제 용역기관에 의뢰를 하지 않고 직원들이 이렇게 검토 보고서, 타당성 분석 뭐 예타 분석 다 하지 않습니까?",[],['뢰를 하지 않고 직원'],[],[],[],0,0,0,0,0,1,0,
spoken_data_5420.json,a226866a-1965-4517-be38-7da57b7140aa,988,"그런데 이제 부산 시청에, 본청에 보면 뭐 1년에, 제가 지금 자료 요청을 해놨는데 아직 안 옵니다마는 용역비가 1년에 수백억이 지출이 되는 것 같아요.",['데 아직 안 옵니다마'],[],[],[],[],0,0,0,0,0,1,0,
spoken_data_42327.json,6b5f03bf-0f6c-48b3-9dd7-c689cd5599ba,1,○경기도 평화교육연수원장 <NAME>: 지금 말씀하는 자료를 기억하지 못해서…….,[],[],[],['기억하지 못해서……'],[],0,1,0,0,0,0,0,
spoken_data_42327.json,6b5f03bf-0f6c-48b3-9dd7-c689cd5599ba,12,"몇 분 더 가시면 더 활용을 해야 되는데 이거에 대한 아까도 제가 말씀드렸던 폐교의 문제점에서 나오는 건지 아니면, 그래서 인원이 안 되니까 또 찾아가는 맞춤형 평화교육 운영을 하고 있단 말이죠.",['인원이 안 되니까'],[],[],[],[],0,1,0,0,0,0,0,
spoken_data_42327.json,6b5f03bf-0f6c-48b3-9dd7-c689cd5599ba,40,"그래서도 안 되면, 인원 충당이 50% 이하일 경우 나머지는 지역이나 학생들에게 특화 프로그램으로 전환을 시켜주면 좋지 않겠나","['그래서도 안 되면,']",[],[],[],[],0,0,0,0,1,0,0,
spoken_data_42327.json,6b5f03bf-0f6c-48b3-9dd7-c689cd5599ba,48,2015년 1월은 프로그램이 또 있지만 2014년 1월에도 그랬고 2015년 1월에도 연수가 그렇게 꽉 차 있는 것 같지는 않습니다.,[],['것 같지는 않습니다.'],[],[],[],0,0,0,0,0,1,0,
spoken_data_42327.json,6b5f03bf-0f6c-48b3-9dd7-c689cd5599ba,75,○경기도립과천도서관장 <NAME>: 제가 8월 1일부로 부임해서 보니까 도서관 운영위원회를 한 번도 개최를 안 했던 그런 상황이었습니다.,['개최를 안 했던 그'],[],[],[],[],1,0,0,0,0,0,0,
spoken_data_42327.json,6b5f03bf-0f6c-48b3-9dd7-c689cd5599ba,78,"○<NAME> 위원: 그러면 그 운영위원회 구성된 명단과 또, 일부 자료에는 좀 있는데 도서관의 어떤 기능이나 또는 협의회 중에서 가장 법에, 조례에도 되어 있는 내용이기 때문에 운영위원회와 잘 협의해서 아까 말씀드렸던 주차장 문제 이런 부분들은 사실 운영위원회에서 같이 관장님과 협의를 하셔서 또 MOU도 한 개 대학만 되어 있는데 MOU도 같이 하면, 제가 말씀드린 건 이제는 도서관도 지역사회와 같이 갔으면 좋겠다는 말씀에서 운영위원회를 좀 보강해 주시고 분기별이나 아니면 상반기·하반기로 해서 업무보고도 하시고 이러이런 문제점이 있을 때같이 요구를 할 수 있는 그런 체계가 필요하지 않을까 생각이 되고요.",[],['필요하지 않을까 생'],[],[],[],0,0,0,1,0,0,0,
spoken_data_42327.json,6b5f03bf-0f6c-48b3-9dd7-c689cd5599ba,80,"그래서 아마 시끄럽고 여러 가지 자료도 그렇게 되어 있는데 이용할 때 보면 그냥 “누구나”라고 되어 있지 대상을 잘 구분하지는 않습니다, 일부 지금. 그래서 그것도 한번 검토를 해주셨으면 좋겠고요.",[],"['구분하지는 않습니다,']",[],[],[],0,0,0,0,0,1,0,
spoken_data_42327.json,6b5f03bf-0f6c-48b3-9dd7-c689cd5599ba,143,2시 54분에 전화를 했는데 전화를 안 받아요.,['전화를 안 받아요.'],[],[],[],[],0,0,0,0,0,1,0,
spoken_data_42327.json,6b5f03bf-0f6c-48b3-9dd7-c689cd5599ba,149,"전화도 안 받고 모든 것은 과천도서관에 사물함 몇 번, 누구, 입금계좌 뭐.",['전화도 안 받고 모'],[],[],[],[],0,0,0,0,0,1,0,
spoken_data_42327.json,6b5f03bf-0f6c-48b3-9dd7-c689cd5599ba,154,"○경기도립과천도서관장 <NAME>: 지금 일단은 과천도서관 이용자가 우선이기 때문에 이 사물함에 대해서 어떤 지금 위원님께서 지적하신 그런 불편한 점은 지금 다른 도서관은 우리보다 어떻게 더 낫게 진행되는, 운영되는 도서관을 벤치마킹해서 지금 말씀하시는 자물통 교체비도 1만 5,000원으로 폭리라든가 아니면 전화를 즉시 안 받는 그런 문제는 우리보다 더 잘하고 있는 데는 어딘지를 한번 벤치마킹해서 개선하도록 하겠습니다.",['를 즉시 안 받는 그'],[],[],[],[],1,0,0,0,0,0,0,
spoken_data_42327.json,6b5f03bf-0f6c-48b3-9dd7-c689cd5599ba,157,매점 가서 식사도 한번 해 보시고 정말 청량음료 안 파나 한번 보고 규정대로 하고 있는지 보시는 거예요.,['청량음료 안 파나 한'],[],[],[],[],0,0,1,0,0,0,0,
spoken_data_42327.json,6b5f03bf-0f6c-48b3-9dd7-c689cd5599ba,162,그렇기 때문에 더 이상 말씀 안 드리겠습니다.,['상 말씀 안 드리겠습'],[],[],[],[],0,0,0,0,0,1,0,
spoken_data_42327.json,6b5f03bf-0f6c-48b3-9dd7-c689cd5599ba,176,거기까지는 확인을 못 했습니다.,[],[],['확인을 못 했습니다'],[],[],0,0,0,0,0,1,0,
spoken_data_42327.json,6b5f03bf-0f6c-48b3-9dd7-c689cd5599ba,198,경기도 평화교육연수원은 시행규칙 15조 16조에 나와 있지 않다,[],['나와 있지 않다'],[],[],[],0,0,0,0,0,1,0,
spoken_data_42327.json,6b5f03bf-0f6c-48b3-9dd7-c689cd5599ba,208,"조직과 기관의 설립 근거, 존립 근거와 관련된 것인데 그 연혁이 내부에서 면밀하게 이력 관리가 안 되고 있는 것이다.",['관리가 안 되고 있'],[],[],[],[],1,0,0,0,0,0,0,
spoken_data_42327.json,6b5f03bf-0f6c-48b3-9dd7-c689cd5599ba,209,"자료 제출할 때도 신중하게 이런 부분을 파악하지 못하고 제출해서 상당히 자료를 받아보고는 당사자로서, 의원으로서 극심한 혼란을 겪었습니다.",[],[],[],['파악하지 못하고 제'],[],0,1,0,0,0,0,0,
spoken_data_42327.json,6b5f03bf-0f6c-48b3-9dd7-c689cd5599ba,211,"○경기도 평화교육연수원장 <NAME>: 네, 위원님께서 지적해 주신 아주 날카로운 지적, 저희가 미처 설치조례나 근거에 대해서 숙지하지 못하고 이 자리에 서서 죄송하게 생각합니다.",[],[],[],['숙지하지 못하고 이'],[],0,1,0,0,0,0,0,
spoken_data_42327.json,6b5f03bf-0f6c-48b3-9dd7-c689cd5599ba,213,○<NAME> 위원: 단순 오타였다면 넘어갈 수 있는 상황입니다마는 그렇지 않다고 해서 제가 굳이 추가 질의 시간에 말씀을 드린 것이고요.,[],['는 그렇지 않다고 해'],[],[],[],0,0,0,1,0,0,0,
spoken_data_42327.json,6b5f03bf-0f6c-48b3-9dd7-c689cd5599ba,214,아울러서 차제에 이런 일이 재연되지는 않겠습니다마는 차제에 이런 표현들이 불필요한 오해를 야기하고 있습니다.,[],['재연되지는 않겠습니다'],[],[],[],0,0,0,0,0,1,0,
spoken_data_42327.json,6b5f03bf-0f6c-48b3-9dd7-c689cd5599ba,218,저희가 미처 발견하지 못한 부분 날카롭게 지적해 주셔 갖고 저희 기관을 바로 세우는 데 도움이 되겠습니다.,[],[],[],['발견하지 못한 부분'],[],1,0,0,0,0,0,0,
spoken_data_42327.json,6b5f03bf-0f6c-48b3-9dd7-c689cd5599ba,244,"○<NAME> 위원: 한 3년 지났죠, 벌써. 이력 관리가 안 되니까 지금도 경기도립도서관 운영위원회 구성 및 운영에 관한 조례에서는 교육청 행정기구 설치조례 33조를 인용하고 있습니다.",['관리가 안 되니까'],[],[],[],[],0,0,0,0,1,0,0,
spoken_data_42327.json,6b5f03bf-0f6c-48b3-9dd7-c689cd5599ba,245,"이 지체가 발생해 가지고 운영위원회 설치 근거가 행정기구에 없는 교육, 평생교육 학습관을 근거로 인용을 하고 있는 웃지 못할 해프닝이 발생하고 있는 것이죠.",[],[],[],['있는 웃지 못할 해프'],[],1,0,0,0,0,0,0,
spoken_data_42327.json,6b5f03bf-0f6c-48b3-9dd7-c689cd5599ba,246,"○<NAME> 위원: 그래서 이것은 이른 시일 내에 평생학습과에서 개정안을 제출하시든지 아니면은 타 조례 개정으로 의제처리를 하셔서, 이건 단순한 거니까, 그렇죠?",[],[],[],[],[],0,0,0,0,0,0,0,
spoken_data_42327.json,6b5f03bf-0f6c-48b3-9dd7-c689cd5599ba,256,○<NAME> 위원: 5분 안 걸려도 될 것 같습니다.,[': 5분 안 걸려도'],[],[],[],[],0,1,0,0,0,0,0,
spoken_data_42327.json,6b5f03bf-0f6c-48b3-9dd7-c689cd5599ba,289,○<NAME> 위원: 민원이 이런 청결 문제에 대두되지 않도록 관장님이 최선의 노력을 부탁드리겠습니다.,[],['대두되지 않도록 관'],[],[],[],0,1,0,0,0,0,0,
spoken_data_42327.json,6b5f03bf-0f6c-48b3-9dd7-c689cd5599ba,341,더 이상 질의하실 위원님 안 계십니까?,['위원님 안 계십니까'],[],[],[],[],0,0,0,0,0,1,0,
spoken_data_42327.json,6b5f03bf-0f6c-48b3-9dd7-c689cd5599ba,343,○감사 1반장 <NAME>: 이런 일은 다시 재발되지 않도록 사업에 만전을 기해 주시고요.,[],['재발되지 않도록 사'],[],[],[],0,1,0,0,0,0,0,
spoken_data_42327.json,6b5f03bf-0f6c-48b3-9dd7-c689cd5599ba,344,전산장비 유지 보수 사업 소홀은 기술사용 협약 체결이 완결되지 않은 상태로 입찰을 했을 때 계속 생겼었습니다.,[],['완결되지 않은 상태'],[],[],[],1,0,0,0,0,0,0,
spoken_data_42327.json,6b5f03bf-0f6c-48b3-9dd7-c689cd5599ba,347,○감사 1반장 <NAME>: 계약에는 만전을 기하셔서 이런 업무에 혼란이 오지 않도록 준비를 철저히 해주시기를 바랍니다.,[],['란이 오지 않도록 준'],[],[],[],0,1,0,0,0,0,0,
spoken_data_42327.json,00d295b5-3c48-4a32-878a-5db1a07a347c,388,지방자치법 제41조제5항의 규정에 의거 만약 증인이 허위 증언을 할 때에는 고발될 수 있으며 출석을 요구받은 증인이 정당한 사유 없이 출석하지 아니하거나 증언을 거부한 때에는 500만 원 이하의 과태료를 부과할 수 있음을 알려드립니다.,[],['출석하지 아니하거나'],[],[],[],1,0,0,0,0,0,0,
spoken_data_42327.json,00d295b5-3c48-4a32-878a-5db1a07a347c,462,천삼백만 경기도민의 행복과 연천교육 발전을 위해 관심과 지원을 아끼지 않으시는 경기도의회 교육위원회 <NAME> 위원장님을 비롯한 여러 위원님들께 연천교육가족을 대표하여 진심으로 감사드립니다.,[],['을 아끼지 않으시는'],[],[],[],1,0,0,0,0,0,0,
spoken_data_42327.json,00d295b5-3c48-4a32-878a-5db1a07a347c,475,생동하는 행복 연천교육 실현을 위하여 단 한 명의 아이도 포기하지 않는 연천교육 등 8개의 약속을 선정하여 실천하고 있는데 그 내용은 보고서 9쪽을 참고해 주시기 바랍니다.,[],['포기하지 않는 연천'],[],[],[],1,0,0,0,0,0,0,
spoken_data_42327.json,00d295b5-3c48-4a32-878a-5db1a07a347c,488,교원 전문성 함양을 위한 교과교육연구회와 배움과 실천 공동체 운영 10개 교에 대해 지원을 함으로써 단 한 명의 아이도 포기하지 않는 책임교육을 실현하고자 노력하고 있습니다.,[],['포기하지 않는 책임'],[],[],[],1,0,0,0,0,0,0,
spoken_data_42327.json,00d295b5-3c48-4a32-878a-5db1a07a347c,526,질의 답변은 일문일답<NAME>으로 진행하고 질의시간은 사전에 위원님들과 협의한 대로 본 질의는 20분으로 하고 시간 내에 질의를 다 하지 못한 경우 추가 질의 시간을 드리도록 하겠습니다.,[],[],[],['다 하지 못한 경우'],[],1,0,0,0,0,0,0,
spoken_data_42327.json,00d295b5-3c48-4a32-878a-5db1a07a347c,538,우리 연천교육지원청이 위치하고 있는 지리적 여건은 위원님께서 방금 말씀하다시피 거의가 접경 지역에 해당되는 학교들이기 때문에 주민들 자체가 생활이 불편해서 많이 떠나는 분들도 있고 또 여러 가지 교육 환경이 적합지 못해서 학생들이 떠나는 경우가 많이 있습니다.,[],[],[],['이 적합지 못해서 학'],[],0,0,0,0,1,0,0,
spoken_data_42327.json,00d295b5-3c48-4a32-878a-5db1a07a347c,544,"타 학교에서는 안 오고 있습니까, 타 지역에선?",['교에서는 안 오고 있'],[],[],[],[],0,0,0,0,0,1,0,
spoken_data_42327.json,00d295b5-3c48-4a32-878a-5db1a07a347c,550,○<NAME> 위원: 본 위원이 말씀드리고자 하는 것은 소규모 학교 살리기 위해서 타 지역에 있는 학생들을 연천지역으로 통학버스를 운영해서 예산을 낭비하고 지역의 어떤 발전을 도모하지 못하고 있다.,[],[],[],['도모하지 못하고 있'],[],0,0,0,0,0,1,0,
spoken_data_42327.json,00d295b5-3c48-4a32-878a-5db1a07a347c,554,또 한쪽으로만 지원이 되다 보니까 운동장이라든가 또는 학교 주변 이런 것들이 노후되고 또 그런 것들이 잘 활용되지 않고 있는데 그거에 대해서 어떻게 고민해 보신 적이 있나요?,[],['활용되지 않고 있는'],[],[],[],0,1,0,0,0,0,0,
spoken_data_42327.json,00d295b5-3c48-4a32-878a-5db1a07a347c,576,"○연천교육지원청교육장<NAME>남: 위원님이 지적하시는 그런 부분들이 사실상 우리 교육지원청에서는 지속적인 사업들을 추진해서 보완하려고 하지만 예산이 충분히 반영되지 않는 부분이 있고 특히 연천군청 같은 경우는 전곡초에 그런 시설 환경개선 사업 예산보다는 운동부 육성, 주로 군수님이 체육에 관심이 많으셔서 운동부 육성 쪽으로 지원을 지금 중점적으로 하시고 있기 때문에 앞으로 시설 환경개선 보완에 더욱 협조를 요청해야 될 것으로 생각이 됩니다.",[],['반영되지 않는 부분'],[],[],[],1,0,0,0,0,0,0,
spoken_data_42327.json,00d295b5-3c48-4a32-878a-5db1a07a347c,577,"○<NAME> 위원: 그래서 이제 소규모 학교라든가 도교육청 지원 사업 확대도 있고 대응투자도 있는데 제일 중요한 게 학생들의 행복권을 주장하기 위해서는 어떻게 보면 역차별 당하지 않도록 노후된 시설이라든가, 거기 안에 들어가면 컴퓨터라든가 이런 것들도 더…….",[],['별 당하지 않도록 노'],[],[],[],0,1,0,0,0,0,0,
spoken_data_42327.json,00d295b5-3c48-4a32-878a-5db1a07a347c,579,안에는 제가 들어갈 수 없어서 못 찍었습니다마는.,[],[],['없어서 못 찍었습니'],[],[],0,0,0,0,0,1,0,
spoken_data_42327.json,00d295b5-3c48-4a32-878a-5db1a07a347c,592,○<NAME> 위원: 그런 부분도 중요하지만 연천·파주·김포를 비롯해서 북부지역에는 교원 승진제도가 접경 지역 점수가 부여되지 않기 때문에 전에는 그런 유리한 점도 있었지만 지금 바뀌었죠?,[],['부여되지 않기 때문'],[],[],[],0,0,1,0,0,0,0,-기 때문: 명사절
spoken_data_42327.json,00d295b5-3c48-4a32-878a-5db1a07a347c,606,"그렇기 때문에 오후 시간대에 집에 돌아가지 못하고 거기서 대부분 거주하기 때문에 저녁시간에 많이 쉬는 시간들, 노는, 만나는 시간들이 많아서 자주 음주를 하는 그런 경향들이 있는 것으로 분석이 됐습니다.",[],[],[],['돌아가지 못하고 거'],[],0,0,1,0,0,0,0,-기 때문: 명사절
spoken_data_42327.json,00d295b5-3c48-4a32-878a-5db1a07a347c,618,○<NAME> 위원: 이제 얼마 안 남으셨죠?,['제 얼마 안 남으셨죠'],[],[],[],[],0,0,0,0,0,1,0,
spoken_data_42327.json,00d295b5-3c48-4a32-878a-5db1a07a347c,656,특히 조리사라든가 학생들한테 집중적으로 사고가 나서는 안 된다고 보고 그거에 대한 보건소와 강력한 대처를 해주시길 부탁을 드리면서 요즘 안전 때문에 굉장히 많은 부분들을 고민하고 있습니다.,['나서는 안 된다고'],[],[],[],[],0,0,0,1,0,0,0,
spoken_data_42327.json,00d295b5-3c48-4a32-878a-5db1a07a347c,657,초등학교에서 소화기 분사 사고 30명 병원으로 간 경우도 있고 여러 가지 안전에 대한 불감증이 다시 학생이나 학부모에게 생기지 않도록 안전교육을 비롯해서 그거에 대한 준비를 철저히 해주시기 바랍니다.,[],['게 생기지 않도록 안'],[],[],[],0,1,0,0,0,0,0,
spoken_data_42327.json,00d295b5-3c48-4a32-878a-5db1a07a347c,677,"그 부분들을 두 분 교육장님께서는 한 번쯤 실태조사를 하셔서 거기에 대한 문제점과 대안, 물론 도 본청에서 예산을 세운다 안 세운다 했지만 그거는 별개로 두시고요.",['세운다 안 세운다'],[],[],[],[],0,0,0,1,0,0,0,
spoken_data_42327.json,00d295b5-3c48-4a32-878a-5db1a07a347c,679,"또 한 가지는 체육관을 지역에 개방하지 않고 있는 학교들, 뭐 교육청 몇 개 되지 않습니다마는 그 부분도 그거는 12월 말까지, 지역사회에 연계하는 게 우리 학교가 지금은 같이 가는 거잖아요?",[],"['개방하지 않고 있는', '개 되지 않습니다마']",[],[],[],1,0,0,0,0,1,0,
spoken_data_42327.json,00d295b5-3c48-4a32-878a-5db1a07a347c,680,이 부분에 있어서 현재 지역에 개방하지 않고 있는 학교 거기에 대해서 교육장님들의 능력으로 어찌 됐건 지역에 잘 체육관을 개방할 수 있도록 노력을 해 주셔 가지고 12월 말까지 그거는 노력하셨던 결과를 좀 보고를 해 주시기 바라겠습니다.,[],['개방하지 않고 있는'],[],[],[],1,0,0,0,0,0,0,
spoken_data_42327.json,00d295b5-3c48-4a32-878a-5db1a07a347c,689,이렇게 지을 때 지역에 개방하지 못하는 이유가 통로가 하나라서 그런 거예요.,[],[],[],['개방하지 못하는 이'],[],1,0,0,0,0,0,0,
spoken_data_42327.json,00d295b5-3c48-4a32-878a-5db1a07a347c,706,"○고양교육지원청교육장 <NAME>: 선생님들 연수나 이런 걸 더 강화해서 학생들이, 아이들이 다치지 않도록 그렇게 최선을 다하겠습니다.",[],['이 다치지 않도록 그'],[],[],[],0,1,0,0,0,0,0,
spoken_data_42327.json,00d295b5-3c48-4a32-878a-5db1a07a347c,711,학교에서 어떤 사고가 일어났을 때 최대한 학교 측에서 그런 부분들을 마무리를 잘하지 않고 부모하고 소송까지 간다는 거는 저는 별로 상상하고 싶지 않은 얘기이고 그런 부분들이 예전에 보면 많이들 있었습니다.,[],"['를 잘하지 않고 부모', '하고 싶지 않은 얘기']",[],[],[],1,1,0,0,0,0,0,
spoken_data_42327.json,00d295b5-3c48-4a32-878a-5db1a07a347c,712,고양시가 전년도에는 있었는지 몰라도 현재는 없다고 하니까 하는데 앞으로라도 그런 문제 발생 시 학부모들이 소송까지 일어나는 일은 발생하지 않도록 잘 처리를 해 주십시오.,[],['발생하지 않도록 잘'],[],[],[],0,1,0,0,0,0,0,
spoken_data_42327.json,00d295b5-3c48-4a32-878a-5db1a07a347c,727,서열이라 그러면 좀 이상하고 그런 관계가 원만하지 못한 부분이 좀 문제라고 말씀하시는 건가요?,[],[],[],['원만하지 못한 부분'],[],1,0,0,0,0,0,0,
spoken_data_42327.json,00d295b5-3c48-4a32-878a-5db1a07a347c,729,그런데 저희 교육청은 그렇지 않은데요.,[],['은 그렇지 않은데요.'],[],[],[],0,0,0,0,0,1,0,
spoken_data_42327.json,00d295b5-3c48-4a32-878a-5db1a07a347c,734,잘하고 계시기 때문에 거기까지는 생각을 못 해 봤습니다.,[],[],['생각을 못 해 봤습'],[],[],0,0,0,0,0,1,0,
spoken_data_42327.json,00d295b5-3c48-4a32-878a-5db1a07a347c,772,"그러니까, 그게 무슨 벌점이라고 해서 아이들 인권에 문제가 되거나 그렇지는 않다고 저는 생각하거든요?",[],['나 그렇지는 않다고 저'],[],[],[],0,0,0,1,0,0,0,
spoken_data_42327.json,00d295b5-3c48-4a32-878a-5db1a07a347c,779,"그런데 우리 아이들이 그렇게 받아들이지는 않고 있잖아요, 현실적으로.",[],['받아들이지는 않고 있잖'],[],[],[],0,0,0,0,0,1,0,
spoken_data_42327.json,00d295b5-3c48-4a32-878a-5db1a07a347c,786,이런 생각이 나지 않도록 어찌 됐건 현재는 취소제가 시행이 됐기 때문에 선생님들하고 교장선생님들 계시는데 그 부분에 아이들이 좀 해이해지지 않고 그러면서도 우리 선생님들의 교권이 보호될 수 있는 그런 안 들을 좀 많이 만드셔서 진행을 해 주시기를 부탁드릴게요.,[],"['각이 나지 않도록 어', '해이해지지 않고 그러']",[],[],[],1,0,0,0,1,0,0,
spoken_data_42327.json,00d295b5-3c48-4a32-878a-5db1a07a347c,820,○<NAME> 위원: 그러면 지금 제가 파악하기로는 위기학생 숙려제가 보통 경기도 전체로 봤을 때 40%를 숙려제에 많이 참여토록 하고 있는데 그런데 고양지원청에서는 10%밖에 참여를 못 하는 이유가 있나요?,[],[],['참여를 못 하는 이'],[],[],1,0,0,0,0,0,0,
spoken_data_42327.json,00d295b5-3c48-4a32-878a-5db1a07a347c,821,"○고양교육지원청교육장 <NAME>: 10% 말씀드린 거는 참여했다가 다시 되돌아온 학생, 그러니까 자퇴를 안 한 학생을 말씀드린 거고요.",['자퇴를 안 한 학생'],[],[],[],[],1,0,0,0,0,0,0,
spoken_data_42327.json,00d295b5-3c48-4a32-878a-5db1a07a347c,823,○<NAME> 위원: 숙려제에 많이 참석을 못 하는 것은 물론 본인 의사도 있겠지만 부모나 교육청이나 각종 학교들이 많은 관심을 갖는다 하면 이 모든 프로그램이나 숙려제에 참석해서 학업중단이 더 이상 많은 숫자가 이루어지지 않도록 교육장님은 이거에 대해서 많은 관심과 또 여기에 대한 특별한 프로그램을 더 확대 운영할 계획이 있으신가요?,[],['이루어지지 않도록 교'],['참석을 못 하는 것'],[],[],1,0,0,0,1,0,0,
spoken_data_42327.json,00d295b5-3c48-4a32-878a-5db1a07a347c,838,"아이들의 고민이 성적 고민이나 부모관계 그다음에 교사, 학생과 학교의 친밀한 관계 이런 것에 외로움이나 왕따 등 이런 쪽에 많이 편중되고 있는데 이거에 대한 중점 프로그램에 예산의 편성에 있어서 어떻게 향후 관심을 가져야 되지 않나 하는 생각에서 교육장님한테 말씀드리겠습니다.",[],['져야 되지 않나 하는'],[],[],[],0,0,0,1,0,0,0,
spoken_data_42327.json,00d295b5-3c48-4a32-878a-5db1a07a347c,852,나머지 못 하는 학교들도 개방할 수 있도록 노력하겠습니다.,[],[],['나머지 못 하는 학'],[],[],1,0,0,0,0,0,0,
spoken_data_42327.json,00d295b5-3c48-4a32-878a-5db1a07a347c,856,○<NAME> 위원: 저는 주민한테 개방해서 이용률이 10%도 안 된다고 생각합니다.,['10%도 안 된다고'],[],[],[],[],0,0,0,1,0,0,0,
spoken_data_42327.json,00d295b5-3c48-4a32-878a-5db1a07a347c,909,"또한 장시간 운행하지 않을 때는, 야간일 때는 차고에 입고하게 되어 있고 관용차량은 출퇴근 공무 외에는 사용 제한을, 출퇴근 용도로는 사용을 제한하도록 하고 있는데 교육장님은 제가 관용차량 현황을 받았는데 출퇴근을 한다고 표시가 되어 있습니다.",[],['운행하지 않을 때는'],[],[],[],1,0,0,0,0,0,0,
spoken_data_42327.json,00d295b5-3c48-4a32-878a-5db1a07a347c,912,"교육청은 약 10㎞ 좀 못 되는, 한 9㎞ 정도 되는 연천읍에 가 있는데 이곳은 출퇴근은 가능한 것으로 생각해서 지금 사용하고 있습니다.",[],[],"['0㎞ 좀 못 되는,']",[],[],1,0,0,0,0,0,0,
spoken_data_42327.json,00d295b5-3c48-4a32-878a-5db1a07a347c,979,분구된 지 이번에 얼마 안 됩니다.,['에 얼마 안 됩니다.'],[],[],[],[],0,0,0,0,0,1,0,
spoken_data_42327.json,00d295b5-3c48-4a32-878a-5db1a07a347c,983,○지미연 위원: 그러면 이와 함께 초등학교 주변에 이러한 것이 설치되지 않도록 교육청에서는 강력하게 초기에 대응을 하셨어야 된다는 게 질의의 키포인트입니다.,[],['설치되지 않도록 교'],[],[],[],0,0,0,0,1,0,0,
spoken_data_42327.json,00d295b5-3c48-4a32-878a-5db1a07a347c,984,"못 하신 거예요, 안 하신 거예요?",['안 하신 거'],[],['못 하신 거예요'],[],[],2,0,0,0,0,0,0,
spoken_data_42327.json,00d295b5-3c48-4a32-878a-5db1a07a347c,995,"교장선생님들은 대충 학교 안, 교문 밖에 넘어가는 건 다 지자체 역할이라고 별로 책임감이 없으세요, 그렇지 않으신 분도 계시지만. 그렇다",[],"[', 그렇지 않으신 분']",[],[],[],1,0,0,0,0,0,0,
spoken_data_31301.json,7f7ebc9b-6174-495d-b05e-35ba25f4d177,22,"아 여긴 안 봤어, 이건 못 봤어.","['아 여긴 안 봤어,']",[],"[', 이건 못 봤어.']",[],[],0,0,0,0,0,2,0,
spoken_data_31301.json,7f7ebc9b-6174-495d-b05e-35ba25f4d177,23,설마 소화기 안에 넣진 않았겠지?,[],['안에 넣진 않았겠지?'],[],[],[],0,0,0,0,0,1,0,
spoken_data_31301.json,7f7ebc9b-6174-495d-b05e-35ba25f4d177,33,약간 감이 안 받아들여졌던 거지.,['간 감이 안 받아들여'],[],[],[],[],1,0,0,0,0,0,0,
spoken_data_31301.json,7f7ebc9b-6174-495d-b05e-35ba25f4d177,42,[준 방생]그런데 <NAME> 이가 여기에 안 있었던 이유는 - 시선을 분산시키려고 그랬던 거지.,['여기에 안 있었던'],[],[],[],[],1,0,0,0,0,0,0,
spoken_data_31301.json,7f7ebc9b-6174-495d-b05e-35ba25f4d177,46,- 그리고 우리가 여기서 마피아 못 죽이면 우리가 지는 거잖아.,[],[],['마피아 못 죽이면'],[],[],0,0,0,0,1,0,0,
spoken_data_31301.json,7f7ebc9b-6174-495d-b05e-35ba25f4d177,52,"진짜 큰일 났다, 준비 안 돼있는데.","[', 준비 안 돼있는데']",[],[],[],[],0,1,0,0,0,0,0,
spoken_data_31301.json,7f7ebc9b-6174-495d-b05e-35ba25f4d177,64,[영혼이라 목소리 안 들림]나로 몰아가기 어때?,['목소리 안 들림]나'],[],[],[],[],0,0,0,0,0,1,0,
spoken_data_31301.json,7f7ebc9b-6174-495d-b05e-35ba25f4d177,70,"제발 우리 배신하지 말자, 진짜 배신하지 말자.",[],[],[],[],"['배신하지 말자, 진', '배신하지 말자.']",0,0,0,0,0,2,0,
spoken_data_31301.json,7f7ebc9b-6174-495d-b05e-35ba25f4d177,73,- 내 말에 흔들리지 말고 - 원래 행복한 것도 있어야 돼.,[],[],[],[],['흔들리지 말고 -'],0,0,0,0,0,1,0,
spoken_data_31301.json,7f7ebc9b-6174-495d-b05e-35ba25f4d177,77,아니 우리 같이 앉아 있으면 안 찾아도 되는 거야.,['있으면 안 찾아도'],[],[],[],[],0,1,0,0,0,0,0,
spoken_data_31301.json,cf8a060f-caeb-4b42-ab98-86fa495041eb,101,2021년 전통시장 장바구니 생활화 사업은 가정에서 사용하지 못하는 헌 장바구니 3개를 기증하거나 시장 내에서 2만 원 이상을 받는 새 장바구니를 무료로 제공을 주는 사업입니다.,[],[],[],['사용하지 못하는 헌'],[],1,0,0,0,0,0,0,
spoken_data_31301.json,1c8629c7-cee7-4aba-8629-11142841b1d5,117,같은 경우에는 얼굴형이 길지 않은데 머리형이 긴 몽타주입니다.,[],['형이 길지 않은데 머'],[],[],[],0,1,0,0,0,0,0,
spoken_data_31301.json,1c8629c7-cee7-4aba-8629-11142841b1d5,122,▶기 얼굴형 TIP]일단 구레나룻을 짧게 하지 않는 것이 중요한 것 같아요.,[],['짧게 하지 않는 것이'],[],[],[],1,0,0,0,0,0,0,
spoken_data_31301.json,1c8629c7-cee7-4aba-8629-11142841b1d5,126,제일 하시면 안 되는 게 머리카락 길이가 이 안에 들어가 있다 그러면 얼굴형이 짧게 보일 수가 없어요.,['하시면 안 되는 게'],[],[],[],[],1,0,0,0,0,0,0,
spoken_data_31301.json,1c8629c7-cee7-4aba-8629-11142841b1d5,138,약간 따뜻하고 부드러운 느낌을 연출할 수도 있고 헤어도 요즘 유행하는 펌프로 펌이라든지 아니면 요즘 날씨가 더워져서 이마의 개방감을 주고 싶어 합니다고 가르마 파마이라든지 약간 두 개의 차이가 있긴 한데 따뜻한 곳을 가주면 컬에 생기기 때문에 그 사람의 얼굴형을 보지 않고 다른 걸 보게 된다는 거죠,[],['형을 보지 않고 다른'],[],[],[],1,0,0,0,0,0,0,
spoken_data_31301.json,1c8629c7-cee7-4aba-8629-11142841b1d5,148,앞에서 봤을 때도 여기에 볼륨감 있기 전에 절대 볼륨감이 죽어 보이지 않고 옆에서 봤을 때도 여기만 너무 볼륨감이 있지 못하기 때문에 커버력이 조금 남아 있죠,[],['어 보이지 않고 옆에'],[],['감이 있지 못하기 때'],[],0,0,1,0,0,1,0,-기 때문: 명사절
spoken_data_31301.json,1c8629c7-cee7-4aba-8629-11142841b1d5,156,"그래서 그러데이션도 여기 라인은 진하게 떨어지면서 뒤쪽은 깔끔하게 그러데이션이 되다[그러데이션 넣는 팁!]아, 뒤쪽으로 갈수록 그러데이션이 점점 옅어지게 되고 갈수록 점점 더 짙게 옆에서 봤을 때 말라 보이지 않고 뒤에서 보를 때 목선이 꽉 차 보이고(단점을 보완할 수 잇는 방법!)목선이 꽉 차 보인다!",[],['라 보이지 않고 뒤에'],[],[],[],0,0,0,0,0,1,0,
spoken_data_31301.json,156be43c-8579-4885-a9b4-f50da31837e2,158,어제 5월 15일 일요일에는 일본에서 지진이 몇 번도 발생하지 않았습니다.,[],['발생하지 않았습니다'],[],[],[],0,0,0,0,0,1,0,
spoken_data_31301.json,156be43c-8579-4885-a9b4-f50da31837e2,159,일본에서 지진이 한 번도 발생하지 아니아기는 반년 만의 일입니다.,[],['발생하지 아니아기는'],[],[],[],0,0,1,0,0,0,0,
spoken_data_31301.json,156be43c-8579-4885-a9b4-f50da31837e2,173,하지만 이번 경우는 그 원인을 찾을 수가 없다고 봅니다며 그런데 이번 5월 8일 사고는 요코하마시 나카구 요코하마항구의 기름띠사건과 최근 계속하여 이야기되고 있는 요코하마에서의 이상한 기름 파동과의 연관성이 있는 것인 지에 대하여도 조사해 보아도 아직은 정확한 원인파악이 안 된다 합니다.,['인파악이 안 된다 합'],[],[],[],[],0,0,0,1,0,0,0,
spoken_data_31301.json,156be43c-8579-4885-a9b4-f50da31837e2,177,특히 바닷가 도시라서 고래 사체가 썩는 냄새라거나 플랑크톤이 분해되면서 발생은 냄새라는 분석도 있었지만 분명하지는 않습니다.,[],['분명하지는 않습니다.'],[],[],[],0,0,0,0,0,1,0,
spoken_data_31301.json,4b2d01db-cb00-47ea-afa1-155a2af95879,185,그래서 정말 뭐 기분이 안 좋다거나 우울하다거나 지쳤다던가 아니면 짜증 났던 그런 분들은!!,['기분이 안 좋다거나'],[],[],[],[],1,0,0,0,0,0,0,
spoken_data_31301.json,4b2d01db-cb00-47ea-afa1-155a2af95879,217,난 두렵지 않아 내게 있는 어떠한 시련도 어떠한 고난도 나는 두렵지 못하아 나는 하나도 안 무섭고 나는 하나도 안 두렵고 또는 어떤 고난과 시험과 역경도 다 헤쳐나갈 수가 있을 것이며 왜냐면 난 행운아니까 왜냐면 난 잘고 있으니까 왜냐하면 난 너무 소중하니까 왜냐하면 별거 아니니까 다 둘 다 괜찮으니까 왜냐면 난 인생의 주인공이니까 따라 하고 있어?,"['하나도 안 무섭고', '하나도 안 두렵고']",['난 두렵지 않아 내게'],[],['는 두렵지 못하아 나'],[],0,0,0,0,0,4,0,
spoken_data_31301.json,4b2d01db-cb00-47ea-afa1-155a2af95879,229,"멕시코인들은 지지 않는데요,,",[],"['들은 지지 않는데요,']",[],[],[],0,0,0,0,0,1,0,
spoken_data_31301.json,4b2d01db-cb00-47ea-afa1-155a2af95879,235,안 들었어 입 냄새 때문에 못 들었어,['안 들었어'],[],['때문에 못 들었어'],[],[],0,0,0,0,0,2,0,
spoken_data_31301.json,4b2d01db-cb00-47ea-afa1-155a2af95879,236,뭐라고 입술 냄새나서 못 들었어 안 드 리 안 들 리 안 들 리 네,"['들었어 안 드 리', '드 리 안 들 리', '들 리 안 들 리']",[],['냄새나서 못 들었어'],[],[],0,0,0,0,0,4,0,
spoken_data_31301.json,4b2d01db-cb00-47ea-afa1-155a2af95879,242,안 들 리 못 들 리 에베베베 어쩌라고 하시는 여러분 어떠셨어요. 😳,['안 들 리'],[],['들 리 못 들 리'],[],[],0,0,0,0,0,2,0,
spoken_data_31301.json,4b2d01db-cb00-47ea-afa1-155a2af95879,247,기분이 안 좋으신 분이 들어왔다면 나아지셨으면 좋겠고요!!,['기분이 안 좋으신'],[],[],[],[],1,0,0,0,0,0,0,
spoken_data_31301.json,c24b77fd-de37-4ca0-8d51-603c4a03f2a5,265,참 그런 말을 우리가 들을 때 이런 말을 주님이 안 하시면 좋은데 주님으로부터 그 말을 들으면 참 입장이 곤란해요.,['주님이 안 하시면'],[],[],[],[],0,1,0,0,0,0,0,
spoken_data_31301.json,c24b77fd-de37-4ca0-8d51-603c4a03f2a5,271,질문 하나 던질 만큼 더 가서 예수님은 간절하게 또 기도하고 이렇게 기도하고 또 기도하세요. 주님의 마음이 신적인 마음으로 기도하셨겠어요. 아니요 인간의 감정으로 기도하신 거예요. 지옥의 종말이 점점 <NAME> 님께 다가오고 있는 거을 <NAME> 님이 아시잖아요. 막 죽고 싶지 않은 사람이 막 생기는 거예요. 여러분 예수님 당시에 능력을 아무리 발휘는 기적과 역사가 일어나고 병을 고치시고 다 귀신 쫓아내고 하셔도 유대인들은 와가지고'너 자신은 이단이야''당신은 엉터리야,[],['죽고 싶지 않은 사람'],[],[],[],1,0,0,0,0,0,0,
spoken_data_31301.json,c24b77fd-de37-4ca0-8d51-603c4a03f2a5,287,성령을 헛되이 받으면 안 된다고 우리 죄를 풀어주신 예수님이 오셨으니 죄에 대한 성경 구절 몇 구절 하나를 찾아서 공부하고 이게 문제가 아니고 말씀 외우고 이해하고 실천하는 데 시간이 좀 걸립니다.,['받으면 안 된다고'],[],[],[],[],0,1,0,0,0,0,0,
spoken_data_31301.json,c24b77fd-de37-4ca0-8d51-603c4a03f2a5,294,분위기 그 기우가 사람마다 있는데 선하든지 악하든지 그것이 계속 안 되는 기우가 계속해서 자기 안에 쌓이고 있고 쌓이다 보면 그건 견고한 요새가 생겨 버려요,['이 계속 안 되는 기'],[],[],[],[],1,0,0,0,0,0,0,
spoken_data_31301.json,55882677-5212-4777-be34-bc0882db6734,306,<NAME> 이 <NAME> 과 <NAME> 이같이 쓰는 걸 많이 안 쓰고 있는 상황인데 걱정이 되긴 하지만 오늘 <NAME> 이 보여준 활약들은 앞으로도 충분히 기억을 하게끔 만들어주었습니다.,['걸 많이 안 쓰고 있'],[],[],[],[],1,0,0,0,0,0,0,
spoken_data_31301.json,55882677-5212-4777-be34-bc0882db6734,307,저는 이번 작품을 좋아하고 있지만 오늘 조금 이해가 안 되는 장면이 있어서 아쉬운데요.,['이해가 안 되는 장'],[],[],[],[],1,0,0,0,0,0,0,
spoken_data_31301.json,55882677-5212-4777-be34-bc0882db6734,318,<NAME> 은 눈앞에 <NAME> 을 보고도 자신의 딸임을 못 알은 안타까운 상황이죠 주애라는 또 심부름센터 사장에게 일을 시키고 유괴범 서경숙을 정신병원에 감금했는데요. 주애라는 서경숙을 협박과 폭행을 통해 가짜 남소이가 어디 있는지 알아내려고 할 것입니다.,[],[],['딸임을 못 알은 안'],[],[],1,0,0,0,0,0,0,
spoken_data_31301.json,55882677-5212-4777-be34-bc0882db6734,319,그런데 심부름 사장이 나올 때마다 정말 불안한 게 안 되면 <NAME> 라는 앞으로 100화까지도 무슨 위기만 있다 하면 심부름 사장한테 복수는 위기를 탈출하는 스토리로 진행될 것 같은데 걱정이 듭니다.,['안한 게 안 되면 <'],[],[],[],[],0,1,0,0,0,0,0,
spoken_data_31301.json,d6253152-2170-46a9-a388-cf61d67515b4,325,"치아 노출 부위가 작고 시간이 길지 않았으며, 시술 이후에 적절한 처치가 이루어져 치수의 활력이 충분하여, 치수의 부분을 제거하고 처리하는 부분 치수 절단술을 시행하였습니다.",[],"['간이 길지 않았으며,']",[],[],[],0,1,0,0,0,0,0,
spoken_data_31301.json,d6253152-2170-46a9-a388-cf61d67515b4,331,손상이 되지 않아 단순 레진 수복으로 인해서도 유지가 가능할 것으로 판단됩니다.,[],['상이 되지 않아 단순'],[],[],[],0,1,0,0,0,0,0,
spoken_data_31301.json,485adf85-2cc5-4c1a-b75c-d99a17ee2d46,340,나는 그에 대해 이야기하지 않을 것이에요.,[],['이야기하지 않을 것이'],[],[],[],1,0,0,0,0,0,0,
spoken_data_31301.json,485adf85-2cc5-4c1a-b75c-d99a17ee2d46,343,연구자들에게 그들이 무엇을 발견해야 하는지 말해준다면 어떤 일이 벌어질까요?,[],[],[],[],[],0,0,0,0,0,0,0,
spoken_data_31301.json,485adf85-2cc5-4c1a-b75c-d99a17ee2d46,345,"연구를 할수록 우리가 예상하지 않은 것, 일부 우리는 원하지 않는 것을 발견할 수 있어요.",[],"['예상하지 않은 것,', '는 원하지 않는 것을']",[],[],[],2,0,0,0,0,0,0,
spoken_data_31301.json,485adf85-2cc5-4c1a-b75c-d99a17ee2d46,348,번역이 언어 학습에 유리하지 않다는 사실을 입증하려면 간단한 방법이 있어요.,[],['유리하지 않다는 사'],[],[],[],1,0,0,0,0,0,0,
spoken_data_31301.json,485adf85-2cc5-4c1a-b75c-d99a17ee2d46,351,아이들은 어리둥절하게 말하지 못을 거예요.,[],[],[],['게 말하지 못을 거예'],[],1,0,0,0,0,0,0,
spoken_data_31301.json,485adf85-2cc5-4c1a-b75c-d99a17ee2d46,352,그들은 영어를 기다리고 대기하며 스페인어 번역을 기다리지 않을 거예요.,[],['기다리지 않을 거예'],[],[],[],1,0,0,0,0,0,0,
spoken_data_31301.json,485adf85-2cc5-4c1a-b75c-d99a17ee2d46,353,이것이 번역이 영어 학습에 유리하지 않고 의사소통에도 문제가 되지 않는다는 것이 입증된 방법이에요.,[],"['유리하지 않고 의사', '제가 되지 않는다는']",[],[],[],2,0,0,0,0,0,0,
spoken_data_31301.json,485adf85-2cc5-4c1a-b75c-d99a17ee2d46,371,그러나 포기하지 않고 다른 국가들도 함께 살펴보겠습니다.,[],['포기하지 않고 다른'],[],[],[],0,0,0,0,0,1,0,
spoken_data_31301.json,485adf85-2cc5-4c1a-b75c-d99a17ee2d46,373,그리고 그<NAME>에는 포함되지 않은 다른 국가들도 있습니다.,[],['포함되지 않은 다른'],[],[],[],1,0,0,0,0,0,0,
spoken_data_31301.json,485adf85-2cc5-4c1a-b75c-d99a17ee2d46,375,그리고 밑바닥에는 프랑스와 스페인이 있으며 언어 공부가 제대로 이루어지지 않아 걱정스럽습니다.,[],['이루어지지 않아 걱정'],[],[],[],0,1,0,0,0,0,0,
spoken_data_31301.json,485adf85-2cc5-4c1a-b75c-d99a17ee2d46,376,그런데 그 두 국가에서는 교실에서 번역을 별로 사용하지 않는다는 것이 흥미롭습니다.,[],['사용하지 않는다는'],[],[],[],1,0,0,0,0,0,0,
spoken_data_31301.json,485adf85-2cc5-4c1a-b75c-d99a17ee2d46,379,"아니요, 전혀 확실하지 않습니다.",[],['확실하지 않습니다.'],[],[],[],0,0,0,0,0,1,0,
spoken_data_31301.json,485adf85-2cc5-4c1a-b75c-d99a17ee2d46,382,"번역이 유용한 측면도 있지만, 유창성을 향상하지 못하을 수도 있음을 알고 있습니다.",[],[],[],['향상하지 못하을 수'],[],1,0,0,0,0,0,0,
spoken_data_31301.json,485adf85-2cc5-4c1a-b75c-d99a17ee2d46,386,데이터를 살펴보면 많은 독일 사람들이 언어를 더 이상 사용하지 않는다고 주장합니다.,[],['사용하지 않는다고'],[],[],[],0,0,0,1,0,0,0,
spoken_data_31301.json,5235c1d6-b61f-4c92-8f00-713090b99640,397,고등학교 3년 때 친구였던 <NAME> 라는 아이가 있었는데 신학교 입학할 당시 거처할 데가 없어서 그 친구에게 부탁을 드렸지만 거절하지 않고 저를 받아 주었어요.,[],['거절하지 않고 저를'],[],[],[],0,1,0,0,0,0,0,
spoken_data_31301.json,5235c1d6-b61f-4c92-8f00-713090b99640,401,근데 그 친구는 보증금도 없는 저를 보증금 내 지지 않고 자기 방을 얻어서 나왔어요.,[],['내 지지 않고 자기'],[],[],[],0,0,0,0,0,1,0,
spoken_data_31301.json,5235c1d6-b61f-4c92-8f00-713090b99640,405,지금은 서울 지방에서 가게를 운영하고 있다는 것만 알고 지내는데 언젠가 한번 찾아가서 고맙다는 인사도 줘야 되는데 오랫동안 만나지 못하고 연락처도 떨어져 있는 그러한 상태입니다.,[],[],[],['안 만나지 못하고 연'],[],1,0,0,0,0,0,0,
spoken_data_31301.json,891b079f-5f20-417f-a444-27791ea9815e,421,다시 돌아오지 않는 배드민턴 공.,[],['돌아오지 않는 배드'],[],[],[],1,0,0,0,0,0,0,
spoken_data_31301.json,891b079f-5f20-417f-a444-27791ea9815e,422,긴장이 안 풀린 것 같으니 준비 운동 좀 해보자고.,['긴장이 안 풀린 것'],[],[],[],[],1,0,0,0,0,0,0,
spoken_data_31301.json,891b079f-5f20-417f-a444-27791ea9815e,444,사실 각자 책 읽고 있어서 티비도 안 보는데 그냥 켜놓고 있어요. ㅋㅋㅋㅋ😂.,['티비도 안 보는데'],[],[],[],[],0,1,0,0,0,0,0,
spoken_data_31301.json,891b079f-5f20-417f-a444-27791ea9815e,467,콧구멍에<NAME>한 바람 들어가니 불러도 뒤돌아보지 않는 귀염둥이.,[],['뒤돌아보지 않는 귀염'],[],[],[],1,0,0,0,0,0,0,
spoken_data_31301.json,891b079f-5f20-417f-a444-27791ea9815e,486,그리고 이 닭가슴살은 허니소이맛이라 따로 소스를 추가하지 않았는데요.,[],['추가하지 않았는데요'],[],[],[],0,0,0,0,0,1,0,
spoken_data_31301.json,358c6c78-ea7b-47b1-a606-f79561866fa4,576,다 차려놓으니 쌈밥정식이 생각나지 않네요.,[],['생각나지 않네요.'],[],[],[],0,0,0,0,0,1,0,
spoken_data_31301.json,358c6c78-ea7b-47b1-a606-f79561866fa4,587,하루라도 안 쓰는 날이 있을까요?,['하루라도 안 쓰는 날'],[],[],[],[],1,0,0,0,0,0,0,
spoken_data_31301.json,358c6c78-ea7b-47b1-a606-f79561866fa4,592,바닥은 나무라서 뜨거운 냄비에 걸쳐두어도 뜨거워지지 않아요.,[],['뜨거워지지 않아요.'],[],[],[],0,0,0,0,0,1,0,
spoken_data_31301.json,358c6c78-ea7b-47b1-a606-f79561866fa4,599,코코스텐체망에 부어서 바락바락 씻어도 면이 깨지지 못은 탱글 해요.,[],[],[],[],[],0,0,0,0,0,0,0,
spoken_data_31301.json,f7d8c22b-e36b-4ba4-9825-9e138b6f507f,618,그러나 이 방법도 완벽하지 않습니다.,[],['완벽하지 않습니다.'],[],[],[],0,0,0,0,0,1,0,
spoken_data_31301.json,f7d8c22b-e36b-4ba4-9825-9e138b6f507f,621,또한 SCP - 2669에 업로드된 D 등급 대상들의 최종 상태는 거의 알려지지 않았습니다.,[],['알려지지 않았습니다'],[],[],[],0,0,0,0,0,1,0,
spoken_data_31301.json,f7d8c22b-e36b-4ba4-9825-9e138b6f507f,628,관찰 기록:임무 파일에 있는 새로운 화학 지표를 고려하면 놀랍지 않습니다.,[],['면 놀랍지 않습니다.'],[],[],[],0,0,0,0,0,1,0,
spoken_data_31301.json,f7d8c22b-e36b-4ba4-9825-9e138b6f507f,635,"그러나 이 빛의 크기가 지구와 얼마나 비슷한지를 감안할 때, 인간이 지금 존재하지 않았다면 어느 시점에서 발생할 수가 있다는 더 많은 신호를 보고 싶었습니다.",[],['존재하지 않았다면'],[],[],[],0,0,0,0,1,0,0,
spoken_data_31301.json,f7d8c22b-e36b-4ba4-9825-9e138b6f507f,648,우리는 여기서 많은 것을 기대하지 않았고 당연히 생명도 찾지 못했습니다.,[],['기대하지 않았고 당'],[],['명도 찾지 못했습니다'],[],0,0,0,0,0,2,0,
spoken_data_31301.json,f7d8c22b-e36b-4ba4-9825-9e138b6f507f,651,희미하고 거의 보이지는 않는 배경 소음이 들리는 것 같습니다.,[],['의 보이지는 않는 배경'],[],[],[],1,0,0,0,0,0,0,
spoken_data_31301.json,f7d8c22b-e36b-4ba4-9825-9e138b6f507f,652,그것은 가능하지 않아야 해요는데 뭐 들었어?,[],['가능하지 않아야 해'],[],[],[],0,1,0,0,0,0,0,
spoken_data_31301.json,f7d8c22b-e36b-4ba4-9825-9e138b6f507f,661,나는 이것을 고려하지 않았다.,[],['고려하지 않았다.'],[],[],[],0,0,0,0,0,1,0,
spoken_data_31301.json,f7d8c22b-e36b-4ba4-9825-9e138b6f507f,665,우리는 여기서 많이한 것을 기대하지 않았고 당연히 아무것도 찾지 못했습니다.,[],['기대하지 않았고 당'],[],['것도 찾지 못했습니다'],[],0,0,0,0,0,2,0,
spoken_data_31301.json,f7d8c22b-e36b-4ba4-9825-9e138b6f507f,668,희미하고 거의 보이지는 않는 배경 소음이 들리는 거 같습니다.,[],['의 보이지는 않는 배경'],[],[],[],1,0,0,0,0,0,0,
spoken_data_31301.json,f7d8c22b-e36b-4ba4-9825-9e138b6f507f,669,그건 가능하지 않아야 합니다.,[],['가능하지 않아야 합'],[],[],[],0,0,0,0,0,1,0,
spoken_data_31301.json,f7d8c22b-e36b-4ba4-9825-9e138b6f507f,689,이것은 영원히 멈추지 않을 것입니다.,[],['히 멈추지 않을 것입'],[],[],[],1,0,0,0,0,0,0,
spoken_data_31301.json,f7d8c22b-e36b-4ba4-9825-9e138b6f507f,700,PSR B1620 - 26b에서 데이터를 전송한 결과 케브 툴 1은 오프라인 상태가 되었고 21 일 3시간 동안 응답하지 않았습니다.,[],['응답하지 않았습니다'],[],[],[],0,0,0,0,0,1,0,
spoken_data_31301.json,f7d8c22b-e36b-4ba4-9825-9e138b6f507f,710,D - 61181의 존재는 감지되지 않았고 지구에트 1 호에 거주하는 독립 체는 다시 한번 통제권을 확립했습니다.,[],['감지되지 않았고 지'],[],[],[],0,0,0,0,0,1,0,
spoken_data_31301.json,22f5b64d-90cd-4738-ace3-daa3042c9746,727,"자, 여러분이 지금 물건을 못 구해 죽겠고, 뭘 못 얻어서 죽겠고, 시험을 합격 안 해서 죽겠고, 무언가 갈망하는, 이성을 잘못 만나서 죽겠고, 그 이성이 헤어지자고 한다면 죽겠고, 지금 이것들이 만들어낸, 이 집착이 저지르는 범죄들만 해도 어마어마하지요, 요즘? 자, 이게 다 집착에서 시작돼요.",['을 합격 안 해서 죽'],[],"['물건을 못 구해 죽', '고, 뭘 못 얻어서']",[],[],0,3,0,0,0,0,0,
spoken_data_31301.json,22f5b64d-90cd-4738-ace3-daa3042c9746,731,"바라밀이라면 하나 안에 안 들어있어요, 보시를 하려고 해도 여러분 편이나 되고,<NAME>로워야 되고, 그 보시는 자비로워야 돼",['나 안에 안 들어있어'],[],[],[],[],0,0,0,0,0,1,0,
spoken_data_31301.json,22f5b64d-90cd-4738-ace3-daa3042c9746,732,요고 양심에 죄지으면 안 되거든요.,['죄지으면 안 되거든요'],[],[],[],[],0,0,0,0,0,1,0,
spoken_data_31301.json,22f5b64d-90cd-4738-ace3-daa3042c9746,738,"그러니까 목적도 없고, 삶의 의미도 못 찾고 계실 텐데요요 그러면 우리는 짐승들과 같은 수준에서 지금 살고 있을 수 있다고요.",[],[],['의미도 못 찾고 계'],[],[],1,0,0,0,0,0,0,
spoken_data_31301.json,22f5b64d-90cd-4738-ace3-daa3042c9746,740,"왜 태어났고 나는 안 하고 <NAME> 야 되는지, 이게 자명한 일이 뭔지 찾아보시는 게 반야바라밀입니다.",['고 나는 안 하고 <'],[],[],[],[],0,1,0,0,0,0,0,
spoken_data_31301.json,22f5b64d-90cd-4738-ace3-daa3042c9746,753,"그러니까 어떤 욕심이 나면 그건 뭐 집착까지는 안 갔더라도 내 마음에서 끝없이 욕망이 샘솟잖아요, 인간은.",['착까지는 안 갔더라도'],[],[],[],[],0,0,0,0,1,0,0,
spoken_data_31301.json,22f5b64d-90cd-4738-ace3-daa3042c9746,761,그런데도 사람의 공은 생각 안 하고.,['은 생각 안 하고.'],[],[],[],[],0,0,0,0,0,1,0,
spoken_data_31301.json,22f5b64d-90cd-4738-ace3-daa3042c9746,763,"내가 도와주는데,""내가 이렇게 복이 있는 사람이네. 이렇게 하고 자기 자화자찬에 빠지는 분들이 있어요. 도와줬을 때 본인이 거만해지는, 별꼴들이 있죠. 도와줬더니, 힘들어 하면 안 돼서 도와줬더니 거만해지는 경우도 많습니다. 힘들을 했더니 거만해지는 일도 많아요. 힘만 내야 되는데 거만해져요. 이게 중생심이, 만족 오면 금방 거만해집니다. 그런데 제가 볼 게 지옥에서 건져놓으면 바로 교만해져요. 중생이 그 정도예요. 지옥에서 죽겠는 사람을 건져놓으면,""내가 우리 부처님이랑 친해서 이렇게, 친한 사이네!",['어 하면 안 돼서 도'],[],[],[],[],0,1,0,0,0,0,0,
spoken_data_31301.json,22f5b64d-90cd-4738-ace3-daa3042c9746,767,조금만 죽겠다 싶으면 고통 속에서 답을 못 찾습니다.,[],[],['서 답을 못 찾습니다'],[],[],0,0,0,0,0,1,0,
spoken_data_31301.json,052ae1e8-3eff-4175-b232-fb861e530d0d,814,"특히 Interactive Brokers는 데이 트레이딩에 중점을 둔 업체로, 복잡하고 많은 거래 항목을 처리해야 하므로 이미 거래에 익숙하지 않은 분들에게는 이상적이지 않을 수도 있습니다.",[],"['익숙하지 않은 분들', '이상적이지 않을 수도']",[],[],[],2,0,0,0,0,0,0,
spoken_data_31301.json,052ae1e8-3eff-4175-b232-fb861e530d0d,816,"따라서 옵션 거래나 데이 거래를 신중하게 고려해야 하며, 특히 초보자에게는 권장하지 못은 투자 방법일 수 있습니다.",[],[],[],['권장하지 못은 투자'],[],1,0,0,0,0,0,0,
spoken_data_31301.json,052ae1e8-3eff-4175-b232-fb861e530d0d,820,"초보자에게는 권장하지 않으며, 이미 거래에 익숙하지 못은 사람에게는 이상적이지 못을 수 있습니다.",[],"['권장하지 않으며,']",[],"['익숙하지 못은 사람', '이상적이지 못을 수']",[],2,0,0,0,0,1,0,
spoken_data_31301.json,052ae1e8-3eff-4175-b232-fb861e530d0d,831,무엇보다도 Fidelity는 투자 관리 서비스를 제공하면서도 추가 수수료를 부과하지 못하고 투자에 필요한 리소스를 제공합니다.,[],[],[],['부과하지 못하고 투'],[],0,0,0,0,0,1,0,
spoken_data_31301.json,052ae1e8-3eff-4175-b232-fb861e530d0d,835,Robinhood를 사용하면 실제 거래에 따른 수수료를 지불하지 않아도 됩니다.,[],['지불하지 않아도 됩'],[],[],[],0,1,0,0,0,0,0,
spoken_data_31301.json,052ae1e8-3eff-4175-b232-fb861e530d0d,838,"Robinhood는 매월 입금액, 유지비, 연체료, 비활성 비용을 부과하지 않으며 매우 간단하게 계정을 시작할 수 있습니다.",[],['부과하지 않으며 매'],[],[],[],0,0,0,0,0,1,0,
spoken_data_31301.json,3f5d0c07-f61d-4eb8-bb9a-a8d641cb103d,854,실제로 멀지 못하은 곳에 살고 있다고 들었습니다.,[],[],[],['제로 멀지 못하은 곳'],[],1,0,0,0,0,0,0,
spoken_data_31301.json,3f5d0c07-f61d-4eb8-bb9a-a8d641cb103d,877,그렇지 않으면 비즈니스가 표준을 채택하는 데 어려움을 겪을 수 있습니다.,[],['그렇지 않으면 비'],[],[],[],0,0,0,0,1,0,0,
spoken_data_31301.json,3f5d0c07-f61d-4eb8-bb9a-a8d641cb103d,895,하나 또는 두 개의 프로젝트만으로 만족하지 못하고 수백 개의 실험을 고려해야 합니다.,[],[],[],['만족하지 못하고 수'],[],0,0,0,0,0,1,0,
spoken_data_31301.json,3f5d0c07-f61d-4eb8-bb9a-a8d641cb103d,899,일을 하는 사람과 작업을 배우지 않는 기업 사이의 차이로 적용할 수 있습니다.,[],['을 배우지 않는 기업'],[],[],[],1,0,0,0,0,0,0,
spoken_data_31301.json,3f5d0c07-f61d-4eb8-bb9a-a8d641cb103d,909,"데이터는 다양한 소스에서 나올 수 있으며, 모든 데이터 실로에 저장되어 있지 않다고 가정해야 한다가 이러한 데이터를 관리하려면 새로운 카탈로그 또는 해당 유형의 기능이 필요합니다.",[],['되어 있지 않다고 가'],[],[],[],0,0,0,1,0,0,0,
spoken_data_31301.json,fe3b7c07-e7e1-4118-afc2-aaa644939e7d,943,"건설 업계에 처음 입문하는 경우, 펀치 리스트는 건축 업계가 최종 단계에서 사양을 따르지 못하는 경우를 표시하고 수정하기 위해 컴파일된 작업 목록입니다.",[],[],[],['을 따르지 못하는 경'],[],1,0,0,0,0,0,0,
spoken_data_31301.json,fe3b7c07-e7e1-4118-afc2-aaa644939e7d,954,그러나만 이는 분명히 그 자체로는 그다지 도움이 되지 못하지만 데이터 재구성을 시작한 후 UX로 이동하겠습니다.,[],[],[],['움이 되지 못하지만'],[],0,0,0,0,0,1,0,
spoken_data_31301.json,fe3b7c07-e7e1-4118-afc2-aaa644939e7d,957,이러한 경우 사람들이 앱에서 해당 위치를 삭제하는 것을 원하지 않습니다.,[],['을 원하지 않습니다.'],[],[],[],0,0,0,0,0,1,0,
spoken_data_31301.json,fe3b7c07-e7e1-4118-afc2-aaa644939e7d,959,다른 내용은 포함하지 않습니다.,[],['포함하지 않습니다.'],[],[],[],0,0,0,0,0,1,0,
spoken_data_11357.json,000016a6-192d-4d89-9566-1af809edb2ea,1,이거 하고 그다음에 아까 자활 공공근로사업 여기에 출연되는 사람하고 겸해지지는 않았는지 그다음에 이 828명 선정에 있어서 그 기준은 어떻게 한 건지 어떤 근거에 의해서 어떻게 한 건지 그것을 얘기해 주시고요.,[],['겸해지지는 않았는지'],[],[],[],0,0,1,0,0,0,0,
spoken_data_11357.json,000016a6-192d-4d89-9566-1af809edb2ea,5,제가 볼 때는 보건소가 일단은 의료기관이라든지 모든 병원관리부터 전부 강남구의 보건 문제를 하고 있는데 건강진단사업 같은 것은 이것은 후원을 해서 복지과가 지원을 해서 보건소에서 하도록 하는 것이 훨씬 효율적이고 정확하지 않겠습니까?,[],['정확하지 않겠습니까'],[],[],[],0,0,0,0,0,1,0,
spoken_data_11357.json,000016a6-192d-4d89-9566-1af809edb2ea,9,노인들이 노인성 질환을 많이 갖고 있으면서도 진료기관의 접근을 전혀 안 하고 전체 노인의 13% 정도밖에 의료진을 이용하고 있지 않습니다.,['을 전혀 안 하고 전'],['하고 있지 않습니다.'],[],[],[],0,0,0,0,0,2,0,
spoken_data_11357.json,000016a6-192d-4d89-9566-1af809edb2ea,12,그러면 보건소로 우리가 일단 넘기든지 안 그러면 사회복지과에서 하는 게 적합하면 사회복지과에서 할 것이냐 하는 것은 검토를 할 것입니다.,['넘기든지 안 그러면'],[],[],[],[],0,0,0,0,1,0,0,
spoken_data_11357.json,000016a6-192d-4d89-9566-1af809edb2ea,20,"2만 8,000명 중에서 강남구 노인들이 13% 밖에 하지 않았다",[],['밖에 하지 않았다'],[],[],[],0,0,0,0,0,1,0,
spoken_data_11357.json,000016a6-192d-4d89-9566-1af809edb2ea,25,"강남구민 2만 8,000명을 가지고 이 자료를 뽑으셔야지 전국의 노인 65세 이상을 데이터로 해서 13%라 하는 것은 맞지 않습니다.",[],['것은 맞지 않습니다.'],[],[],[],0,0,0,0,0,1,0,
spoken_data_11357.json,000016a6-192d-4d89-9566-1af809edb2ea,60,그러면 사립유치원 20개소 또 민간어린이집 30개소 이렇게 돼 있는데 각 어린이집이나 유치원의 실정을 제가 알지 못하기 때문에 좀 설명을 듣고 싶거든요.,[],[],[],['제가 알지 못하기 때'],[],0,0,1,0,0,0,0,~기 때문: 명사절
spoken_data_11357.json,000016a6-192d-4d89-9566-1af809edb2ea,71,그러니까 민간어린이집에 대해서는 교육이 아니고 보육인데 저녁에 방과 후에 보육을 한다는 것이 이론상 안 맞다 그런 얘기지요?,['이론상 안 맞다 그'],[],[],[],[],1,0,0,0,0,0,0,안 맞다는 이야기
spoken_data_11357.json,000016a6-192d-4d89-9566-1af809edb2ea,97,처음에는 우리의 시각으로 봤을 때 상당히 의아하게 생각을 했었는데 그 자녀들 숫자가 많지 않고 또 형제관이 없기 때문에 취학아동들이 방과 후에 엄마가 직장에 다니므로 해서 방치될 수 있는 아이들을 이 방과 후 학교에 하면 밑에 동생들 미취학 아동에서부터 저학년 아동까지 잘 어울려서 같이 그 우애를 다지면서 협동하는 정신도 기르고 함께 그 지역에 있는 놀이공간을 이용할 수 있어서 상당히 저희 생각보다는 바람직하게 운영하고 있어서 좋은 사례를 보고 왔는데 앞으로 우리나라가 현재는 저학년 아동을 상대로 하지만 독일처럼 전 학년을 상대로 하는 방과 후 교실의 시설이 운영되었으면 하는 생각을 갖고 있습니다.,[],['자가 많지 않고 또'],[],[],[],0,0,0,0,0,1,0,
spoken_data_11357.json,000016a6-192d-4d89-9566-1af809edb2ea,163,○작업 업무 담당주사 <NAME> 정확한 데이터를 제가 지금 안 가지고 있습니다.,['가 지금 안 가지고'],[],[],[],[],0,0,0,0,0,1,0,
spoken_data_11357.json,000016a6-192d-4d89-9566-1af809edb2ea,164,"○<NAME> 위원: 대충!
○작업 업무 담당주사 <NAME> 별도로, 서면으로 답변드리면 안 되겠습니까?",['변드리면 안 되겠습니'],[],[],[],[],0,0,0,0,0,1,0,
spoken_data_11357.json,000016a6-192d-4d89-9566-1af809edb2ea,167,"14,000㎥에 대해서는 들어가지 않아야 될 돈이, 비용이 들어가는 것 아닙니까?",[],['들어가지 않아야 될'],[],[],[],1,0,0,0,0,0,0,
spoken_data_11357.json,000016a6-192d-4d89-9566-1af809edb2ea,170,이해를 못 하시는데 지금 이것이 우리가 엊그제 조례하면서 했지만도 태워서는 안 되는 쓰레기로 이렇게 통일을 했습니다.,['태워서는 안 되는 쓰'],[],['이해를 못 하시는데'],[],[],1,0,0,0,1,0,0,
spoken_data_11357.json,000016a6-192d-4d89-9566-1af809edb2ea,171,그래 태워서는 안 되는 쓰레기를 이번에 소각장이 생김으로 해서 이게 쓰레기 분류작업이 한 분류가 더 생겼습니다.,['태워서는 안 되는 쓰'],[],[],[],[],1,0,0,0,0,0,0,
spoken_data_11357.json,000016a6-192d-4d89-9566-1af809edb2ea,174,그 소각장에 주민협의체들이 강력하게 저항을 해서 태울 수 있는 것도 못 태우게 하는 그런 것들이 있지 않을까,[],[],['는 것도 못 태우게'],[],[],0,1,0,0,0,0,0,
spoken_data_11357.json,000016a6-192d-4d89-9566-1af809edb2ea,177,질의하실 위원이 안 계시므로 재활용과 소관 업무에 대한 질의를 마치겠습니다.,['위원이 안 계시므로'],[],[],[],[],0,0,0,0,1,0,0,
spoken_data_11357.json,9a20f951-fe60-443e-b18b-3a62088abd29,220,"○<NAME> 위원: 지난주에 좋은 설명을 들었기 때문에 구체적으로 말씀드리지 않고 12p에 보면 소요예산이 1,290만 원인데 사례금 3,000만 원, 주재자 1,050만 원, 이것 소요예산 이게 맞는 것입니까?",[],['말씀드리지 않고 12'],[],[],[],0,0,0,0,0,1,0,
spoken_data_11357.json,9a20f951-fe60-443e-b18b-3a62088abd29,227,"○<NAME> 위원: 인쇄물 이것 외부로 나가는 것, 자기 혼자 보는 것도 아니고 이런 것은 검토를 해서 해야지 이런 식으로 하면 안 되지요, 이것을 자료라고 내놓고 검토하고, 이것은 기초란 말이에요.","['로 하면 안 되지요,']",[],[],[],[],0,0,0,0,0,1,0,
spoken_data_11357.json,9a20f951-fe60-443e-b18b-3a62088abd29,240,○보건기획업무 담당주사 <NAME> 현재 나오지 않은 상태입니다.,[],['재 나오지 않은 상태'],[],[],[],1,0,0,0,0,0,0,
spoken_data_11357.json,9a20f951-fe60-443e-b18b-3a62088abd29,250,위생과장이 안 나온 모양인데 보건소장께서 답변해 주세요.,['생과장이 안 나온 모'],[],[],[],[],1,0,0,0,0,0,0,
spoken_data_11357.json,9a20f951-fe60-443e-b18b-3a62088abd29,261,그래서 아마 이것을 잘 활용을 하면 사실 이것이 아웃소싱까지는 지금 조금 성급하지 않느냐는 생각인데 우리 보건소장께서는 필요하다고 해서 예산을 이렇게 사업 계획을 잡았겠지요?,[],['성급하지 않느냐는'],[],[],[],1,0,0,0,0,0,0,
spoken_data_11357.json,9a20f951-fe60-443e-b18b-3a62088abd29,290,"특정 어떤 맛을 내 가지고 특정 어떤 외국 방문 객이나 누구를 위해서 하는 것인지 아마 음식문화 축제를 한다면 우리 강남구 주민들이 모두 즐겨 먹을 수 있는 특수한 것을 개발해야 되는데 이것을 개발하기 위해서 무슨 뭐 시설비가 1억 2,500이나 들고 저는 이렇게 안 해도 만약에 그것이 꼭 그런 마음이 있다고 하면 이렇게 호화찬란하게 무슨 무대장치가 1억 2,500이나 들이고 뭐 홍보물 제작에 4,500, 뭐 출연료 및 영화 축제 5,000, 운영비 하는데 운영비 정도만 이렇게 들여 가지고 개발할 수 없겠는가 이런 제안을 드리겠는데 상세히 좀 이것을 다음 예결 때는 상세하게 보고서를 작성해서 보고해 주시면 참고되겠습니다.",['이렇게 안 해도 만'],[],[],[],[],0,1,0,0,0,0,0,
spoken_data_11357.json,9a20f951-fe60-443e-b18b-3a62088abd29,302,"뒷장이 붙어 있으면 안 되는데
○위원장 <NAME>: 편철은 잘못된 것을 알아요, 편철은 잘못된 것은 아는데, 아까 의약과장님이 주요업무보고를 하셨단 말이야,
○의약과장 <NAME>: 마지막 것은 보고를 하지 않았습니다.",['있으면 안 되는데'],['고를 하지 않았습니다'],[],[],[],0,0,0,0,0,2,0,
spoken_data_11357.json,9a20f951-fe60-443e-b18b-3a62088abd29,332,"선천성대사이상 검사는, 그러나 기형아 풍진검사는 태아가 자라면서의 정상적으로 자라고 있는지 또는 기형적으로 되어 있는지 해 가지고 사전에 이것을 검사해 가지고 부모한테 이런 사항은 나서, 낳고 안 낳고는 그 부모가 판단할 일입니다마는 저희들로서는 의료기관에서는 반드시 이 검사를 미리 해 주는 것을 또 그리고 저희들이 모자, 엄마에 대한 임산부에 대한 관리를 하고 있습니다마는 실질적으로 이 병원에 개인병원에 가서 본인이 하려면 부담이 많이 들어갑니다.","[', 낳고 안 낳고는']",[],[],[],[],0,0,1,0,0,0,0,
spoken_data_11357.json,9a20f951-fe60-443e-b18b-3a62088abd29,345,"그래서 빗물펌프장 주변하고, 대치동 쌍용아파트하고, 동아아파트 주변에 40대를 설치했는데 일부 주민들은 여론이 또 안 좋습니다.",['론이 또 안 좋습니다'],[],[],[],[],0,0,0,0,0,1,0,
spoken_data_11357.json,9a20f951-fe60-443e-b18b-3a62088abd29,346,이것은 생태계 파괴 관계로 해 가지고 서로 먹고 먹히고 하는 이런 생태계에서 그래서 내년도 사업에는 사실상 예산편성을 안 했습니다.,['산편성을 안 했습니다'],[],[],[],[],0,0,0,0,0,1,0,
spoken_data_11357.json,9a20f951-fe60-443e-b18b-3a62088abd29,350,"지금.
○보건지도과장 <NAME>: 제비도 예를 들어서
○<NAME> 위원: 먹을 수 있는, 아이고 나는 이해가 안 되는데
○보건지도과장 <NAME>: 조심스럽게 저희가 말씀을 드렸습니다.",['이해가 안 되는데'],[],[],[],[],0,0,0,0,0,1,0,
spoken_data_11357.json,9a20f951-fe60-443e-b18b-3a62088abd29,360,○위원장 <NAME>: 보건소 업무에 대해서 더 이상 질의하실 위원 안 계십니까?,['실 위원 안 계십니까'],[],[],[],[],0,0,0,0,0,1,0,
spoken_data_11357.json,9a20f951-fe60-443e-b18b-3a62088abd29,361,더 이상 질의하실 위원이 안 계시므로 보건소 소관 업무에 대한 질의를 모두 마치도록 하겠습니다.,['위원이 안 계시므로'],[],[],[],[],0,0,0,0,1,0,0,
spoken_data_11357.json,9a20f951-fe60-443e-b18b-3a62088abd29,387,아는데 이 두 가지로 딱 국한됐다고 하시는데 이거 현재 쓰고 있는 그거 가지고는 안 된다는 얘기예요?,['가지고는 안 된다는'],[],[],[],[],1,0,0,0,0,0,0,
spoken_data_11357.json,9a20f951-fe60-443e-b18b-3a62088abd29,388,"○기획감사담당관 <NAME>: 그것은 좀 좋지 않다
○<NAME> 위원: 왜 그건 누가 결정한 거예요.",[],['좀 좋지 않다\n○<'],[],[],[],0,0,0,0,0,1,0,
spoken_data_11357.json,9a20f951-fe60-443e-b18b-3a62088abd29,389,"좋지 않고 두 가지로 해야 된다는 것은
○기획감사담당관 <NAME>: 그것은 저희들이 당초부터 이것은 심벌마크를 좀 더 강남에 맞는, 이미지에 맞는 그런 것을 하기 위해서 여론이 일반적으로 그렇게 됐고요.",[],['좋지 않고 두'],[],[],[],0,0,0,0,0,1,0,
spoken_data_11357.json,9a20f951-fe60-443e-b18b-3a62088abd29,393,○위원장 <NAME>: 더 이상 질의하실 위원 안 계십니까?,['실 위원 안 계십니까'],[],[],[],[],0,0,0,0,0,1,0,
spoken_data_11357.json,9a20f951-fe60-443e-b18b-3a62088abd29,403,○위원장 <NAME>: 더 이상 질의하실 위원이 안 계시므로 질의를 마치도록 하겠습니다.,['위원이 안 계시므로'],[],[],[],[],0,0,0,0,1,0,0,
spoken_data_11357.json,9a20f951-fe60-443e-b18b-3a62088abd29,483,○총무과장 <NAME>: 사무실은 남지는 않습니다.,[],['실은 남지는 않습니다.'],[],[],[],0,0,0,0,0,1,0,
spoken_data_11357.json,9a20f951-fe60-443e-b18b-3a62088abd29,498,"○총무과장 <NAME>: 우리 구 예산을 가지고 지을 것만 여기 들어 있고요, 민자 유치로 할
○<NAME> 위원: 우리 역삼 1동 건축계획은 장기 계획에 안 넣었지요?",['계획에 안 넣었지요'],[],[],[],[],0,0,0,0,0,1,0,
spoken_data_11357.json,9a20f951-fe60-443e-b18b-3a62088abd29,503,그러면 그다음에 뭐 제3섹터만 안 되는 것만 자꾸 왜 도입을 해 가지고 건축하려고 하는지 그 의도를 모르겠고 만일 이것이 계속 추진이 안 된다고 하면 빨리 금년도라도 장기 계획에 집어넣어서 빨리 건축할 수 있도록 저는 건의하고 싶은데 어떻게 생각하십니까?,"['3섹터만 안 되는 것', '추진이 안 된다고']",[],[],[],[],1,0,0,1,0,0,0,
spoken_data_11357.json,9a20f951-fe60-443e-b18b-3a62088abd29,511,"""너 뭐 하는 거냐고""
○<NAME> 위원: 제가 안 됐습니다마는 제 개인 얘기보다도 그 이전에 역삼 1동을 구청에서도 깊이 생각하셔 가지고 빨리빨리 신축할 수 있는 대안을 마련해서 안 되는 것만 자꾸만 가지고 씨름하지 마시고 조속히 어떤 결정을 내려주시기 바라겠습니다.","[': 제가 안 됐습니다', '마련해서 안 되는 것']",[],[],[],[],1,0,0,0,0,1,0,
spoken_data_11357.json,9a20f951-fe60-443e-b18b-3a62088abd29,529,둘 중에 아직 구체적인 게 안 나왔습니다.,['적인 게 안 나왔습니'],[],[],[],[],0,0,0,0,0,1,0,
spoken_data_11357.json,9a20f951-fe60-443e-b18b-3a62088abd29,530,"○위원장 <NAME>: 행정관리국장님한테 청사 이전 문제가 나왔기 때문에 하나 묻겠는데요, 지금 신청사 시설을 새로 이전을 해가면서 여기에 우리가 생각 못 했던 예산이 지금 많이 들어가고 있는데 지금 공교롭게도 행정관리국장님이나 총무과장이나 전부 위치가 바뀌었기 때문에 그런데 지난번에 전화기 교체하는데 4억 4,000만 원인가 예비비 들어갔죠?",[],[],['가 생각 못 했던 예'],[],[],1,0,0,0,0,0,0,
spoken_data_11357.json,9a20f951-fe60-443e-b18b-3a62088abd29,535,"이것이 우리가 지금 예비비로 해서 위원들한테 질타를 받아 가면서 전화기를 4억, 5억씩 들여가면서 교체를 하는 마당에 과연 내부적으로 우리가 새로 이사 가면서 그걸 지금 철제 책상이 대부분인 걸로 알고 있는데 이 책상을 전부 끌고 가서 이사하면서 찌그러지고 뭐하고 할 텐데 이 상태를 그대로 갈 것인지 아니면 추후에 하다 보니까 또 이러니까 이것을 좀 더 해야 되겠습니다.",[],[],[],[],[],0,0,0,0,0,0,0,
spoken_data_11357.json,9a20f951-fe60-443e-b18b-3a62088abd29,536,"뭐 이런 계획이 있는 건지, 기본적인 것이 안 되어 있는 것 같은데 국장님이 답변해 주세요.",['인 것이 안 되어 있'],[],[],[],[],1,0,0,0,0,0,0,
spoken_data_11357.json,9a20f951-fe60-443e-b18b-3a62088abd29,545,민원인들이 딱 들어갔을 때 벌써 환경 자체가 주변 환경이 책상은 쭈글쭈글해 가지고 캐비닛은 뒤에 쭈글쭈글한 것 이거 갖다 놓고서 한다는 것 자체가 이런 걸 왜 생각을 안 하나 해서 제가 지적을 해 봤는데요.,['생각을 안 하나 해'],[],[],[],[],0,0,0,1,0,0,0,
spoken_data_11357.json,9a20f951-fe60-443e-b18b-3a62088abd29,546,"우리 구청에서 지금 하는 걸 보면 지금 여러 가지 이것저것 예산이 많이 올라와 있는데 기본적인 것이 안 되어 있다는 것을 제가 지적을 해 보는 거고 이런 문제를 검토해 봐야 되지 않겠느냐, 우리가 전화기 바꾸는 것이 중요하지가 않지 않습니까?",['인 것이 안 되어 있'],[],[],[],[],1,0,0,0,0,0,0,
spoken_data_11357.json,9a20f951-fe60-443e-b18b-3a62088abd29,563,"즉 진출도 그쪽으로 하지 말라, 이렇게 되어 있는데 그 부분은 우리의 원래 당초 계획대로 우리가 진입하는 도로를 1개 차선을 확보를 해서 롯데아파트 주민들의 통행에 지장이 없도록 하는 이런 조정안을 가지고 이차갑 지역구 출신 의원님의 참석하에 지난주 목요일 주민설명회를 하고 그 결과를 지금 이번 주 내로 조치하기로 되어 있습니다.",[],[],[],[],"['으로 하지 말라, 이']",0,0,0,1,0,0,0,말라고 되어 있다
spoken_data_11357.json,9a20f951-fe60-443e-b18b-3a62088abd29,574,본인들한테도 평생을 공직에서 근무를 했고 봉사를 했는데 참 좋은 일이라고 생각을 하는데 다만 지금 시기적으로 IMF고 또 IMF 중에서도 요즘 제일 어려운 때가 돼서 지금 여러 가지 민심도 좋지 않고 그런데 시의적절하지 못하다,[],['심도 좋지 않고 그런'],[],['의적절하지 못하다'],[],0,1,0,0,0,1,0,
spoken_data_11357.json,9a20f951-fe60-443e-b18b-3a62088abd29,578,"○<NAME> 위원: 그래서 이런 것을 좀 신중하게 생각해야 되겠다, 지금 국가적으로도 여러 가지 어려운 문제가 있고 내 앞서도 얘기했습니다마는 이분들이 그런 대접받을 만한 자격은 충분히 있는데 시기적으로 안 좋다 하는 생각을 하고요, 그다음에 13p 공무원 배낭여행이 공무원들이 이제 일할 사람들에게 1년에 60명을 선발을 해서 1인당 150만 원씩 줘 가지고 배낭여행을 시킨다, 물론 여행을 하면 배울 게 있습니다.",['기적으로 안 좋다 하'],[],[],[],[],1,0,0,0,0,0,0,
spoken_data_11357.json,9a20f951-fe60-443e-b18b-3a62088abd29,583,지금 IMF가 끝났다는 그런 시각에 동의하지 않습니다마는 3년 동안 그런 부분을 배려 못했기 때문에 예산에 편성을 했습니다마는 그 부분도 이해를 해 주시고 집행 과정에서 상황이 호전되면 집행을 하고 앞으로 내년도에도 계속적으로 이렇게 경기가 어려워지고 그러면 예산을 쓰지 않는 그런 방법도 있다는 점을 이해해 주시면 고맙겠습니다.,[],"['동의하지 않습니다마', '산을 쓰지 않는 그런']",[],[],[],1,0,0,0,0,1,0,
spoken_data_11357.json,9a20f951-fe60-443e-b18b-3a62088abd29,584,○위원장 <NAME>: 총무과에 대해서 더 이상 질의하실 위원 안 계십니까?,['실 위원 안 계십니까'],[],[],[],[],0,0,0,0,0,1,0,
spoken_data_11357.json,9a20f951-fe60-443e-b18b-3a62088abd29,585,더 이상 안 계시면 문화공보과 소관 업무 질의로 넘어가도록 하겠습니다.,['더 이상 안 계시면'],[],[],[],[],0,0,0,0,1,0,0,
spoken_data_11357.json,9a20f951-fe60-443e-b18b-3a62088abd29,591,○위원장 <NAME>: 문화공보과 업무에 대해서 질의하실 위원 안 계십니까?,['실 위원 안 계십니까'],[],[],[],[],0,0,0,0,0,1,0,
spoken_data_11357.json,9a20f951-fe60-443e-b18b-3a62088abd29,593,민원여권과 소관 업무에 대해서 질의하실 위원 안 계시면 다음 사회진흥과 소관 업무에 대해서 질의하겠습니다.,['실 위원 안 계시면'],[],[],[],[],0,0,0,0,1,0,0,
spoken_data_11357.json,9a20f951-fe60-443e-b18b-3a62088abd29,610,사회진흥과 업무에 대해서 질의하실 위원 안 계십니까?,['실 위원 안 계십니까'],[],[],[],[],0,0,0,0,0,1,0,
spoken_data_11357.json,9a20f951-fe60-443e-b18b-3a62088abd29,611,더 이상 질의하실 위원 안 계시면 다음 정책기획단 소관 업무에 대하여 질의를 받도록 하겠습니다.,['실 위원 안 계시면'],[],[],[],[],0,0,0,0,1,0,0,
spoken_data_11357.json,9a20f951-fe60-443e-b18b-3a62088abd29,622,"그렇게 본 위원이 단정을 짓기가 그거 하겠지만 대부분이 청장 지시에 의존한 것, 그런 사업으로 편성이 됐는데 그걸 한 번 다시 2001년에는 과연 우리 실무과장이나 일선 주민들하고 항상 접촉이 많은 직원들의 그야말로 창의력 개발과 그야말로 강남구 구청에 근무하는 자부심을 가지고 의욕적으로 강남구민의 삶의 질을 높일 수 있는 그런 어떤 사업을 구상한 것이 2001년에 들어간 것이 있느냐, 그런 게 없다면 아직 예산편성 그게 안 나왔으니까 추가로라도 집행해서 요구를 해서 좀 더 2001년에는 우리가 과거에 잘해준 건 더 잘하고 못된 건 더 잘할 수 있도록 하는 예산편성이 됐으면 하는 것을 우리 행정관리국장한테 부탁을 드립니다.",['성 그게 안 나왔으니'],[],[],[],[],0,0,0,0,1,0,0,
spoken_data_11357.json,0feff34d-f10b-4d96-87a0-3d981ff7f03e,654,제가 오늘 아침에도 지금 구청장 협의회에 다녀오는 길입니다마는 그러나 우리가 편안하게 앉아서 구민을 위해서 일할 수 있는 여건이 만들어지지 아니하고 계속 우리를 흔드는 이러한 위해의 요소들이 지뢰처럼 산재해 있습니다.,[],['만들어지지 아니하고 계'],[],[],[],1,0,0,0,0,0,0,
spoken_data_11357.json,0feff34d-f10b-4d96-87a0-3d981ff7f03e,698,"주지하시는 바와 같이 2001년도 예산안은 우리 강남구의 내년도 살림에 기초가 되는 매우 중요한 안건으로 구청장이 편성하여 제출한 예산안이 합리적이고 적정하게 편성됐는지와 구민의 혈세인 예산이 한 푼의 낭비 없이 적재적소에 우선순위에 맞게 편성되었는지를 면밀히 검토하고 특히 선심성 사업이나 구민의 뜻에 맞지 않는 예산은 없는지, 합법성, 시의성, 타당성 등 심도 있는 심사와 검증을 위하여 예산결산특별위원회를 구성하고자 하는 것입니다.",[],['뜻에 맞지 않는 예산'],[],[],[],1,0,0,0,0,0,0,
spoken_data_11357.json,69bac2fa-2bb2-43dc-b686-a43286c347fb,748,○관광진흥과장 <NAME>: 그렇지 않고요 민간에 대한 계약조건에 보면 그게 협약서로 되어 있기 때문에 협약서로 되어 있습니다.,[],[': 그렇지 않고요 민'],[],[],[],0,0,0,0,0,1,0,
spoken_data_11357.json,69bac2fa-2bb2-43dc-b686-a43286c347fb,773,"다만 위원장님이 지적하신 것처럼 그걸 우리가 악용을 한다든지 집행부가 의도적으로, 그런 일은 있어서는 안 되는 것이고 이 관광정보 센터 건은 질의에 답변 과장이 드린 것처럼 그런 어떤 우리가 공사를 동절기에 하기 어려운 그런 계절적인 영향 때문에 그런 거지 추호도 어떤 특정업체를 배제하거나 아니면 특정업체에게 특혜를 주기 위해서 그런 것은 아니라는 점을 좀 양해를 해주시기를 부탁드리고 다음부터 가급적 그런 어떤 긴급 입찰은 지양을 하도록 하겠습니다.",['있어서는 안 되는 것'],[],[],[],[],1,0,0,0,0,0,0,
spoken_data_11357.json,69bac2fa-2bb2-43dc-b686-a43286c347fb,788,○관광진흥과장 <NAME>: 저희가 협약서 내용 중에 큰 조건이 하나가 뭐냐면 운영비는 저희가 예산으로 지원하지 않고 자체적으로 마케팅주식회사가 조달하는 형태로 되어 있습니다.,[],['지원하지 않고 자체'],[],[],[],1,0,0,0,0,0,0,
spoken_data_11357.json,69bac2fa-2bb2-43dc-b686-a43286c347fb,790,○관광진흥과장 <NAME>: 그런데 예산을 확보하지 않아가지고 자기들이 능력이 되든 뭐든 그 예산을 확보하지 못해서 운영비 때문에 자기들이 운영을 못하겠다고 만일에 저희한테 한다고 그러면 저희는 손해배상을 청구할 것입니다.,[],['확보하지 않아가지고'],[],['확보하지 못해서 운'],[],0,0,0,0,2,0,0,
spoken_data_11357.json,69bac2fa-2bb2-43dc-b686-a43286c347fb,792,저희가 직영하는 부분이 하나 있을 것이고 하나는 똑같이 어느 업체에다가 아웃소싱을 해서 위탁을 맡기는 방법이 있는데 직영을 할 것 같으면 공고할 필요는 없지만 마케팅주식회사가 만일에 못 온다고 손들면 다시 공고해가지고 업체를 선정하는 방법이 있지 않겠습니까?,[],[],['만일에 못 온다고'],[],[],0,1,0,0,0,0,0,
spoken_data_11357.json,69bac2fa-2bb2-43dc-b686-a43286c347fb,798,왜 그 또 다른 자료를 보니까 의료관광 그 부분을 하는 데 있어서는 어떤 서울관광마케팅주식회사 말고 다른 회사에서 의료관광 쪽은 3억 지원을 해달라 그래가지고 그건 계약을 하지 않고 지금 의료관광은 우리 보건소가 따로 하는 겁니까?,[],['약을 하지 않고 지금'],[],[],[],0,0,0,0,0,1,0,
spoken_data_11357.json,69bac2fa-2bb2-43dc-b686-a43286c347fb,813,오히려 STO 서울시 마케팅 관광 주식회사는 의료관광 쪽에는 사실 전문성도 없고 네트워크도 안 되어 있습니다.,['트워크도 안 되어 있'],[],[],[],[],0,0,0,0,0,1,0,
spoken_data_11357.json,69bac2fa-2bb2-43dc-b686-a43286c347fb,815,"그런데 보건소가 의료관광 파트는 직영을 하면서 운영비가 안 들기 때문에 오히려 잘 됐고 전문성도 더 높다
○<NAME> 위원: 저는 다른 뜻이 아니라 만약에 후원금이 한 3억 정도 잡혔던 거잖아요?",['운영비가 안 들기 때'],[],[],[],[],0,0,1,0,0,0,0,~기 때문: 명사절
spoken_data_11357.json,69bac2fa-2bb2-43dc-b686-a43286c347fb,836,"그래서 그 나이대도 같이 분석을 하고 보면 제가 이렇게 어줍지 않은 수학 실력으로 봤을 때도 우리 강남구 아니 서울에 중국인이 몇 분 오고 일본인이 몇 분 오고 그 외의 유럽을 포함한 미국들 뭐 이렇게 해서 얼마 됐을 때 그 모집단의 크기에 따라서 표본의 크기가 달라져야 된다고 보는데 지금 여러분들이 산출한 거에는 중국도 100명, 일본도 100명 그 외 여러 나라도 100명 이렇게 해 가지고 산출을 했어요.",[],['게 어줍지 않은 수학'],[],[],[],1,0,0,0,0,0,0,
spoken_data_11357.json,69bac2fa-2bb2-43dc-b686-a43286c347fb,842,"○<NAME> 위원: 네, 하여튼 뭐 저는 지금 뭐 M 스테이 지나 이런 데를 직접 가보지는 않았어요.",[],['접 가보지는 않았어요.'],[],[],[],0,0,0,0,0,1,0,
spoken_data_11357.json,69bac2fa-2bb2-43dc-b686-a43286c347fb,844,그랬을 때 아주 폭발적이었다고 하는데 저희는 그때 잘 몰라서 그건 제가 말씀 못 드리겠습니다.,[],[],['가 말씀 못 드리겠습'],[],[],0,0,0,0,0,1,0,
spoken_data_11357.json,69bac2fa-2bb2-43dc-b686-a43286c347fb,847,"그래서 그냥 설치만 해 놓지 말고 여러분들이 거기다가 이야기를 덧붙이는 그래서 여러분들이 스토리텔러가 돼서 해 주셔야 되는데 하여튼 뭐 그런 것들, 그래서 참 그리고 1차적으로 그런 것을 하실 때 저희들한테 자랑 좀 한 번 해 주세요.",[],[],[],[],['해 놓지 말고 여러'],0,1,0,0,0,0,0,
spoken_data_11357.json,69bac2fa-2bb2-43dc-b686-a43286c347fb,849,그리고 여러분들이 여기저기다 조형물도 만든다고 하는데 거기에 걸맞은 그리고 좀 저는 입체적이 됐으면 좋겠어요. 고형적으로 되지 말고 그래서 진짜 이렇게 귀랑 눈이 솔깃해지는 그런 것을 같이 연출해 주시기 바랍니다.,[],[],[],[],['으로 되지 말고 그래'],0,1,0,0,0,0,0,
spoken_data_11357.json,69bac2fa-2bb2-43dc-b686-a43286c347fb,853,"그래서 거기에서도 하루에 몇 시 정도 되면 우리 전통공연을 볼 수 있도록, 제가 거기가 그렇게 협조하지 않는다는 거 알아요.",[],['협조하지 않는다는'],[],[],[],1,0,0,0,0,0,0,
spoken_data_11357.json,69bac2fa-2bb2-43dc-b686-a43286c347fb,854,거기 그렇게 녹록지 않잖아요?,[],['게 녹록지 않잖아요?'],[],[],[],0,0,0,0,0,1,0,
spoken_data_11357.json,69bac2fa-2bb2-43dc-b686-a43286c347fb,863,그런데 하다 보니까 지금 <NAME> 위원님이 말씀하신 대로 저희도 그 부분이 마음에 안 들어 하는 부분인데요.,['마음에 안 들어 하'],[],[],[],[],1,0,0,0,0,0,0,
spoken_data_11357.json,69bac2fa-2bb2-43dc-b686-a43286c347fb,864,지금 우리가 여러 가지 상품이 있는데 관리가 충실하지 않아서 저희가 그것을 좀 고민 중에 있습니다.,[],['충실하지 않아서 저'],[],[],[],0,1,0,0,0,0,0,
spoken_data_11357.json,69bac2fa-2bb2-43dc-b686-a43286c347fb,869,그러면 강남구청에 들어가서 강남관광정보 센터를 바로 가기 하면 단순히 영어와 중국어와 일본어로 번역하게 되어 있고 사진 몇 개 간단하게 설명 이렇게 돼 있는데 본위원 생각에는 이 큰 예산 안 들이고 전 세계 사람들이 확 가고 싶고 당기게 할 수 있는 방법은 아주 쉽거든요?,['큰 예산 안 들이고'],[],[],[],[],0,1,0,0,0,0,0,
spoken_data_11357.json,69bac2fa-2bb2-43dc-b686-a43286c347fb,872,그리고 유튜브에 그런 것을 올려가지고 링크를 걸면 사실 돈도 안 듭니다.,['실 돈도 안 듭니다.'],[],[],[],[],0,0,0,0,0,1,0,
spoken_data_11357.json,69bac2fa-2bb2-43dc-b686-a43286c347fb,891,○관광진흥과장 <NAME>: 저희가 기부금을 직접 받지는 않고 저희가 관광정보 센터 운영권을 서울마케팅주식회사에다가 맡겼기 때문에 거기에서 받습니다.,[],['직접 받지는 않고 저희'],[],[],[],0,0,0,0,0,1,0,
spoken_data_11357.json,69bac2fa-2bb2-43dc-b686-a43286c347fb,909,그러면 다른 분들은 거기에다가 세금 내고 관리비까지 내고 임대료 내고하는 업체와 이것도 안 내고 저것도 안 내고 홈페이지도 다 관리해 주고 모든 것 다 해줘 버리면 거기에 들어가기 싫어하는 업체가 있겠습니까?,"['이것도 안 내고 저', '저것도 안 내고 홈']",[],[],[],[],0,0,0,0,2,0,0,
spoken_data_11357.json,69bac2fa-2bb2-43dc-b686-a43286c347fb,912,"뭐 우리가 뭐 담당 과장이나 국장께서 아, 이 업체를 특혜를 해 주기 위해서 했다고 보지는 않습니다.",[],['다고 보지는 않습니다.'],[],[],[],0,0,0,0,0,1,0,
spoken_data_11357.json,69bac2fa-2bb2-43dc-b686-a43286c347fb,919,"큰 무리는, 마케팅주식회사가 거기에 3개 업점에 대해서는 다 선점을 했기 때문에 저희가 핸들링하지는 않았지만 실질적으로 그분들이 거기서 운영하는 부분에 대해서는 현재까지는 별문제가 없는 것으로 봐집니다.",[],['핸들링하지는 않았지만'],[],[],[],0,0,0,0,0,1,0,
spoken_data_11357.json,69bac2fa-2bb2-43dc-b686-a43286c347fb,920,"○이학기 위원: 문제라는 것이 아니고 문제 인식을 못 하시는 것이 문제입니다, 지금. 그렇지 않아요.",[],['. 그렇지 않아요.'],['인식을 못 하시는'],[],[],1,0,0,0,0,1,0,
spoken_data_11357.json,69bac2fa-2bb2-43dc-b686-a43286c347fb,932,"환경자원센터를<NAME> 기업 외에 4개 기업, 5개 기업이 강남 컨소시움을 구성을 해가지고 그 운영을 일괄적으로 맡고 거기에 우리 예산이 전혀 들어가지 않고 운영을 할 수 있게끔 그렇게 됐지 않습니까?",[],['들어가지 않고 운영'],[],[],[],0,1,0,0,0,0,0,
spoken_data_11357.json,69bac2fa-2bb2-43dc-b686-a43286c347fb,937,"지금 제가 초기에 보고받기로는 물론 그 사람들이 여기에 후원금을, 협찬금을 냈지만 거기에 직원이 나와가지고 인건비 들어가고 초창기에 지금 방문하는 숫자가 활성화되기 전에는 그것이 그 사람들 입장에서도 크게 수익이 나느냐 그런 부분도 있고 저희들이 관광정보 센터를 5년, 10년을 STO 해 주는 것도 아니고 운영비를 거기에서 다 대고 우리 예산이 안 들어가는 조건으로 협약을 했기 때문에 우리가 만약에 우리 예산이 들어가는 직영이 됐든 그런 것을 한다고 그러면 이 학기 위원님 그런 염려하시는 부분이 되지 않게끔 공개적으로 모집을 하고 그렇게 하도록 하겠습니다.",['예산이 안 들어가는'],['분이 되지 않게끔 공'],[],[],[],1,1,0,0,0,0,0,
spoken_data_11357.json,69bac2fa-2bb2-43dc-b686-a43286c347fb,944,그러면 기본적으로 여기에 최소한 경비가 얼마 정도 들어가는지 이 예상을 해서 한 달간 당신들 상호를 올려줄 테니까 큰 이익이 남지 않게끔 말이지 제로베이스에서 계산하면 그것이 공익적 목적이에요.,[],['익이 남지 않게끔 말'],[],[],[],0,1,0,0,0,0,0,
spoken_data_11357.json,69bac2fa-2bb2-43dc-b686-a43286c347fb,951,"그 이유가 병원들이 홍보를 하고 자기네들이 그런 이익이 돼서 서로 하려고 해서 돌아가는 것이 아니고 거기 직원을 한 명 내지 두 명이 나와 있어서 상주를 해야 되고
○이학기 위원: 자, 병원은
○기획경제국장 직무대리 <NAME> 그것은 안 오려고 하기 때문에 주기적으로 돌아가고 있는 것이에요.",['그것은 안 오려고'],[],[],[],[],0,1,0,0,0,0,0,
spoken_data_11357.json,69bac2fa-2bb2-43dc-b686-a43286c347fb,970,○관광진흥과장 <NAME>: 댄스 하기 전에는 안 했던 것으로 압니다.,['전에는 안 했던 것'],[],[],[],[],1,0,0,0,0,0,0,
spoken_data_11357.json,69bac2fa-2bb2-43dc-b686-a43286c347fb,972,"그래서 집행내역을 보니까 어디 문방구 영수증을 갖다가 무슨 무대 만드는데 2,000만 원, 그래서 야, 이것은 안 되겠다.",['이것은 안 되겠다.'],[],[],[],[],0,0,0,0,0,1,0,
spoken_data_11357.json,69bac2fa-2bb2-43dc-b686-a43286c347fb,977,○이학기 위원: 그때 당시에 안 계셨습니까?,['당시에 안 계셨습니'],[],[],[],[],0,0,0,0,0,1,0,
spoken_data_11357.json,69bac2fa-2bb2-43dc-b686-a43286c347fb,998,○<NAME> 위원: 그러니까 지금 말대로라면 이 학기 위원님이 지적한 부분은 사실 관광마케팅 주식회사가 운영하게 되면 시의회에서 이것은 지적사항이지 않는가 생각이 들고 왜냐하면 시 소관의 공기업 산하기관이기 때문에 거기서 만약에 운영상에 우리가 이제 이것은 시정해달라고 해야 될 것 같고 그리고 공공기관 예를 들어서 동사무소도 있고 우리가 강남구 안에 공공기관이 여러 개가 있는데 그러면 강남의 땅들이 상당히 비싼데 그 부지마다 우리가 공공기관마다 이것이 땅값이 비싸서 이것 활용에 대해서 이것이 뭐 다 이제 우리가 모든 것들을 다시 한번 해야 되는 것인지?,[],['적사항이지 않는가 생'],[],[],[],0,0,0,1,0,0,0,
spoken_data_34688.json,ae4e4c38-f547-46f2-b3b4-c8d7120fb229,10,“ 이런 불친절한 공직자는 행정조치를 해야 한다가 행정조치를 하되 기록으로 남겨서 보관 관리를 해야 된다. 그 이유는 차후에 이와 같은 문제가 또다시 발생하지 않게 하기 위한 기록으로 남겨야 된다. ”,[],['발생하지 않게 하기'],[],[],[],0,1,0,0,0,0,0,
spoken_data_34688.json,ae4e4c38-f547-46f2-b3b4-c8d7120fb229,12,"그다음에 또 11월 9일 날도 또 내용이 다릅니다는데 아까 제가 말씀드리는 소방훈련을 하는데 협조 공문을 보내지 않았다 그러는 부분에 대해서 이건 공무원으로서, 이게 내용대로 하면 된다는 표현을 했어요.",[],['을 보내지 않았다 그'],[],[],[],0,0,0,1,0,0,0,
spoken_data_34688.json,ae4e4c38-f547-46f2-b3b4-c8d7120fb229,17,"그러니까 이 글을 보면 “ 우리 국민은 우선 다른 건 몰라도 불친절하다. 또 행정업무를 하면서 정당하게 공무원으로서 사전에 합동 소방 합동훈련을 실시함에 있어서 이런 일을 하겠다고 미리 통보를 해서 그 소속기관이 됐든 어떤 누가 공무원이 됐든 간에 그 공문에 공지를 하고 있었음에도 불구하고 사전 통보를 하지 못했기 때문에, 그렇게 받았기 때문에 과태료 부과 처분이 되어서 억울하다. ”",[],[],[],['보를 하지 못했기 때'],[],0,0,1,0,0,0,0,~기 때문: 명사절
spoken_data_34688.json,ae4e4c38-f547-46f2-b3b4-c8d7120fb229,21,○위원장 <NAME> :“ 청문감사담당관님 나오셨으니까 몇 가지 말씀드리겠어요.,[],[],[],[],[],0,0,0,0,0,0,0,
spoken_data_34688.json,ae4e4c38-f547-46f2-b3b4-c8d7120fb229,28,그러나 이거 자체 교육만으로 안 된다가 외부강사님이라도 초청을 해서 청렴과 관련된 부분에 대해 방법도 다시 해 볼 필요가 있습니다.,['육만으로 안 된다가'],[],[],[],[],0,1,0,0,0,0,0,
spoken_data_34688.json,ae4e4c38-f547-46f2-b3b4-c8d7120fb229,31,그러니까 다시는 이런 일이 발생하지 말도록 해 주시고요.,[],[],[],[],['발생하지 말도록 해'],0,1,0,0,0,0,0,
spoken_data_34688.json,ae4e4c38-f547-46f2-b3b4-c8d7120fb229,34,"현실적이지 않은 것, 비현실적인 거을 현재 맞지 않는 거을 과거서부터 내려온 것이라고 그래 가지고 그냥 그걸 선례 답습<NAME>으로 그냥 받아들이지 마시고 현재 안 맞는 건 고치셔야죠.",['고 현재 안 맞는 건'],"['현실적이지 않은 것,', '현재 맞지 않는 거을']",[],[],[],3,0,0,0,0,0,0,
spoken_data_34688.json,ae4e4c38-f547-46f2-b3b4-c8d7120fb229,35,현재 안 맞는 규칙이 됐든 규칙이 됐든 내부 시행 문서가 있든 간에 좀 현실적으로 고치세요.,['현재 안 맞는 규'],[],[],[],[],1,0,0,0,0,0,0,
spoken_data_34688.json,ae4e4c38-f547-46f2-b3b4-c8d7120fb229,36,○위원장 <NAME> :그럴 수성이 있지 않을까 생각이 들거든요.,[],['성이 있지 않을까 생'],[],[],[],0,0,0,1,0,0,0,
spoken_data_34688.json,ae4e4c38-f547-46f2-b3b4-c8d7120fb229,54,"저희 경기소방공무원들이 적어도 외국어를 한으로 구사할 수 있는 공무원이 많았으면 한다가 하는 부분을 한번 어제도 말씀을 좀 드렸는데 어떻게 그러냐면 외국인들이 다문화가정이 됐든 외국인이 됐든 간에 급했을 정도에 위급했을 경우 119 전화번호를 알아서 전화를 했는데 언어소통이 원활하지 못하기 때문에 신고를 했음에도 불구하고 신고 지역이 어딘지, 신고내용이 뭔지도 알아야 출동을 한 거 아닙니까?",[],[],[],['원활하지 못하기 때'],[],0,0,1,0,0,0,0,~기 때문: 명사절
spoken_data_34688.json,ae4e4c38-f547-46f2-b3b4-c8d7120fb229,55,"화재사건이 났는지, 구급 사건이 났는지, 구조 사건이 났는지, 산악 사건이 났는지 내용을 알아야 그에 맞는 장비나 차량을 가지고 출동을 할 거 아닌가고 그런데 그 내용을 우리가 익숙지 않기 때문에 잘 모른단 말이야.",[],['가 익숙지 않기 때문'],[],[],[],0,0,1,0,0,0,0,~기 때문: 명사절
spoken_data_34688.json,4ed35987-57fb-47d4-8499-99b10fa6bb55,171,"불이 꺼지지 않는 365일 24시간 언제나 민원실 청소와 민원 처리와 여권민원 등 총 13만여 건의 민원을 처리하였고 120경기도 콜센터 방문에 불편신고 접수, 외국어 수화상담 등 총 80만여 건의 고충을 처리하였습니다.",[],['이 꺼지지 않는 36'],[],[],[],1,0,0,0,0,0,0,
spoken_data_34688.json,4ed35987-57fb-47d4-8499-99b10fa6bb55,259,"자료 요구하실 분 안 계십니까?
에는 질의하실 위원님께서는 거수로 신청해 주시기 바란다에 <NAME> 위원님 질의해 주시기 바랍니다.",['하실 분 안 계십니까'],[],[],[],[],0,0,0,0,0,1,0,
spoken_data_34688.json,4ed35987-57fb-47d4-8499-99b10fa6bb55,287,○자치행정국장 <NAME> :제는 지방재정 확충을 위해서 시군에 정기적으로 점검을 하는데 그 다음으로 하는 것은 단순히 업무 점검이 아닌게 점검을 통해서 과세를 해야 하는데 과세를 하지 아니한 경우가 있는지 그런 부분을 점검을 하고요.,[],['세를 하지 아니한 경우'],[],[],[],1,0,0,0,0,0,0,
spoken_data_34688.json,4ed35987-57fb-47d4-8499-99b10fa6bb55,318,"제일 중요한 것은 이게 형평성에 맞아야, 물론 여기 자료에는 기록이 안 되어 있는데 이 직급에서는 제가 31개 시군의 누구라고는 말씀은 못 드리겠어요.",['기록이 안 되어 있'],[],['말씀은 못 드리겠어'],[],[],0,0,0,0,1,1,0,
spoken_data_34688.json,4ed35987-57fb-47d4-8499-99b10fa6bb55,320,그 사람은 1년도 안 되어 가지고 다시 또 돌아오고 어떤 분은 보통 평균 2년쯤 되죠?,['1년도 안 되어 가'],[],[],[],[],0,1,0,0,0,0,0,
spoken_data_34688.json,4ed35987-57fb-47d4-8499-99b10fa6bb55,325,○자치행정국장 <NAME> :기본적으로 시군에서 2년이나 3년 있으면 다시 한 사람으로 이렇게 교류를 해야 되는 상황인데 시군에 근무하는 분이 저희 시군에서 계속 근무를 하다가 거기서 근무를 하게 되면 시군의 입장에서는 다시 도에서 안 나오게 되고 우리가 속된 표현으로 먹을 수 있겠다는 기대감 때문에 본인이 원하면 올려보내질 않는 경우가 있습니다.,['도에서 안 나오게'],[],[],[],[],0,1,0,0,0,0,0,
spoken_data_34688.json,4ed35987-57fb-47d4-8499-99b10fa6bb55,350,○세원관리과장 <NAME> :패소된 것은 액수는 얼마가 확인이 안 되고 있는데 건수로만 확인이 되고 있습니다.,['확인이 안 되고 있'],[],[],[],[],0,1,0,0,0,0,0,
spoken_data_34688.json,4ed35987-57fb-47d4-8499-99b10fa6bb55,352,○ <NAME> :의 액수 확인 안 해 보셨어요?,['수 확인 안 해 보셨'],[],[],[],[],0,0,0,0,0,1,0,
spoken_data_34688.json,4ed35987-57fb-47d4-8499-99b10fa6bb55,354,○세원관리과장 <NAME> :패소의 이유를 보면 범칙사건의 경우에는 범칙사건으로서의 요건이 안 갖춰져 있는 만큼 패소 원인으로 저희들이 파악을 보고 있습니다.,['요건이 안 갖춰져'],[],[],[],[],1,0,0,0,0,0,0,
spoken_data_34688.json,4ed35987-57fb-47d4-8499-99b10fa6bb55,364,○세원관리과장 <NAME> :거의 변호사는 저희들이 맡지 못하고요.,[],[],[],['들이 맡지 못하고요.'],[],0,0,0,0,0,1,0,
spoken_data_34688.json,4ed35987-57fb-47d4-8499-99b10fa6bb55,367,"○ <NAME> 위원장님 본 위원이 이 사건에 대해서 질의한 의도는 체납자가 혹시나 세금을 지지 않을 속셈으로 고액의 변론료를 지급하면서 영향력이 있는 소송대리인을 사서 소송에 임했기 때문에 항변도 잘 못해 보고, 아무 말 못 해서 패한 경우가 아닌가 해서 질의해 본 것입니다.",[],['금을 지지 않을 속셈'],['아무 말 못 해서 패'],[],[],1,1,0,0,0,0,0,
spoken_data_34688.json,4ed35987-57fb-47d4-8499-99b10fa6bb55,368,○ <NAME> 위원:본 위원이 늘 했는 이야기지만 악덕 체납자들이 정말 재산이 없어서 엄두를 못 내면 할 수 없죠.,[],[],['엄두를 못 내면 할'],[],[],0,1,0,0,0,0,0,
spoken_data_34688.json,4ed35987-57fb-47d4-8499-99b10fa6bb55,394,"○ <NAME> 위원:아무리만 해도 악덕 체납자들 우리 국내은행 해외지점에다 송금시켜 놓고, 예금해 놓고 나을 죽치고 있는 사람들 모르긴 해도 최소한 지검장급 이상의 변호사들 고용하고 계신 경우도 적지 않을 것입니다, 틀림없이 이 사람들.",[],['우도 적지 않을 것입'],[],[],[],1,0,0,0,0,0,0,
spoken_data_34688.json,4ed35987-57fb-47d4-8499-99b10fa6bb55,411,○세정과장 <NAME> :시군에서 적극적으로 협조를 해서 패소하지 말고 승소 좀 많이 해서 조세정의를 지켜 주십시오 라는는 의견이라고 생각하고요.,[],[],[],[],['패소하지 말고 승소'],0,1,0,0,0,0,0,
spoken_data_34688.json,4ed35987-57fb-47d4-8499-99b10fa6bb55,413,첫째는 모든 공직자들 사기 떨어뜨리지 말라고 게으름 피우지 않고 어떻게든지 악착같이 소송에 임해서 승소해서 그<NAME> 제대로 확립하라고 만들어준 거거든요.,[],['름 피우지 않고 어떻'],[],[],['떨어뜨리지 말라고 게'],0,1,0,0,0,1,0,
spoken_data_34688.json,4ed35987-57fb-47d4-8499-99b10fa6bb55,430,○ <NAME> 위원:장학에 사무처장님 안 오셨어요?,['무처장님 안 오셨어요'],[],[],[],[],0,0,0,0,0,1,0,
spoken_data_34688.json,4ed35987-57fb-47d4-8499-99b10fa6bb55,478,이게 자원봉센터가 민간위탁을 주기 때문에 사실 그게 활성화가 안 되는 거예요.,['활성화가 안 되는 거'],[],[],[],[],1,0,0,0,0,0,0,
spoken_data_34688.json,4ed35987-57fb-47d4-8499-99b10fa6bb55,497,○경기도 자원봉사센터장 <NAME> :현재 재난재해 봉사활동이나 사회에에 개입된 그런 자원봉사가 이루어졌을 때는 개별적인 실비 지급이나 지급은 안 됩니다만 차량 지원 내지는 도시락/음료 이런 정도는 지금 현재 진행하고 있습니다.,['지급은 안 됩니다만'],[],[],[],[],0,0,0,0,0,1,0,
spoken_data_34688.json,4ed35987-57fb-47d4-8499-99b10fa6bb55,550,○자치행정국장 <NAME> :평가해 가지고서 중도에 그만둔 사람들 사례를 찾아보겠습니다만 새로 채용하고자 하는 경우에 자기가 일한 그 성과가 충분히 인정을 못 받거나 하는 경우에 … ….,[],[],['인정을 못 받거나'],[],[],0,1,0,0,0,0,0,
spoken_data_34688.json,4ed35987-57fb-47d4-8499-99b10fa6bb55,552,<NAME>적으로 한다고 하지만 그분들 평가해서 평가를 할 수 있는 것은 쉽지 못을 봐요.,[],[],[],['것은 쉽지 못을 봐요'],[],0,1,0,0,0,0,0,
spoken_data_34688.json,4ed35987-57fb-47d4-8499-99b10fa6bb55,563,○자치행정국장 <NAME> :서울 쪽에는 제가 잘 알지는 못합니다.,[],[],[],['잘 알지는 못합니다.'],[],0,0,0,0,0,1,0,
spoken_data_34688.json,4ed35987-57fb-47d4-8499-99b10fa6bb55,571,○자치행정국장 <NAME> :현실적으로는 쉽지는 못하은 상황입니다.,[],[],[],['로는 쉽지는 못하은 상'],[],1,0,0,0,0,0,0,
spoken_data_34688.json,4ed35987-57fb-47d4-8499-99b10fa6bb55,582,"○ <NAME> 위원:이렇게 발탁인사를 하면 그냥 자체적으로 하지 말고 그걸 공시화시켜서 우리 일반직공무원들이 눈을 봐도 “ 아, 이분은 특진할 만하다. ” 라고 인정이 할 수 있는, 그렇게 해 보는 거였죠?",[],[],[],[],['으로 하지 말고 그걸'],0,1,0,0,0,0,0,
spoken_data_34688.json,4ed35987-57fb-47d4-8499-99b10fa6bb55,588,○ <NAME> 위원:그런데 최종적인 것은 사실 그분들이 그렇게 할 수 있는 건 쉽지 못으로 봐요.,[],[],[],['건 쉽지 못으로 봐'],[],0,1,0,0,0,0,0,
spoken_data_34688.json,4ed35987-57fb-47d4-8499-99b10fa6bb55,609,"그런 공무원들만 교육하지 말고 기존의 공무원들 중에서도 이런 문제가 큰 공무원들은 공무원으로서의 자질이라든가 인성이라든가 사명감, 책임감 이런 부분들을 봐서 이런 부분들은 교육을 많이 했으면 좋겠다고 제가 건의를 했거든요.",[],[],[],[],['교육하지 말고 기존'],0,1,0,0,0,0,0,
spoken_data_34688.json,4ed35987-57fb-47d4-8499-99b10fa6bb55,611,○인사과장 <NAME> :지금 위원님께서 말씀하신 인성교육에 대한 설명도 별도로 갖고 있지는 않지만요.,[],['갖고 있지는 않지만요.'],[],[],[],0,0,0,0,0,1,0,
spoken_data_34688.json,4ed35987-57fb-47d4-8499-99b10fa6bb55,660,○자치행정국장 <NAME> :회의를 개최하는 경우에 일정 조정을 못 하는 부분도 있고 이걸 가지고 신속히 처리하고자 하는 부분에서 서면심의를 합니다,[],[],['조정을 못 하는 부'],[],[],1,0,0,0,0,0,0,
spoken_data_34688.json,4ed35987-57fb-47d4-8499-99b10fa6bb55,661,"고 보다 신속히 처리하고자 할 경우에 서면심의를 많이 하고 있다는 말씀을 드리는
○ <NAME> 위원:국장님께서 답변하실 상황이 안 되시면 직접 제를 지목을 하셔가지고 제를 정확히 좀 해 주시기 바랍니다.",['상황이 안 되시면'],[],[],[],[],0,0,0,0,1,0,0,
spoken_data_34688.json,4ed35987-57fb-47d4-8499-99b10fa6bb55,663,"저희가 답변이 안 나올 때 과장이나 담당자, 팀장이 하도록 하겠습니다.",['답변이 안 나올 때'],[],[],[],[],1,0,0,0,0,0,0,
spoken_data_34688.json,4ed35987-57fb-47d4-8499-99b10fa6bb55,668,참고로 말씀드리면 그런 분위기에 휩쓸리지 못하고 개인 독자적인 판단 또 서면으로 하다 보니까 그때 당시의 법률적인 판단도 할 수 있고요.,[],[],[],['휩쓸리지 못하고 개'],[],0,1,0,0,0,0,0,
spoken_data_34688.json,4ed35987-57fb-47d4-8499-99b10fa6bb55,670,"그런 측면에서 이것도 활용한다는 말씀을 합니다고
○ <NAME> 위원:말씀하신 그런 것에 의해 가지고 또 이렇게 대면하면서 심의하는 것보다 제는 차라리 대면하지 않고 본인의 소신껏 서면으로 심의를 가지고 서면에 대한 소신성이라든지 그런 거 할 수는 있어요.",[],['대면하지 않고 본인'],[],[],[],0,1,0,0,0,0,0,
spoken_data_34688.json,4ed35987-57fb-47d4-8499-99b10fa6bb55,673,"안 해 봐서 여쭤보는 건 아니고 전부 다 서면심의를 이렇게 돼 있으면 심의 위원들을 구성을 해 가지고 차라리 위원들을 뽑아 가지고요, 위촉직들을 바꿔 가지고 못 올 때 같으면 차라리 사퇴를 하고 올 수 있는 사람들로 새로 뽑을 하시는 게 어떨까 해요",[],[],['가지고 못 올 때'],[],[],1,0,0,0,0,0,0,
spoken_data_34688.json,4ed35987-57fb-47d4-8499-99b10fa6bb55,676,"○ <NAME> 위원장님 그러니까 연락을 하셨는데 참석이 어렵다고 해서 했는지 그 이유는 지금 제가 거기까지는 묻지 않겠습니다만 이분들에 관한 수당이 별도 지급되나요, 회의수당?",[],['지는 묻지 않겠습니다'],[],[],[],0,0,0,0,0,1,0,
spoken_data_34688.json,4ed35987-57fb-47d4-8499-99b10fa6bb55,680,"○ <NAME> 위원:그런데 이렇게 계속 심의를 하는데, 2014년부터 2015년까지 자료 가지고 있는데 회의 참석 않고 서면심의를 하는데 이 서면심의 내용까지 제가 보지는 않겠습니다만 그렇게 심의했다는 정도는 저도 알고 있겠어요, 어느 정도인지.",[],['제가 보지는 않겠습니다'],[],[],[],0,0,0,0,0,1,0,
spoken_data_34688.json,4ed35987-57fb-47d4-8499-99b10fa6bb55,681,그런데 오지도 아니고 계속 회의는 열지 않고 수당은 계속 10만 원씩 나가고 회의는 참석도 하지 않고 회의수당은 나가고 회의는 한 번 열지도 않고 서면심의로 계속 대체하고 하는데 앞으로도 그럴 가능성이 농후해 보이고 하는 것에 대한 우려를 말씀해 주셔야 됩니다.,[],"['의는 열지 않고 수당', '석도 하지 않고 회의', '번 열지도 않고 서면', '런데 오지도 아니고 계속']",[],[],[],0,4,0,0,0,0,0,
spoken_data_34688.json,4ed35987-57fb-47d4-8499-99b10fa6bb55,698,거기에 대한 운영비나 관리비 이런 건 고려을 안 하고요.,['고려을 안 하고요.'],[],[],[],[],0,0,0,0,0,1,0,
spoken_data_34688.json,4ed35987-57fb-47d4-8499-99b10fa6bb55,703,저희 차는 새 차니까 그러지는 않겠습니다마는 지금 운영들을 하고 있는 차량들 때문에 그런 것이 좀 있거든요.,[],['까 그러지는 않겠습니다'],[],[],[],0,0,0,0,0,1,0,
spoken_data_34688.json,4ed35987-57fb-47d4-8499-99b10fa6bb55,724,○ <NAME> 위원:제가 듣기로는 기기가 설치가 잘 안되고 있는데 야간민원실이라고 해 놓고 안 하는 것도 있더라,['해 놓고 안 하는 것'],[],[],[],[],1,0,0,0,0,0,0,
spoken_data_34688.json,4ed35987-57fb-47d4-8499-99b10fa6bb55,737,거기에 표시는 안 되어 있는데 이런 상황에 대해서는 잘 처리하고 계십니까?,['표시는 안 되어 있'],[],[],[],[],0,0,0,0,1,0,0,
spoken_data_34688.json,4ed35987-57fb-47d4-8499-99b10fa6bb55,779,"다만 위원님께서도 설명을 하셨지만 주민자치회가 아직까지는 그런 기능을 수행하기에는 인적 구성이, 물론 안 그런 데도 그것이 충분치 못하다는 측면에서 그런 의도한 바가 제대로 수행되지 못하고 있는 측면이 있다는 말씀을 드립니다.","[', 물론 안 그런 데']",[],[],['수행되지 못하고 있'],[],2,0,0,0,0,0,0,
spoken_data_34688.json,4ed35987-57fb-47d4-8499-99b10fa6bb55,784,"말 그대로 지역의 권리 다 못 받은 거 아니에요, 이게요?",[],[],['권리 다 못 받은 거'],[],[],1,0,0,0,0,0,0,
spoken_data_34688.json,4ed35987-57fb-47d4-8499-99b10fa6bb55,813,"○ <NAME> 위원:그러다 보면 아무래도 구비조건, 지역의 입지나 입지조건이 안 맞는 데 대한 욕심만 가지고 하는 경우가 많이 생길 거 같은 느낌이 들어서 이 점을 인사에서 적용하면서도 좀 유의해 줬으면 하는 생각이 듭니다, 이건요.",['지조건이 안 맞는 데'],[],[],[],[],1,0,0,0,0,0,0,
spoken_data_34688.json,4ed35987-57fb-47d4-8499-99b10fa6bb55,865,○ <NAME> 위원:지금 채용 안 하시는 이유가 뭡니까?,['금 채용 안 하시는'],[],[],[],[],1,0,0,0,0,0,0,
spoken_data_34688.json,4ed35987-57fb-47d4-8499-99b10fa6bb55,868,○경기도 장학 위원장 <NAME> :현재 예산이 확보가 안 된다가 때문에 못하고 있습니다.,['확보가 안 된다가'],[],[],[],[],0,0,1,0,0,0,0,~기 때문: 명사절
spoken_data_34688.json,4ed35987-57fb-47d4-8499-99b10fa6bb55,881,○ <NAME> :님 그럼 안 되죠.,['님 그럼 안 되죠.'],[],[],[],[],0,0,0,0,0,1,0,
spoken_data_34688.json,4ed35987-57fb-47d4-8499-99b10fa6bb55,882,차라리 야간근무를 안 하시는 게 낫죠.,['간근무를 안 하시는'],[],[],[],[],1,0,0,0,0,0,0,
spoken_data_34688.json,4ed35987-57fb-47d4-8499-99b10fa6bb55,884,○경기도 장학 관장 <NAME> :금년도에 아직도 확보가 안 돼 있는데 지금 채용을 못하고 있었습니다.,['확보가 안 돼 있는'],[],[],[],[],0,0,0,0,1,0,0,
spoken_data_34688.json,4ed35987-57fb-47d4-8499-99b10fa6bb55,886,"○ <NAME> 위원:관장님, 이렇게 채용이 이루어졌다면 이건 안 하는 게 나았던 거예요.",['면 이건 안 하는 게'],[],[],[],[],1,0,0,0,0,0,0,
spoken_data_34688.json,4ed35987-57fb-47d4-8499-99b10fa6bb55,892,내년에도 만약에 예산 확보가 안 돼 있는 1명만 퇴직을 수밖에 없다고 한다면 이것 하지 마셔야 됩니다.,['확보가 안 돼 있는'],[],[],[],[],1,0,0,0,0,0,0,
spoken_data_34688.json,4ed35987-57fb-47d4-8499-99b10fa6bb55,929,"최저임금은 보통 최저임금에 산입되는 경우도 있고요, 최저임금에 산입되지 않는 임금이 있는데 서울시 자치행정국에서 제출한 구내식당 조리원 무기계약직 급여대장을 보면 기본급하고 직종 차이는 최저임금에 산입되는 임금이고 시간외근무수당, 휴일근무수당, 출근 장려수당, 가족수당, 휴가나 명절휴가비, 연가보상비 이런 것들은 최저임금에 산입되지 못은 임금이에요.",[],['산입되지 않는 임금'],[],['산입되지 못은 임금'],[],2,0,0,0,0,0,0,
spoken_data_34688.json,4ed35987-57fb-47d4-8499-99b10fa6bb55,932,"적지 않은 급여가 나갔어요, 급여가.",[],['적지 않은 급여'],[],[],[],1,0,0,0,0,0,0,
spoken_data_34688.json,4ed35987-57fb-47d4-8499-99b10fa6bb55,936,그래서 이건 우리 국장님의 잘못이라기보다는 경기도가 생활임금제를 받아들이면서 디테일하게 검토를 가지 않았다.,[],['토를 가지 않았다.'],[],[],[],0,0,0,0,0,1,0,
spoken_data_34688.json,4ed35987-57fb-47d4-8499-99b10fa6bb55,937,그러면서 실제로 본 위원뿐만 아니라 그 위원들이 생각하고 있었던 생활임금 시행이 생각대로 되지 않고 했는 거예요.,[],['대로 되지 않고 했는'],[],[],[],1,0,0,0,0,0,0,
spoken_data_34688.json,4ed35987-57fb-47d4-8499-99b10fa6bb55,939,"그래서 지금 142만 3,290원 이상을 209시간 기준으로 <NAME> 라고 이렇게 정한 건데 실제로는 산입되는 임금의 합이 142만 3,290원이 안 되는데 그렇지 못한 거죠.",['90원이 안 되는데'],[],[],['데 그렇지 못한 거죠'],[],1,1,0,0,0,0,0,
spoken_data_34688.json,4ed35987-57fb-47d4-8499-99b10fa6bb55,940,그래서 다른 수당으로 했기 때문에 실제로는 생활임금 하겠다고 해 놓고서 생활임금을 안 하고 했는 거예요.,['활임금을 안 하고 했'],[],[],[],[],1,0,0,0,0,0,0,
spoken_data_34688.json,4ed35987-57fb-47d4-8499-99b10fa6bb55,942,그러면 이 수당도 봐야겠지만 어쩌면 9급 정규직 공무원들도 생활임금 대상을 최저임금에 산입되는 임금만 놓고 보면 생활임금조차도 지키지 않는 경우가 생기는 거예요.,[],['도 지키지 않는 경우'],[],[],[],1,0,0,0,0,0,0,
spoken_data_34688.json,4ed35987-57fb-47d4-8499-99b10fa6bb55,956,"최저임금법상에 최저임금에 산입되는 임금이 있고, 그건 월에 1인가 그렇고 최저임금에 산입되지 못은 임금은 별표 2로 해 가지고 계산으로 돼 있어요.",[],[],[],['산입되지 못은 임금'],[],1,0,0,0,0,0,0,
spoken_data_34688.json,4ed35987-57fb-47d4-8499-99b10fa6bb55,962,"그 부분은 면밀하게 검토하셔 가지고 위반하지 않도록, 이건 자치행정국뿐만 아니라 경기도 차원도 다시 생활임금에 대해서는 재정립할 필요가 있다.",[],"['위반하지 않도록,']",[],[],[],0,1,0,0,0,0,0,
spoken_data_34688.json,4ed35987-57fb-47d4-8499-99b10fa6bb55,989,"○특별사법경찰단장 <NAME> :꼭 그렇지는 않지만 지금 저희들이 환경직으로 채용된 공무원이면 환경직이거든요, 환경직 예는 그다음에 축산, 농업 예를 들어서 보건 이런 식으로 그쪽 직렬에 해당되는 부서에 와서 근무를 하고 수사를 하고는 그런 상황입니다.",[],['꼭 그렇지는 않지만 지'],[],[],[],0,0,0,0,0,1,0,
spoken_data_30.json,f480736e-bea0-4985-99a2-6115c24912fa,19,○<NAME> 위원: 전기 요금 관계인데 전기 요금은 정화조 가동하는 것과 상관있는데 가동을 안 했을 경우에는 전기 요금이 인하되어 나와야 되는 거죠.,['가동을 안 했을 경'],[],[],[],[],1,0,0,0,0,0,0,
spoken_data_30.json,f480736e-bea0-4985-99a2-6115c24912fa,25,"○<NAME> 위원: 4월에는 전기 요금이 많이 나와야 되는데 처리용량 4,230㎘에 전기 요금은 320만 원밖에 안 내었는데 180만 원 정도 차액이 생기는데 이것은 여기에서 처리 안 하고 바로 내보냈다는 증명 아닙니까?","['원밖에 안 내었는데', '서 처리 안 하고 바']",[],[],[],[],1,1,0,0,0,0,0,
spoken_data_30.json,f480736e-bea0-4985-99a2-6115c24912fa,26,○위생처리장 관리소장 <NAME>: 전기 없으면 바로 안 나갑니다.,['면 바로 안 나갑니다'],[],[],[],[],0,0,0,0,0,1,0,
spoken_data_30.json,f480736e-bea0-4985-99a2-6115c24912fa,27,○<NAME> 위원: 앞뒤가 안 맞잖아요.,['앞뒤가 안 맞잖아요'],[],[],[],[],0,0,0,0,0,1,0,
spoken_data_30.json,f480736e-bea0-4985-99a2-6115c24912fa,32,위원님 말씀하신 것 같이 전기가 안 오는데 똥물을 그대로 방류한 것이 아니냐 말씀하시는데 전기가 없으므로 방류가 안됩니다.,['전기가 안 오는데'],[],[],[],[],0,1,0,0,0,0,0,
spoken_data_30.json,f480736e-bea0-4985-99a2-6115c24912fa,33,그 점은 의심 안 하셔도 되겠습니다.,['은 의심 안 하셔도'],[],[],[],[],0,1,0,0,0,0,0,
spoken_data_30.json,f480736e-bea0-4985-99a2-6115c24912fa,44,○위생처리장 관리소장 <NAME>: 꼭 그렇지는 않습니다.,[],['꼭 그렇지는 않습니다.'],[],[],[],0,0,0,0,0,1,0,
spoken_data_30.json,f480736e-bea0-4985-99a2-6115c24912fa,45,해야 될 시설을 안 해서도 방류할 수 있을 때는 법정 기준치보다 BOD가 올라가는 것이고 시설을 고쳐서 기능이 작동하니까 전기 요금이 올라가는 겁니다.,['시설을 안 해서도'],[],[],[],[],0,1,0,0,0,0,0,
spoken_data_30.json,f480736e-bea0-4985-99a2-6115c24912fa,46,○<NAME> 위원: 그전에 시설 작동 안 해서 방류시키면 그전에 법정 기준치 이상 방출했다는 것 아닙니까?,['설 작동 안 해서 방'],[],[],[],[],0,1,0,0,0,0,0,
spoken_data_30.json,f480736e-bea0-4985-99a2-6115c24912fa,63,○<NAME> 위원: 그러면 우리가 생각했을 때 눈으로 봐서 시각적으로 했을 때와 뒤에서 했을 때 정확한 수치가 안 나오죠?,['수치가 안 나오죠?'],[],[],[],[],0,0,0,0,0,1,0,
spoken_data_30.json,f480736e-bea0-4985-99a2-6115c24912fa,76,그 수수료를 우리가 받아들인다면 업자가 돈이 아까워서 그런 식으로 갖고 가서 처리는 안 할 것이다는 가장 중요한 얘기입니다.,['처리는 안 할 것이'],[],[],[],[],1,0,0,0,0,0,0,
spoken_data_30.json,f480736e-bea0-4985-99a2-6115c24912fa,79,만약에 t 당 2만 원이나 3만 원을 받으면 그 업자들이 그렇게 하라고 해도 안 합니다.,['고 해도 안 합니다.'],[],[],[],[],0,0,0,0,0,1,0,
spoken_data_15205.json,783c87e1-6af0-46b6-a0b3-f2e2bff4c102,862,○李相泰 委員: 모르신다고 그러니까 뭐라고 질의를 못 드리겠고 결과 보고를 본 위원이 받겠습니다.,[],[],['질의를 못 드리겠고'],[],[],0,0,0,0,0,1,0,
spoken_data_15205.json,783c87e1-6af0-46b6-a0b3-f2e2bff4c102,880,"지금 현재 지난번 본 위원이 행정사무감사 때 반입료의 4%를 지역민들한테 주게끔 되어 있는데 우리 국장으로서 볼 때 거기에 간접 영향권 안에 그 지역 송강이라든가 그리고 또 신동, 포함되지 않은 금탄동까지 포함이 된다고 해도 우리 시에서는 전혀 잘못될 이유가 없다고 여겨지는데 그렇게 대처하는 것은 그런 부분을 어떻게 보면 지역민들을 협조해 주는 측면이 아니고 지역민들을 선동할 수 있는 그런 역할밖에 안 하는가 하고 생각되는데 그렇지 않습니까?",['역할밖에 안 하는가'],['포함되지 않은 금탄'],[],[],[],1,0,1,0,0,0,0,
spoken_data_15205.json,783c87e1-6af0-46b6-a0b3-f2e2bff4c102,881,○環境局長 全義秀: 그것은 그렇게 생각하지 않습니다.,[],['생각하지 않습니다.'],[],[],[],0,0,0,0,0,1,0,
spoken_data_15205.json,783c87e1-6af0-46b6-a0b3-f2e2bff4c102,889,그리고 거기에 과연 금고동 매립장이 거기에 위치해 있지 않았다면 그냥 음용수 먹어도 되는 그런 지역입니다.,[],['치해 있지 않았다면'],[],[],[],0,1,0,0,0,0,0,
spoken_data_15205.json,783c87e1-6af0-46b6-a0b3-f2e2bff4c102,890,비근한 예로 구즉에 구룡이라든가 둔곡 같은 경우는 그냥 식수로 쓰고 있는데 유독 그쪽 지역만 매립장이라는 그런 위해 된 뭐가 있기 때문에 지금 마음적으로 찝찝해서 물을 못 먹고 있는 실정입니다.,[],[],['서 물을 못 먹고 있'],[],[],1,0,0,0,0,0,0,
spoken_data_15205.json,783c87e1-6af0-46b6-a0b3-f2e2bff4c102,896,○李相泰 委員: 그런데 지금 현재 그런 영향권 내에 포함되지 않았기 때문에 기금 사용을 못 하는 것 아닙니까?,[],['포함되지 않았기 때'],['사용을 못 하는 것'],[],[],1,0,1,0,0,0,0,
spoken_data_15205.json,783c87e1-6af0-46b6-a0b3-f2e2bff4c102,898,"유성구하고 관련된 문제라서 제가 속단, 된다 안 된다 말씀드리기는 어렵겠지만 잘 아시는 바와 같이 유성지역에서 매립장이 있음으로 해서 유성지역에서 반입되는 반입료 수수료의 50%를 감면을 해주고 있고 그 예산이 유성구에서 1년에 아마 제가 파악하기로는 1억 5,000여만 원이 확보되는 것으로 알고 있습니다.","[', 된다 안 된다 말']",[],[],[],[],1,0,0,0,0,0,0,된다 안 된다
spoken_data_15205.json,783c87e1-6af0-46b6-a0b3-f2e2bff4c102,901,"○李相泰 委員: 앞서 동료 위원께서도, 신대동 매립장에 대해서 사후관리 측면에서 지적 당하고 있었는데 금고동 위생매립장의 지역민들과 협의만 일찍 되었으면 신대동 매립장은 탄생하지 않은 것 아니겠어요, 그렇지요?",[],['탄생하지 않은 것'],[],[],[],1,0,0,0,0,0,0,
spoken_data_15205.json,783c87e1-6af0-46b6-a0b3-f2e2bff4c102,906,"○李相泰 委員: 시의 업무 보고서에서도 방금 전에 30년 이상 활용할 장기 위생매립장을 금고동에다가 광범위하게<NAME>다고 했는데 그쪽 지역주민들하고 뭔가 일맥상통한 그런 부분이 있어야지 조성도 가능한 것이지, 지금 하찮은 것까지도 시에서 협조를 안 해 주면 17만 4,000평 그 이외에 나머지 부분은 반대한다면 어떻게 할 것입니까, 그러면.
○李相泰 委員: 하여간 국장님께서 장기적인 안목을 갖고 지역민들과 유대관계를 위해서라면 조그만 부분까지 서로 협조해서 행정을 이끌어 나가는 것이 좋을 것이라는 본 위원의 생각입니다.",['협조를 안 해 주면'],[],[],[],[],0,0,0,0,1,0,0,
spoken_data_15205.json,783c87e1-6af0-46b6-a0b3-f2e2bff4c102,908,더 이상 감사하실 위원님이 안 계시므로 환경국 소관 행정사무감사를 마치기 전에 당부의 말씀을 드리겠습니다.,['위원님이 안 계시므로'],[],[],[],[],0,0,0,0,1,0,0,
spoken_data_15205.json,97ea21fa-180e-4cdd-8575-7685e831c2cf,948,○李寅九 委員: 도시계획이 아직 안 된 상태에서 미급수 지역에 지금 급수시설을 하고 있지요?,['이 아직 안 된 상태'],[],[],[],[],1,0,0,0,0,0,0,
spoken_data_15205.json,97ea21fa-180e-4cdd-8575-7685e831c2cf,953,그렇지 않으면 그냥 지금 현재 길 그 상태에다가 수도관을 묻고 공사를 하고 있기에 이거 지금 낭비하는 것이 아닌가 해서 내가 한 말씀 묻습니다.,[],['그렇지 않으면 그'],[],[],[],0,1,0,0,0,0,0,
spoken_data_15205.json,97ea21fa-180e-4cdd-8575-7685e831c2cf,957,그래서 지금 현재는 전부 도시계획 선을 미리 봐 가지고 거기에 저촉이 되지 않는 그러한 노선으로 결정을 하고 있습니다.,[],['촉이 되지 않는 그러'],[],[],[],1,0,0,0,0,0,0,
spoken_data_15205.json,97ea21fa-180e-4cdd-8575-7685e831c2cf,959,○李寅九 委員: 그러니까 구획정리가 확정이 아직 안 됐어도 도시계획선은 나와 있지요?,['이 아직 안 됐어도'],[],[],[],[],0,0,0,0,0,1,0,
spoken_data_15205.json,97ea21fa-180e-4cdd-8575-7685e831c2cf,962,○李寅九 委員: 그렇기 때문에 앞으로 그렇게 큰 걱정은 안 해도 된다는 것이지요?,['걱정은 안 해도 된'],[],[],[],[],1,0,0,0,0,0,0,
spoken_data_15205.json,97ea21fa-180e-4cdd-8575-7685e831c2cf,964,"왜 그러냐면 우선 길을 지금 내고 있으니까 길을 낼 때 수도관을 미리 묻고 다시 파지 않으니까 이중 공사가 되지 않으니까 예산이 좀 절약이 되지 않느냐 하는 그런 것은 아주 잘 한다고 생각을 하고, 앞으로도 그런 도로가 확정이 되면 미리 그 도로에 맞춰서 계획을 세워서 거기에 급수관을 미리 묻어주면 나중에 도로가 완성된 후에 다시 파지 않아도 되니까 이중 경비가 들어가지 않잖아요, 그렇지요?",[],"['다시 파지 않으니까', '사가 되지 않으니까', '다시 파지 않아도 되', '들어가지 않잖아요,']",[],[],[],0,0,0,0,3,1,0,
spoken_data_15205.json,97ea21fa-180e-4cdd-8575-7685e831c2cf,969,그런 시스템이 아직 안 되어 있습니까?,['이 아직 안 되어 있'],[],[],[],[],0,0,0,0,0,1,0,
spoken_data_15205.json,97ea21fa-180e-4cdd-8575-7685e831c2cf,971,○李寅九 委員: 아직 안 되어 있어요?,[': 아직 안 되어 있'],[],[],[],[],0,0,0,0,0,1,0,
spoken_data_15205.json,97ea21fa-180e-4cdd-8575-7685e831c2cf,981,○李寅九 委員: 그래서 내가 택시를 타고 약속이 있어서 나가다 보니까 터져 가지고 있는 것을 보니까 뭐라고 그러냐면 저것이 상호 간에 협조 체제가 잘 이루어지지 않았기 때문에 저런 현상이 오지 않았느냐?,[],['이루어지지 않았기 때'],[],[],[],0,0,1,0,0,0,0,
spoken_data_4312.json,646b5af9-f098-466e-bae6-5fd37eaec3d0,23,"집행부서와 인제 그 간극이 너무 중첩이 되지 않게 하야 되겠다, 시행단계니까 여기는, 그렇죠",[],['첩이 되지 않게 하야'],[],[],[],0,1,0,0,0,0,0,
spoken_data_4312.json,646b5af9-f098-466e-bae6-5fd37eaec3d0,24,"예를 들어서 뭐 해외 마케팅 등으로 갔다, 그런에 따라서 갔다 온 게 중요한 게 아니고 그 결과가 뭐냐가 거의 다르다는 말이에요, 물론 그게 바로 결과가 나타나는 건 아니겠죠마는, 1건도 잘 안 보인다 말이에요, 업무보고를 할 때는 그런 거가 어떤데 어떻게 갔다 왔는데 어떤 결과가 이렇게 나타날 가망이 있다라든지 이렇게 추진이 된다라든지 이런 거가 좋지",['건도 잘 안 보인다'],[],[],[],[],1,0,0,0,0,0,0,
spoken_data_4312.json,646b5af9-f098-466e-bae6-5fd37eaec3d0,26,예.그래서 저희들이 불필요한 위원회라든가 이런 부분들은 양산을 하지 않도록 위원님께서 말씀해 주신 그 점검을 다시 한번 다시 해보도록 그렇게 하겠습니다.,[],['산을 하지 않도록 위'],[],[],[],0,0,0,0,1,0,0,
spoken_data_4312.json,646b5af9-f098-466e-bae6-5fd37eaec3d0,28,"이게 그 컨설팅 업무가 굉장히 많은데 중소기업 경영 컨설팅, 또 중소기업 소상공인 컨설팅, 기업 활용 컨설팅, 컨설팅 컨설팅인데 박람회, 전시회, 전시회에 사절단 뭐 거의 모니터링 이게 산업 경제진흥원 업무인지 조금 새로운 것가 나와야 되지 않느냐, 피부적으로 그렇고 내가 이야기한 대로 서민 또는 일자리 창출 그런 부분하고 컨설팅하고 연결은 되겠지만 이게 고유 기본의 부분이 되겠지만 좀 독특한 뭐 특화된 뭐가 있어야 되겠다, 저도 뭔가는 지금 얘기가 안 나옵니다.",['얘기가 안 나옵니다'],[],[],[],[],0,0,0,0,0,1,0,
spoken_data_4312.json,646b5af9-f098-466e-bae6-5fd37eaec3d0,30,능력 못 미치는 부분이 많지만 또 어떤 부분은 저희들이 그 수탁사업을 해서 나갈 수밖에 안는 부분이 있고 조금 전에 말씀하셨던 컨설팅 뭐 이런든지 안 그러면 경영 컨설팅이든 소상공인 컨설팅이든 마찬가지가 중소기업이라든가 소상공인 경쟁력 향상 쪽에 초점이 맞춰져 있기 때문에 이런 쪽에서 하고 있는 그런 어떤 업무 중에 하나입니다.,['이런든지 안 그러면'],[],['능력 못 미치는'],[],[],1,1,0,0,0,0,0,
spoken_data_4312.json,646b5af9-f098-466e-bae6-5fd37eaec3d0,32,"기본으로 가야 할 부분들 거기에만 치중돼서는 안 됐지 않느냐, 좀 인제 이제 그 플러스알파를 창출할 때가 되었지 않느냐 어떤 그런 취지입니다.",['중돼서는 안 됐지 않'],[],[],[],[],1,0,0,0,0,0,0,"않느냐
이중부정"
spoken_data_4312.json,646b5af9-f098-466e-bae6-5fd37eaec3d0,37,"그런데 큰 기업에서 한 1억 정도 난 비용 절감은 아니지만 그렇게 그이 효과가 있는 걸로 평가가 안 되겠습니다마는 이런 부분들 다 좀 영세하고 뭐 어려운 데기 때문에 나름대로 상당히 그 업주의 입장에서는 굉장히 자기네들 효과가 없는 걸로 해서 기회만 있으면 생산관리 분야 말고라도 좀 받았으면 좋겠다, 그런 이야기를 하고 있는 부분이 좀 있습니다.",['평가가 안 되겠습니'],[],[],[],[],0,0,0,0,0,1,0,안 되겠습니다마는
spoken_data_4312.json,646b5af9-f098-466e-bae6-5fd37eaec3d0,53,전혀 그런 게 안 보인다는 거죠.,['그런 게 안 보인다는'],[],[],[],[],1,0,0,0,0,0,0,
spoken_data_4312.json,646b5af9-f098-466e-bae6-5fd37eaec3d0,55,"묻고 싶은데 부산 ․ 후쿠오카 초광 역경 제권 교류 강화할 것에 경제협력 협의회가 뭐 어떤 운영 내지 여기 인적 구성이 안 됩니까
저희 쪽에는 지금 저희들 1명을 해서 후쿠오카 시 쪽 담당자하고 각종 어떤 연락관계라든가 이런 것 해가면서 하고 그러고 특히 인자 저희 쪽에는 그런 파트를 통해가지고 저기 저 우리 무역사무소라든가 그다음에 여기 인제 여직원 1명이 있는 쪽하고 있는 각종 교류관계라든가 일이 있을 경우 서로 조정하는 이런 그걸 하게 됩니다.",['구성이 안 됩니까'],[],[],[],[],0,0,0,0,0,1,0,
spoken_data_4312.json,646b5af9-f098-466e-bae6-5fd37eaec3d0,68,"그럼 그분들이 한 달에 몇 번씩 회의합니까, 1년에 한 번밖에 참석 안 합니까, 협의회가.","['에 참석 안 합니까,']",[],[],[],[],0,0,0,0,0,1,0,
spoken_data_4312.json,646b5af9-f098-466e-bae6-5fd37eaec3d0,73,"제가 그 협의회가 제대로 작동이 되고 있는가를 묻는 거예요, 그것만 알고 보니까 그런 사람들이 협의회 회원인데 이게 의미가 크지 않느냐는 거죠, 그분들이 공공투자유치 활동을 잘 하고 있습니까",[],['미가 크지 않느냐는'],[],[],[],1,0,0,0,0,0,0,않느냐는
spoken_data_4312.json,646b5af9-f098-466e-bae6-5fd37eaec3d0,77,"차라리 그러지 말고 실무회 또는 부회장을 한다라든지 상공회의소 무슨 처장을 상대로 해서 모임을 가져도 분기별로 가지면서 실질적으로 도움이 되는 그런 협의체라든지 위원회가 만들게 되는 거다, 이렇게 말이죠.",[],[],[],[],['리 그러지 말고 실무'],0,1,0,0,0,0,0,
spoken_data_4312.json,646b5af9-f098-466e-bae6-5fd37eaec3d0,83,"우리 본예산에서 다 쓰고 일반이나 특별회계에서 안 쓸는 진흥원에다 돈 2억 7,000을 내려놓고 여직원 하나 월급은 아닐 거니까.",['회계에서 안 쓸는 진'],[],[],[],[],1,0,0,0,0,0,0,
spoken_data_4312.json,646b5af9-f098-466e-bae6-5fd37eaec3d0,84,예.그렇지만 뭐 자체적으로 사업을 하고 해서 집행을 하고 이렇지는 않습니다.,[],['고 이렇지는 않습니다.'],[],[],[],0,0,0,0,0,1,0,
spoken_data_4312.json,646b5af9-f098-466e-bae6-5fd37eaec3d0,87,"이거죠, 안 그러면 숨기려고 했든지.","['이거죠, 안 그러면']",[],[],[],[],0,1,0,0,0,0,0,
spoken_data_4312.json,646b5af9-f098-466e-bae6-5fd37eaec3d0,92,"충분히 활용을 하셔야죠, 그렇지만 그들의 잔치라는 소리가 안 나오게끔.",['소리가 안 나오게끔'],[],[],[],[],0,1,0,0,0,0,0,안 나오게끔????
spoken_data_4312.json,646b5af9-f098-466e-bae6-5fd37eaec3d0,94,"그건 아마도 <NAME> 부장이 그 내용을 잘 아실 겁니다, 아마. 끼리끼리 그런 내용들이 돼서는 안 될 텐데요을 잘 판단을 해서 그런면 뭐 그런 선발위원이 스파트로 생길 수는 있겠죠, 어느 업체가 가고 또 우리 기업 중에서는 누가 가게 되고, 또 거기에 대해서 성과를 낼 수 있고 업무가 연계된 그런 것이 뭐가 되어야 될 겁니다.",['돼서는 안 될 텐데'],[],[],[],[],0,0,0,0,0,1,0,
spoken_data_4312.json,646b5af9-f098-466e-bae6-5fd37eaec3d0,100,"예.위원님 말씀해 주신 거 저희들이 하여튼 그런 새로운 부분들 좀 개발할 수 있는 부분 최대한 한번 …
그래서 박람회나 전시회나 이런데 다 보고 갔다 … 참 대표적인 사례들이 있다면 각 작년도에 인제 우리 전시회, 그에 IR, 해외 마케팅 주로 그쪽에서 갔다 온 걸로 그치지 말고 그와 관련은 게 있는 걸 좀 정리를 주시고, 원장님도 한번 추려보시고, 그 다음은 자료를 저한테도 한번 제출해 주세요.",[],[],[],[],['로 그치지 말고 그와'],0,0,0,0,0,1,0,
spoken_data_4312.json,646b5af9-f098-466e-bae6-5fd37eaec3d0,107,"원장님, 지금 경제진흥원에 간부 명단 안 있습니까",['부 명단 안 있습니까'],[],[],[],[],0,0,0,0,0,1,0,
spoken_data_4312.json,646b5af9-f098-466e-bae6-5fd37eaec3d0,125,"기억이 안 나요는
뭐 있는 건 아닌데, 이런 설명회가 있을 때 활용을 잘 하시라는 얘기를 제가 드리고 싶어서 지금 말씀드리는 것이고요, 한번 여쭤해 보십시오.",['기억이 안 나요는'],[],[],[],[],0,0,0,0,0,1,0,안 나요는???
spoken_data_4312.json,646b5af9-f098-466e-bae6-5fd37eaec3d0,145,그래서 저희들 신발센터가 그간에 장비 문제가 좀 많이 되지 못했다 하는 그런 지적이 많았는데 요번에는 오랜 기간 검토를 하고 나서 저희들이 사실상 장비 없이 전문 인력을 양성시켜서 하는 데 이 장비가 도입이 된다 하면 우리 부산 신발기업들의 개발 능력 또 마케팅 효과도 상당히 향상될 걸로 기대를 하고 있고 또한 우리 신발센터의 재정 자립에도 크게 기여를 해 저희들 여러 가지로 큰 기대를 갖고 또 잘하려고 노력하고 있습니다.,[],[],[],['많이 되지 못했다 하'],[],0,0,0,1,0,0,0,
spoken_data_4312.json,646b5af9-f098-466e-bae6-5fd37eaec3d0,154,"제가 지금 금액을 정확하게 파악하지 못했는데 지금은 저희들이 2,000만 원 수준을 유지했습니다.",[],[],[],['파악하지 못했는데'],[],0,0,0,0,1,0,0,
spoken_data_4312.json,646b5af9-f098-466e-bae6-5fd37eaec3d0,160,지금 처음 부임하실 때 언론에서 전문가가 아니니까 맞지 못하지 않겠느냐 이러고 언론에서 이런저런 말씀도 있으셨다 그렇죠,[],[],[],['니까 맞지 못하지 않'],[],0,0,0,1,0,0,0,이중부정
spoken_data_4312.json,646b5af9-f098-466e-bae6-5fd37eaec3d0,189,"그러면 이 수탁사업은 저희들 수익사업이지 않기 때문에 약 50%, 14억 중에 7억 정도는 저희들 거기에서 거기는 저희들이 현재에 7억, 전체 42억 중에 7억을 부산시에 의존하니까 지금 17%을 의존하고 있고 자립률을 역으로 계산하면 83%정도가 됩니다.",[],['익사업이지 않기 때문'],[],[],[],0,0,1,0,0,0,0,
spoken_data_4312.json,646b5af9-f098-466e-bae6-5fd37eaec3d0,205,"물론 그 돈은 부산시에만 안 받는 거고 실제로 똑같은 돈, 부산시도 마찬가지 돈 아닙니까, 그렇죠",['산시에만 안 받는 거'],[],[],[],[],1,0,0,0,0,0,0,
spoken_data_4312.json,646b5af9-f098-466e-bae6-5fd37eaec3d0,206,"그러니까 83%를 떼 가지고, 정부에서 받기 때문에 17%는 같다는 건 계산은 제가 생각할 텐데 그건 안 맞다 생각합니다.",['데 그건 안 맞다 생'],[],[],[],[],0,0,0,1,0,0,0,
spoken_data_4312.json,646b5af9-f098-466e-bae6-5fd37eaec3d0,212,그래서 우리 브랜드 제품들이 그간에는 브랜드 제품으로 제대로 나아가지 못하고 그냥 외국 브랜드한테 좋은 일 많이 시켰는데 이제부터는 우리가 직접 한국 브랜드로 정말 좋은 제품이다,[],[],[],['나아가지 못하고 그'],[],0,0,0,0,1,0,0,
spoken_data_4312.json,646b5af9-f098-466e-bae6-5fd37eaec3d0,216,조금 전에 <NAME> 위원님께서도 말씀을 아마 드린 사항입니다마는 우리 센터장님이시나 부장님들이 로테이션 안 합니까라는 중에 하나는 질문 늦은 줄 알고 있습니다.,['로테이션 안 합니까라'],[],[],[],[],0,0,0,1,0,0,0,
spoken_data_4312.json,646b5af9-f098-466e-bae6-5fd37eaec3d0,217,"왜 <NAME> 소장님은 로테이션 못 합니까라는 걸 묻는 겁니다, 그 질문사항이.",[],[],['로테이션 못 합니까라'],[],[],0,0,0,1,0,0,0,
spoken_data_4312.json,646b5af9-f098-466e-bae6-5fd37eaec3d0,228,누가 그러냐 하면 인원이 많지도 않는데 보시면 이렇게 많이 쪼개놨어요.,[],['원이 많지도 않는데 보'],[],[],[],0,1,0,0,0,0,0,
spoken_data_4312.json,646b5af9-f098-466e-bae6-5fd37eaec3d0,229,"그런데 거기에 비용도 크게 많지도 않고, 제가 생각할 때는 이런 걸로 충분하게 통합할 수 있겠다.",[],"['크게 많지도 않고, 제']",[],[],[],0,0,0,0,0,1,0,
spoken_data_4312.json,646b5af9-f098-466e-bae6-5fd37eaec3d0,233,지금 현재 저희들 잘 모르는 영역은 계속해서 강화하고 인력을 늘리고 잘되지 않는 것은 상대적으로 잘리지 않는 부분은 인력을 줄이고 있습니다.,[],"['고 잘되지 않는 것은', '로 잘리지 않는 부분']",[],[],[],2,0,0,0,0,0,0,
spoken_data_4312.json,646b5af9-f098-466e-bae6-5fd37eaec3d0,235,예.본 상임위에 신발산업진흥센터에 대해서 계속 검토를 보고 있습니다마는 작년이나 올해나 투자에 대해서 결과가 만족스럽지 않다는 생각은 저뿐 아니고 국회 상임위에서도 그런 얘기 있었습니다.,[],['만족스럽지 않다는 생'],[],[],[],1,0,0,0,0,0,0,
spoken_data_4312.json,646b5af9-f098-466e-bae6-5fd37eaec3d0,239,이어서 신발산업진흥센터의 그 녹산 첨단신발 연구소 운영 내역하고 생체역학 기반 성능 평가 시스템 도입에 이게 추가로 아마 되었는데 이게 원래 예산에 제가 못 봤거든요.,[],[],['에 제가 못 봤거든요'],[],[],0,0,0,0,0,1,0,
spoken_data_4312.json,646b5af9-f098-466e-bae6-5fd37eaec3d0,240,"어떤 예산에서 안 들어온 겁니까 아니, 밑에 것.",['예산에서 안 들어온'],[],[],[],[],0,0,0,0,0,1,0,
spoken_data_4312.json,646b5af9-f098-466e-bae6-5fd37eaec3d0,262,예.그런데 이게 단순히 보고로만 그치지 말고 모니터링이라든지 이런관리 등을 그야말로 실시간적으로 해야 지금 이게 정말로 지금 이게 소비자 장바구니 물가가 정말 심상치 않기 때문에 이런 걸 제때 다 공유를 해가지고 최대한 물가 상승률을 억제할 수 있는 그런 걸 해줘야 3.8%일 전망이다,[],[],[],[],['만 그치지 말고 모니'],0,1,0,0,0,0,0,
spoken_data_4312.json,646b5af9-f098-466e-bae6-5fd37eaec3d0,273,질의 종결하기 위해서는 제가 몇 가지 말씀드리겠습니다.,[],[],[],[],[],0,0,0,0,0,0,0,삭제 ('지 말' 잘못 잡힘)
spoken_data_4312.json,646b5af9-f098-466e-bae6-5fd37eaec3d0,277,"예전에 저희 경제진흥원에서는 쓰지는 않고 있을
음, 그러면 어떤 의미에서 신경제 같다는 개념을 쓰셨는지 우리 원장님께서 한번 말씀을 해주시죠.",[],['서는 쓰지는 않고 있을'],[],[],[],0,0,0,0,0,1,0,
spoken_data_4312.json,646b5af9-f098-466e-bae6-5fd37eaec3d0,284,"전체적으로 보면 과거가 했던 사업들을 연속적으로 하는 요런 어떤 과정인 거 같아요, 그러면 이게 우리가 경제라는 게 어찌 보면 이제 관리 행정이 돼서는 안 되는데 조금 어째 보면 새로운 어떤 여건에 맞는, 경제환경의 변화에 어떤 정책수단을 펴는 데 있어가지고 또 경제진흥원의 역할이 상당히 큰데 인제 그런 부분들에 있어서 어떤 변화를 느끼기에는 힘들다는 생각을 갖다가 저도 역시 하게 됩니다.",['돼서는 안 되는데'],[],[],[],[],0,0,0,0,1,0,0,
spoken_data_4312.json,646b5af9-f098-466e-bae6-5fd37eaec3d0,299,예. 그 이상 질의하실 위원님이 안 계시므로 회의 종결을 선포합니다.,['위원님이 안 계시므로'],[],[],[],[],0,0,0,0,1,0,0,
spoken_data_4312.json,646b5af9-f098-466e-bae6-5fd37eaec3d0,337,금방은 읽지 못하더라도 또 시간이 되면 다 들어가서 기억에 있으니까 또 훑어보게 되는 이런 점도 상당히 도움이 되다고 본 위원한테는.,[],[],[],['방은 읽지 못하더라도'],[],0,1,0,0,0,0,0,
spoken_data_4312.json,646b5af9-f098-466e-bae6-5fd37eaec3d0,351,아시다시피 이런 진행은 주문 시달만으로 원활하게 진행되지 않으리라 봅니다.,[],['진행되지 않으리라'],[],[],[],0,0,0,1,0,0,0,않으리라 봅니다 는 문장 구성 요소가??
spoken_data_4312.json,646b5af9-f098-466e-bae6-5fd37eaec3d0,355,"부산이 안고 있는 과제는 상당히 구조적이고 좀 장기적으로 진행이 되어 왔고 또 부산 지역사회가 굉장히 힘을 합쳐서 해 나가야 해결되는 그런 문제인데 그 BDI에 어떤 노력을 해야 될까, 요런 걸 보고는 또 그게 실제 적용이 된다가 그런 걸 보는 그게 사실 아직까지 저는 거기까지 가지 않았다고 봅니다.
라는는 자체에서 어떤 대안을 제시한다.",[],['까지 가지 않았다고'],[],[],[],0,0,0,1,0,0,0,
spoken_data_4312.json,646b5af9-f098-466e-bae6-5fd37eaec3d0,382,"그런 부분을 지금 현재 생각을 하고 또 저희들이 경비 쓰는 문제라든지 여러 가지 문제에 대해서 좀 모범이 되는, 이런면 자칫 머리로만 생각하고 현장하고 괴리되고 또 솔선하지 못하는 그런 위험이 있습니다.",[],[],[],['솔선하지 못하는 그'],[],1,0,0,0,0,0,0,
spoken_data_4312.json,646b5af9-f098-466e-bae6-5fd37eaec3d0,392,그런데 4명을 안 뽑았습니다.,['4명을 안 뽑았습니'],[],[],[],[],0,0,0,0,0,1,0,
spoken_data_4312.json,646b5af9-f098-466e-bae6-5fd37eaec3d0,394,저희들은 지금 가능하면 제대로 된 인력 좀 특히 예를 들면 최근에 중국 전문가를 찾고 나서고 공고를 내고 계속 사람을 찾았는데 잘 안 왔습니다.,['는데 잘 안 왔습니다'],[],[],[],[],0,0,0,0,0,1,0,
spoken_data_4312.json,646b5af9-f098-466e-bae6-5fd37eaec3d0,395,"예.그런데 저희들이 공고를 내고 아는 교수들한테 설명하고 있을겠다고 했는데 급여가 안 맞다든지 아니면 부산이라는 여건, 그래서도 다행히 작년에 뽑았던 4명은 아주 우수한 인력으로, 부산의 로열티라 그럴까요, 부산을 위해서 하는 그런 연구원들을 뽑았는데 이 중국 쪽이 있은 지금 절실히 필요한데 저는 아직 못 뽑았습니다.",['급여가 안 맞다든지'],[],['는 아직 못 뽑았습니'],[],[],0,0,0,0,0,2,0,"""지 아니"" 잘못 뽑혀서 삭제
급여가 안 맞다든지 는 문장 성분이 뭔지??"
spoken_data_4312.json,646b5af9-f098-466e-bae6-5fd37eaec3d0,400,그것하고 현재 인력 구조하고 뭐가 좀 안 맞는 부분도 있습니다.,['뭐가 좀 안 맞는 부'],[],[],[],[],1,0,0,0,0,0,0,
spoken_data_4312.json,646b5af9-f098-466e-bae6-5fd37eaec3d0,409,"그래서도가 12년이 다 되어 가는데 아예 필요 없으면 인원을 줄이시든지, 그렇지 않으시면 이 인원을 적기에 운영이 되어 주십시오는 BDI의 발전에, BDI가 열심히 해 주시고 부산 발전에 노력해 주를 바랍니다.",[],"[', 그렇지 않으시면']",[],[],[],0,1,0,0,0,0,0,
spoken_data_4312.json,646b5af9-f098-466e-bae6-5fd37eaec3d0,420,"과제에 잡히지도 않고 막 간단한 리포트로 넘어간다든지 뭐를
예.",[],['에 잡히지도 않고 막'],[],[],[],0,0,0,0,0,1,0,
spoken_data_4312.json,646b5af9-f098-466e-bae6-5fd37eaec3d0,428,"그래서 제 견해로서는 후보지에 관한 보고서 이런 것만 할 건 아니고 지방 네트워크나 TV 같은 걸 통해가지고 실제로 그 지역에 대한 발표를 우리 부산 쪽이나 아니면 이런 주위에 있는 이런 영향력에 미칠 수 있는 그런 쪽에 좀 비용이 든다 하더라도 검증 기간이 얼마 남지 않았기 때문에 그에 따른 연구결과나 이런 걸 충분히 홍보 내지는 이해를 시키고 발표을 해 가지고, 지금 우리가 보면 길가에 보면 이렇게도 많이 붙어있습니다.",[],['얼마 남지 않았기 때'],[],[],[],0,0,0,0,1,0,0,
spoken_data_4312.json,646b5af9-f098-466e-bae6-5fd37eaec3d0,437,그러시면 뭐가 토론회는 하지 않는다 하더라도 상당히 많이 이렇게 시간을 좀 상당히 많이 할애해 가지고 이쪽에 인접해 가지는 이런 지역이나 우리 부산 시민이나 이런 쪽에서 다들 이해할 수 없도록 충분하게 이렇게 설득할 수 있는 어떤 홍보는 했습니까,[],['회는 하지 않는다 하'],[],[],[],0,0,0,1,0,0,0,않는다 하더라도 -> 인용절?
spoken_data_4312.json,646b5af9-f098-466e-bae6-5fd37eaec3d0,442,그러나는 지금 시간이 얼마 남지 않았습니다.,[],['얼마 남지 않았습니다'],[],[],[],0,0,0,0,0,1,0,
spoken_data_4312.json,646b5af9-f098-466e-bae6-5fd37eaec3d0,444,이점 충분히 이해해 주셔 가지고 다음이 한 달밖에 지금 남지 않은 이 시기에 총력을 다해 주시기 바랍니다.,[],['지금 남지 않은 이'],[],[],[],1,0,0,0,0,0,0,
spoken_data_4312.json,646b5af9-f098-466e-bae6-5fd37eaec3d0,466,"지금 현재 우리 그 BDI에서 그 연구용역이 지금 완료된 겁니까 하지 않으면 계속하고 있는<NAME>
예.",[],['니까 하지 않으면 계'],[],[],[],0,1,0,0,0,0,0,
spoken_data_4312.json,646b5af9-f098-466e-bae6-5fd37eaec3d0,470,"그 당시에 그러면 저희가 지금 녹색성장위원회 보고서 보고한 걸로 해가지고 그 연구과제는 끝이 난 지금
녹색성장위원회 보고는 지금 아직 제가 확인을 안 했고요, 그래서도 이게 뭐 프로젝트 용역이 아니고 자체 연구를 했기 때문에.","['확인을 안 했고요,']",[],[],[],[],0,0,0,0,0,1,0,
spoken_data_4312.json,646b5af9-f098-466e-bae6-5fd37eaec3d0,472,그것은 지금 우리 <NAME> 박사님 이제 이 자리에 오늘 참석을 안 하셨는데 그건 우리 시에 있는 지금 녹색성장 관련으로 올해부터 바뀐 거 알고 있습니다.,['참석을 안 하셨는데'],[],[],[],[],0,1,0,0,0,0,0,
spoken_data_4312.json,646b5af9-f098-466e-bae6-5fd37eaec3d0,489,바뀌었는데 우선순위 같은 경우 제대로 파악이 안 되니까 그냥 보고서 내는 걸로 그냥 뭐 이런 것들입니다.,['파악이 안 되니까'],[],[],[],[],0,0,0,0,1,0,0,
spoken_data_4312.json,646b5af9-f098-466e-bae6-5fd37eaec3d0,491,그래서도 우리 연구원님들께서 아주 신중하게 정말 심혈을 기울여서 한 연구 결과물이 연구를 위한 연구가 이루어지지 않도록 그렇게 사장되지 않도록 원장님께서 이걸 다시 찾아가지고 시정에 반영될 수 있도록 적극적으로 좀 부탁을 드립니다.,[],"['이루어지지 않도록 그', '사장되지 않도록 원']",[],[],[],0,2,0,0,0,0,0,
spoken_data_4312.json,646b5af9-f098-466e-bae6-5fd37eaec3d0,502,그러니까 관광이나 영상산업 이런 것들이 이제 해운대 센텀 같은 경우에는 강남은 강남하고 비교를 해도 기업 입지나 생활여건에서 나쁘지 않는다고 저희들이 보고 있습니다.,[],['서 나쁘지 않는다고'],[],[],[],0,0,0,1,0,0,0,
spoken_data_4312.json,646b5af9-f098-466e-bae6-5fd37eaec3d0,516,"아까 이야기했던 강동 ․ 강서에 대한 연구과제가 있는지 없는지 없고 금융중심지에 관계된 뭐 얘기를 쭉 하는데 그게 어떻고 이야기하는데 과제에 하나도 포함이 안 되고 그래가지고 100개를 하겠다 나왔는데 자, 한번 따져 봤는데 30페이지 하는 경우에 자연녹지 아까 다른 위원이 이야기를 해서 탄소배출권 거래소를 획득하는 데 있어서 굉장히 현실과 좀 그게 맞아야 된다가 거기에 대한 것이 얘기되다가 문득 이런 얘기를 해봤습니다.",['포함이 안 되고 그'],[],[],[],[],0,0,0,0,0,1,0,
spoken_data_4312.json,646b5af9-f098-466e-bae6-5fd37eaec3d0,526,BDI 안 해도 된다가 얘기입니다.,['BDI 안 해도 된'],[],[],[],[],1,0,0,0,0,0,0,
spoken_data_4312.json,646b5af9-f098-466e-bae6-5fd37eaec3d0,545,금융중심지 관계는 여기에는 안 나타났지만 현안문제네요,['여기에는 안 나타났지'],[],[],[],[],0,1,0,0,0,0,0,
spoken_data_4312.json,646b5af9-f098-466e-bae6-5fd37eaec3d0,547,"그래서 빠진 게 한 몇 개 그런 게 몇 개 될까
세어봐야 되는데 리스트는 가지고 있는데 여기에는 올해 안는
여기에는 안 나타나 있지만 올해 2월 말이나 안 그러면 여기 안 나와 있으면서 하는 걸 쭉 한번 읽어만 보세요.","['여기에는 안 나타나', '말이나 안 그러면', '면 여기 안 나와 있']",[],[],[],[],0,3,0,0,0,0,0,
spoken_data_4312.json,646b5af9-f098-466e-bae6-5fd37eaec3d0,555,"아니 그러니까 그 문제가 빨리 나와서 접합이 되어가지고, 그게 지금까지도 안 되는 것도 문제가 있는 것이고, 죄송합니다.",['금까지도 안 되는 것'],[],[],[],[],1,0,0,0,0,0,0,
spoken_data_4312.json,646b5af9-f098-466e-bae6-5fd37eaec3d0,556,"제가 표현을 이렇게 써도 될지 모르지만 그건 지금 발이 없다는 말이에요, 그러니까 올 연말에 이게 예산하고 같이 집행될 것하고 연구가 이미 작년도에 나와 가지고 있는 한두 해 지난 것도 아니고 지금 좀 있으면 일몰제까지 다가오는데도 그것이 수탁을 받아야만 하고 나오고 창의 없는 지금 제가 보건대는 이 창의라고 써놓은 게 지금 예산을 한 번도 안 보고 정한 것 같다",['한 번도 안 보고 정'],[],[],[],[],1,0,0,0,0,0,0,
spoken_data_4312.json,646b5af9-f098-466e-bae6-5fd37eaec3d0,559,"이거지, 네가 그래서 작년 연말에 강조를 해줬잖아요, 예산을 보고 나서게 해야 할 것 하고 또는 내년에 해야 할 일 하고를 미리 선발로 여기서 연구 창조가 되어가지고 올 연말에 내년 8,9월 예산을 잡을 때에 BDI 자료가 쓰여야죠, 그런데도 안 그래요",['그런데도 안 그래요'],[],[],[],[],0,0,0,0,0,1,0,
spoken_data_4312.json,646b5af9-f098-466e-bae6-5fd37eaec3d0,560,이 말씀을 안 하고 그랬는데 드려야 되겠습니다.,['말씀을 안 하고 그'],[],[],[],[],0,1,0,0,0,0,0,
spoken_data_4312.json,646b5af9-f098-466e-bae6-5fd37eaec3d0,573,하는 저희는 학문적인 연구 안 합니다.,['인 연구 안 합니다.'],[],[],[],[],0,0,0,0,0,1,0,
spoken_data_4312.json,646b5af9-f098-466e-bae6-5fd37eaec3d0,579,창조 계층 경제성 육성을 기대효과를 보고 창조산업을 통한 도시 발전의 전환점을 마련하겠다 했는데 이게 뭡니까 저는 이해가 안 됩니다,['이해가 안 됩니다'],[],[],[],[],0,0,0,0,0,1,0,
spoken_data_4312.json,646b5af9-f098-466e-bae6-5fd37eaec3d0,597,"아니 그건 작년도에 알고 있어요, 내가 그건 이야기 안 하겠는데.",['이야기 안 하겠는데'],[],[],[],[],0,1,0,0,0,0,0,
spoken_data_4312.json,646b5af9-f098-466e-bae6-5fd37eaec3d0,609,"일단 이게 근본 근간이고 그 안에 들어가는 세부과제는 요거를 참고로 하되 실제 1월, 2월, 3월 가면서 …
이 전반적으로 지금 내놓은 과제가 예산을 못 보고.",[],[],['예산을 못 보고.'],[],[],0,0,0,0,0,1,0,
spoken_data_4312.json,646b5af9-f098-466e-bae6-5fd37eaec3d0,627,"이것 카마 더 중요하다 생각 안 하고는
일단 저희들은 그 시의 업무계획이나 아니면 시에서 다 받았습니다.",['다 생각 안 하고는'],[],[],[],[],0,0,0,0,1,0,0,
spoken_data_4312.json,646b5af9-f098-466e-bae6-5fd37eaec3d0,640,그리고 말도 안 되는 문제도 꽤 있습니다.,['고 말도 안 되는 문'],[],[],[],[],1,0,0,0,0,0,0,
spoken_data_4312.json,646b5af9-f098-466e-bae6-5fd37eaec3d0,662,"BDI 부분에서.
이라고 그다음에 우리가 공원이라든지 이 광장의 횡으로 볼 때 이 공원 가운데에 부산 시민공원과 인근 도시에 그 못 사는 동네가 들어가 있습니다.",[],[],['시에 그 못 사는 동'],[],[],1,0,0,0,0,0,0,
spoken_data_4312.json,646b5af9-f098-466e-bae6-5fd37eaec3d0,663,"60년간.어떻게 그렇게 산복 도로의 아픔도 알면서 이카마 더한 길이 있는데 거기에 대한 연구는 하나도 안 하느냐는 뿐이고, 우리로 봤었을 때도 부산 전체로 봤었을 때에 금정산의 진산에서 맨 마지막 동천 바닥까지 가는 그 문화의 시리즈에서 일부 나온 자료가 있습디다.",['하나도 안 하느냐는'],[],[],[],[],1,0,0,0,0,0,0,
spoken_data_4312.json,646b5af9-f098-466e-bae6-5fd37eaec3d0,669,아무런 개념이 안 들어갔다고 표현하면 좀 제가 지나칠지 모르지만 연말에 외려 좋은 얘기를 하기 위해서 제가 좀 준비를 하고 싶다,['개념이 안 들어갔다'],[],[],[],[],0,0,0,1,0,0,0,
spoken_data_4312.json,646b5af9-f098-466e-bae6-5fd37eaec3d0,671,있었는데 하야리아 부대를 포함한 몇 개는 좀 소강상태 비슷하게 인력 발굴이라든지 이런 게 있기 때문에 저희들이 지금은 올해 그 과제에 안 넣었는데 여기에 4페이지에 보시면 예정이 있습니다.,['과제에 안 넣었는데'],[],[],[],[],0,1,0,0,0,0,0,
spoken_data_4312.json,646b5af9-f098-466e-bae6-5fd37eaec3d0,680,"방금 이야기한 그 문화재 발굴도 되고 또 거기에 지금 우리가 시에서 하는 것은 도시의 발달, 제1과제로 잡아놓은 그게 거기에 들어가야 될지 안 들어갈야 될지 우리도 연구해야 될 부분입니다.",['야 될지 안 들어갈야'],[],[],[],[],0,0,1,0,0,0,0,
spoken_data_4312.json,646b5af9-f098-466e-bae6-5fd37eaec3d0,697,그 기대를 충족시키지 못한 거 같습니다.,[],[],[],['충족시키지 못한 거'],[],1,0,0,0,0,0,0,
spoken_data_4312.json,646b5af9-f098-466e-bae6-5fd37eaec3d0,703,그냥 잘하겠다 그러고 싶다을 잘하겠다는 게 여기에 안 나타났잖아요,['여기에 안 나타났잖'],[],[],[],[],0,0,0,0,0,1,0,
spoken_data_4312.json,646b5af9-f098-466e-bae6-5fd37eaec3d0,708,그라고 했는는 행감 때 얘기했던 이월금을 안 남긴다는 뜻이 아닙니까지만 이월금이 남게 되어 있죠.,['이월금을 안 남긴다는'],[],[],[],[],1,0,0,0,0,0,0,
spoken_data_4312.json,646b5af9-f098-466e-bae6-5fd37eaec3d0,709,수탁사업 받아가지고 많이 내는데 우리 시에 기대는 게 그만큼은 시에 예산 요구를 하지 말자는 뜻입니다.,[],[],[],[],['구를 하지 말자는 뜻'],1,0,0,0,0,0,0,
spoken_data_4312.json,646b5af9-f098-466e-bae6-5fd37eaec3d0,727,"1개월짜리 창의적으로 나올 수 잇는 거고 1년 연구할 거 있는 것은 1개월짜리로 리포팅 식으로 나가도 우리 의회에서 요구하는 의회에서도 그 많은 연구을 때 얘기했던 것들을 BDI에서 할 부분이 있지 않느냐는 것들 하나도 여기에, 그럼 차라리 1개월짜리 지금 내는 것 있잖아요",[],['분이 있지 않느냐는'],[],[],[],1,0,0,0,0,0,0,
spoken_data_4312.json,646b5af9-f098-466e-bae6-5fd37eaec3d0,733,"내가 너무 신랄합니까
1년 동안에 똑같은 얘기 안 나오도록 해 주세요.",['은 얘기 안 나오도록'],[],[],[],[],0,1,0,0,0,0,0,
spoken_data_4312.json,646b5af9-f098-466e-bae6-5fd37eaec3d0,741,"그래서 지금 그 벡스코를 보면 지금 영상센터가 다 되어 있는데 곧 얼마 안 되에 개장이 되고, 지금 원장님께서 말씀하셨듯이 벡스코에는 1년에 두 차례 전시회 관계로 활황을 보고 있는데.",['곧 얼마 안 되에 개'],[],[],[],[],0,0,0,0,1,0,0,
spoken_data_4312.json,646b5af9-f098-466e-bae6-5fd37eaec3d0,754,그래서 방금 안 원장님께서 말씀하셨듯이 소프트 쪽에 대해서는 충분하게 말씀하셔가지고 자신감을 내비치는데 어떤 접근성을 고려를 볼 것가 우리가 지금 현재 이루어지고 있습니다.,[],[],[],[],[],0,0,0,0,0,0,0,삭제 - 안 원장님
spoken_data_4312.json,646b5af9-f098-466e-bae6-5fd37eaec3d0,757,"그때 78시간이 그 일대가 아수라장, 되지 못했어요.",[],[],[],"['장, 되지 못했어요.']",[],0,0,0,0,0,1,0,
spoken_data_4312.json,646b5af9-f098-466e-bae6-5fd37eaec3d0,758,그래서 그런 걸 볼 때 제대로 안 되어야 된다.,['제대로 안 되어야'],[],[],[],[],0,0,0,0,0,1,0,
spoken_data_4312.json,646b5af9-f098-466e-bae6-5fd37eaec3d0,787,"그런데 이제 우리 박 위원님도 말씀하셔서 이런 과제는 왜 못 하느냐 이런 이야기를 하는데 사실 좀 종합적인 연구기관은 BDI 혼자 있습니다, 부산에는.",[],[],['제는 왜 못 하느냐'],[],[],0,0,0,1,0,0,0,
spoken_data_4312.json,646b5af9-f098-466e-bae6-5fd37eaec3d0,789,하지만 그 복지라는 이름을 저희들이 쓰지 않은 거는 복지개발원이란 게 있어서 저가 좀 그랬다고 양해를 했으면 좋겠습니다.,[],['들이 쓰지 않은 거는'],[],[],[],1,0,0,0,0,0,0,
spoken_data_4312.json,646b5af9-f098-466e-bae6-5fd37eaec3d0,806,"그런데 인제 또 한편으로 또 이런 여러 과제들이 특히 인제 BDI에서 스스로 이렇게 과제를 정하는 창의연구의 어떤 또정책 현안연구는 또 시하고 협의를 하게 되니까 이런 어떤 부분은 물론 어떤 내부의 어떤 충분한 토론을 통해서 인제 과제들이 인제 결정이 됐겠습니다마는 또 한편으로 이 과제가 지금 시기의 그 적절성이라든지 또 선행연구로써 뭐 당장의 어떤 정책적인 수단으로 발휘가 되지 않더라도 그 2,3년 뒤에 정책수단을 갖다 제공하기 위한 어떤 기초연구로써 인제 연결될 때 인제 그것이 또 의미가 있다고 봐집니다.",[],['휘가 되지 않더라도'],[],[],[],0,1,0,0,0,0,0,
spoken_data_4312.json,646b5af9-f098-466e-bae6-5fd37eaec3d0,819,"그다음에 물론 어떤 이 저 창의연구라든지 아니면 현안연구도 충분히 인자 우리 BDI에서 충분한 그 내부의 토론을 통해서 결정을 했겠지만 또 한편으로 저희들이 얼마나 많은 연구를 했겠습니까, 또 또는 이렇게 우리 연구원에 있어서 제일 인자 낭비적인 요인이 중복 연구거든요, 그렇죠",[],[],[],[],[],0,0,0,0,0,0,0,삭제 - 든지 아니면
spoken_data_4312.json,646b5af9-f098-466e-bae6-5fd37eaec3d0,845,<NAME> 일단은 현재의 저희들의 연구과제 속에서 충분히 담고 계신 그게 안 되는 부분들이 있습니다.,['신 그게 안 되는 부'],[],[],[],[],1,0,0,0,0,0,0,
spoken_data_4312.json,646b5af9-f098-466e-bae6-5fd37eaec3d0,846,"아까 지적하신 것들 중에서 여기에 제대로 반영이 안 됐거나 또 중첩되거나 이렇게는 분들은 극단적으로는 과제를 바꾸거나 통합하거나 해서라도 아까 말씀하신 것들을 반영을 하도록 그렇게 해서, 그리고 또는 이것은 저희들이 출발하는 시점에 그림이지",['반영이 안 됐거나'],[],[],[],[],0,1,0,0,0,0,0,문장 성분을 모르겠어요
spoken_data_4312.json,646b5af9-f098-466e-bae6-5fd37eaec3d0,850,"더 이상 질의하실 위원님들이 안 계시므로 질의 시한을 선포합니다. 
이어 <NAME> 오 원장님을 포함한 관계 임직원 여러분, 대단히 수고하셨습니다.",['원님들이 안 계시므로'],[],[],[],[],0,0,0,0,1,0,0,
spoken_data_4312.json,22c9b82f-dee2-4503-868b-f17204f03295,883,"위원님 지금은 3년 한시적으로 되고 있고요, 2011년도에는 예산이 중앙에서 반영이 되지 않았습니다.",[],['영이 되지 않았습니다'],[],[],[],0,0,0,0,0,1,0,
spoken_data_4312.json,22c9b82f-dee2-4503-868b-f17204f03295,891,"지난 일이니까 그렇지만 어떻게 그 사업이, 저는 그 업체에 현황 파악도 열심히 하고 무조건, 물론 나중에 그 업체가 또 이렇게 자료도 제출된 거와 다르면 반환을 하게 돼는 있지만 이게 선착순이라는 게 지원금이, 나는 선착순이라는 건 이해가 안 갑니다.",['이해가 안 갑니다.'],[],[],[],[],0,0,0,0,0,1,0,
spoken_data_4312.json,22c9b82f-dee2-4503-868b-f17204f03295,893,그래 컴퓨터 속도가 빠르면 등수에 못 들어가고 컴퓨터 속도가 빠르면 등수에 들어가고.,[],[],['등수에 못 들어가고'],[],[],0,0,0,0,0,1,0,
spoken_data_4312.json,22c9b82f-dee2-4503-868b-f17204f03295,907,저는 오늘 오전 우리 <NAME> 부산도시공사 관리 본부장님께서 나오셨고 또 유감스럽게 기장군에서 우리에 협조 공문을 보냈으나 기장군은 그에 참석을 하지 않았는데 일단 부산시를 제가 지금 이렇게 문제점을 좀 제기하고 싶은 건 뭐냐 하면 처음에 산단 입지할 당시<NAME>가가 맨 처음에 우리 산단 입지심의위원회 보고할 당시에 정산할 때 차이가 너무 크다,[],['석을 하지 않았는데'],[],[],[],0,0,0,0,1,0,0,
spoken_data_4312.json,22c9b82f-dee2-4503-868b-f17204f03295,920,"제가 그 구체적인 그때 그 정황에 대해서는 제가 지금 답변드릴 준비가 좀 안 됐는데 … 산업입지과장이 성실한 답변을 위해서 …
예.",['비가 좀 안 됐는데'],[],[],[],[],0,0,0,0,0,1,0,
spoken_data_4312.json,22c9b82f-dee2-4503-868b-f17204f03295,925,그런데 그때 당시의 여건이 2008년도 당시에는 보면 이 특례법이 갓 만들어지고 국가에서 시행한 법령은 되어 있지만 사실상 이게 100%받을 수 있을 것이냐 하는 이런 우려를 안 할 수가 없었습니다.,['우려를 안 할 수가'],[],[],[],[],1,0,0,0,0,0,0,이중부정
spoken_data_4312.json,22c9b82f-dee2-4503-868b-f17204f03295,926,"그러나 만에 하나 국비가 100%지원이 안 됐을 때는 분양가 139만 5,000원이 맞습니다.",['%지원이 안 됐을 때'],[],[],[],[],1,0,0,0,0,0,0,
spoken_data_4312.json,22c9b82f-dee2-4503-868b-f17204f03295,927,그런데 그 뒤에 2007년도 4월에 평에 보상을 산정을 할 때 그 산정을 할 때는 보면은 이 국비란 것이 지금 법상 되어 있는데 우리 돈 50%는 받을 수 안 있겠느냐.,['받을 수 안 있겠느냐'],[],[],[],[],0,0,0,0,0,1,0,안 받을 수 있겠느냐 가 맞을 거 같은데...
spoken_data_4312.json,22c9b82f-dee2-4503-868b-f17204f03295,935,과장님 말씀 중에 있는 뭐냐 하면 지금 국비하고 시비하고 군에 지원 안 받으면 평당 139만 원이 든다고 하셨죠,['에 지원 안 받으면'],[],[],[],[],0,0,0,0,1,0,0,
spoken_data_4312.json,22c9b82f-dee2-4503-868b-f17204f03295,944,"그러면서 그는 만약에, 지금 저‘개발 방법도 민간개발로 하지 말고 공영개발로 하는 방법으로 해 달라’는 요구도 있어가지고‘그러면 공영개발하는 방법은 기장군이 하거나 도시공사가 하는 방법이 된다가 그럼, 기장군이 하는 의향이 있느냐’이래 물으니까 기장 군수가‘그럼 좋다, 앞은 70만 평 중에 50만 평은 전체적으로 시가화 계획 용지에서 풀어주고 나머지 20만 평의는 우리가 직접 개발할 수 있겠다’이래가지고 공문으로 받았습니다.",[],[],[],[],['발로 하지 말고 공영'],1,0,0,0,0,0,0,달라'는 요구 <- 인용절? 관형절?
spoken_data_4312.json,22c9b82f-dee2-4503-868b-f17204f03295,946,"자기들이 용 ~ 계비를 얹었더랬더만 군 의원님들 전체 의견이 일부만, 70만 평 전체를 할을 모르지만 일부 20만 평이 개발하는 것은 맞지 않다, 이럴 바에야 무슨 의미가 있느냐, 시에서 잘하고 싶을 군에서 가져와가지고 이렇게 예산들일 필요가 없다, 그런 식으로 해서 보이콧을 해버렸습니다.",[],"['것은 맞지 않다, 이']",[],[],[],1,0,0,0,0,0,0,문장 성분을 잘 모르겠어요
spoken_data_4312.json,22c9b82f-dee2-4503-868b-f17204f03295,947,그래 그 공문이 또 저희들 접수가 돼서 저희들도 참 놀랐던 게 그동안에 2008년도부터 주민들이 그렇게 큰 행사에 대해서 상당히 제지를 받으면서까지 참아왔는데 또 군수가 직접 반대를 해가지고 결국은 6개월 흘러버렸고 자기들 반대를 해서 던져줬더니만 못 하겠다,[],[],['줬더니만 못 하겠다'],[],[],0,0,0,1,0,0,0,문장 성분을 잘 모르겠어요
spoken_data_4312.json,22c9b82f-dee2-4503-868b-f17204f03295,949,도시공사에 저희들 방문해서 예산을 공영 개발한다는 원칙을 세워보고 그 20만 평을 도시공사 측에 참여하든지 아니면 20만 평 플러스 50만 톤 전체를 개발하는 방안에 대해서 타당성을 한번 검토를 해달라 그래갖고 앞으로 한 시간 이내 정도면 그쪽에 결과가 나오면 됩니다에 따라서 저희들이 오리산업단지를 피해 주민이 좀 최소화될 수 있도록 할을을 잡겠습니다.,[],[],[],[],[],0,0,0,0,0,0,0,든지 아니면 <- 삭제
spoken_data_4312.json,22c9b82f-dee2-4503-868b-f17204f03295,954,이 부분도 자고 싶고 개발한다 자고 있고 개발 안 한다 왔다 갔다 왔다 갔다 하고 있습니다.,['고 개발 안 한다 왔'],[],[],[],[],0,0,0,1,0,0,0,
spoken_data_4312.json,22c9b82f-dee2-4503-868b-f17204f03295,965,"뭐 환경훼손이다고 이야기를 안 하면서 자고 일나면 개발하자, 자고 일나면 개발하지 말자고 이야기를 드린 건데 앞으로 그렇다면 우리 기장군하고 이 관계를 갖다가 지금 도시공사에서는 어떻게 정립해 나가겠습니까",['이야기를 안 하면서'],[],[],[],['개발하지 말자고 이'],0,0,0,1,1,0,0,
spoken_data_4312.json,22c9b82f-dee2-4503-868b-f17204f03295,992,"그렇지만 대한민국에 있는 도시가 고지대가 아니고 저지대가 없는 그런 도시가 없거든요, 서울도 또 뭐 부산 못지않게 저지대도 많고 고지대도 많습니다.",[],['부산 못지않게 저지'],[],[],[],0,1,0,0,0,0,0,못지않게?
spoken_data_4312.json,22c9b82f-dee2-4503-868b-f17204f03295,999,2010년도에 그 아직 안 나왔기 때문에 제가 그 지금 이 주당 수익이 얼마나 나가지고 얼마나 배당을 할지에 대해서는 아직 못 했어요,['그 아직 안 나왔기'],[],['는 아직 못 했어요'],[],[],0,0,1,0,0,1,0,
spoken_data_25081.json,dfd68cd9-85f5-4021-a670-0aec2da6c6d0,5,"그래서 5만 원 갖고 몇 시간씩, 최소한도 오는 시간, 가는 시간, 회의에 참석하는 시간 1시간 반해서 거기에 참석하는 사람들이 그렇게 많지도 않고, 또 법적으로 구성요건은 돼 있습니다만 저희로서도 거기에 대해서 시청자위원회를 운영하는데 충분한 대우도 못해주고 해서 사실 적극적이 아니었습니다.",[],"['렇게 많지도 않고, 또']",[],[],[],0,0,0,0,1,0,0,
spoken_data_25081.json,dfd68cd9-85f5-4021-a670-0aec2da6c6d0,13,"그래서 1번 하는데 6·700만 원밖에 들지 않기 때문에 올해는 갤럽에다 의뢰를 해서 했었고, 그래서 올해는 전부 수의계약으로 했습니다.",[],['밖에 들지 않기 때문'],[],[],[],0,0,1,0,0,0,0,
spoken_data_25081.json,dfd68cd9-85f5-4021-a670-0aec2da6c6d0,19,"그러면 응찰 업자들이 해서 5만 원, 10만 원 차이로 해서 이것이 된다고 그러면 결코 바람직스럽지 못한 것입니다만 하여튼 내년도에는 여론조사 비용도 올라갔고 해서 좀 집중적으로 해보도록 그렇게 하겠습니다.",[],[],[],['람직스럽지 못한 것입'],[],1,0,0,0,0,0,0,
spoken_data_25081.json,dfd68cd9-85f5-4021-a670-0aec2da6c6d0,20,"그런 어떤 추천을 할 때 절차나 방식에 있어서 일방적으로 방송에 가까운 사람들, 잘 아는 사람들 인적 배려 차원으로 한 것 같은데 그런 방식으로 자문 위원이나 고문단을 구성하지 말라는 것을 촉구를 하는 것이에요.",[],[],[],[],['구성하지 말라는 것'],1,0,0,0,0,0,0,
spoken_data_25081.json,dfd68cd9-85f5-4021-a670-0aec2da6c6d0,21,"실질적으로 도움을 받을 수 있고, 실제로 그것이 방송에 반영될 수 있는 구성을 하고, 또 위원회도 한번 구성했으면<NAME>적으로 운영하지 말고 실질적인 도움을 받을 수 있는 운영을 회의체계를 갖추어서 해야 되지 않느냐, 그래서 5명을 앞으로 보강할 계획이 있는지 없는지는 아직 모르겠습니다만 보강할 때는 좀 더 신중하게 의회에도 추천할 수 있는 기회를 주세요.",[],[],[],[],['운영하지 말고 실질'],0,1,0,0,0,0,0,
spoken_data_25081.json,dfd68cd9-85f5-4021-a670-0aec2da6c6d0,31,그다음에 전문직이 102명 중 80명이라 하면<NAME>능 수행에 오히려 일손부족이 안 나타나겠느냐,['손부족이 안 나타나겠'],[],[],[],[],0,0,0,0,0,1,0,
spoken_data_25081.json,dfd68cd9-85f5-4021-a670-0aec2da6c6d0,35,"그런데 이 사람을 전문직으로 현 단계에서 전환시키지 못하는 이유 중에 하나가 서울시 공무원 전문직이라 하면 그 분야에 대해서 전문적인 지식을 갖고 있는 사람으로서 상당한 기간 5년, 3년 또는 10년 이런 식으로 해서 가, 나, 다, 라, 마급으로 해서 거기에 해당된 사람을 임명하도록 되어 있는데 경찰직에서 넘어온 사람들 상당 부분이 그 수요를 충족시키지 못하는 부분이 있습니다.",[],[],[],"['전환시키지 못하는 이', '충족시키지 못하는 부']",[],2,0,0,0,0,0,0,
spoken_data_25081.json,dfd68cd9-85f5-4021-a670-0aec2da6c6d0,37,먼젓번 급료보다 더 삭감해서는 안 된다 하는 조건도 있습니다만 이것을 조금 더 원활하게 하기 위해서 내년 3월이나 4월로 계획을 하고 있습니다.,['감해서는 안 된다 하'],[],[],[],[],0,0,0,1,0,0,0,
spoken_data_25081.json,dfd68cd9-85f5-4021-a670-0aec2da6c6d0,38,그래서 현재 지난번에 시정개발담당관실하고 해서 저희 TO 하고 직제가 거의 마무리되었습니다만 아마 내달로 연장이 되어 있습니다만 내달에 전부 이것이 확정되지 않을까 생각이 됩니다.,[],['확정되지 않을까 생'],[],[],[],0,0,0,1,0,0,0,
spoken_data_25081.json,dfd68cd9-85f5-4021-a670-0aec2da6c6d0,40,단지 실시를 안 하고 있을 뿐인데 그래서 그 차이가 14명하고 12명이 되어 있습니다.,['실시를 안 하고 있'],[],[],[],[],1,0,0,0,0,0,0,
spoken_data_25081.json,dfd68cd9-85f5-4021-a670-0aec2da6c6d0,45,"그래서 그 사람들이 아직 발령이 안 났기 때문에 기다리고 있지만 조만간, 현재 위생원 두 사람은 어제그저께 소방본부로 발령이 났습니다.",['발령이 안 났기 때'],[],[],[],[],0,0,1,0,0,0,0,
spoken_data_25081.json,dfd68cd9-85f5-4021-a670-0aec2da6c6d0,56,"있어서 인쇄라든지 피복이라든지 전자제품 같은 것은 그 금액이 많지 않고 국내에서 조달할 수 있을 경우에 그것을 협동조합에다 넘기도록, 말하자면 조달청하고 단체 수의계약이 이뤄지도록 법적으로 그렇게 돼 있습니다.",[],['액이 많지 않고 국내'],[],[],[],0,0,0,0,0,1,0,
spoken_data_25081.json,dfd68cd9-85f5-4021-a670-0aec2da6c6d0,62,"그런데 이 단체 수의계약의 경우에는 그런 1차적인 규격 검토를 조달청에서 하고 나서 이것은 단체 수의계약이 될 수 있도록 되어 있으니까 전자공업협동조합에다 이런 것이 있으니까 업자들 가운데 능력 있는 사람을 추천하시오 해서, 그러니까 협회 자체에서 자기들 회원들을 대상으로 해서 제안서를 받고 그중에 능력 있는 업체들 가운데서 최근에 이러한 사업이 배정되지 않은, 말하자면 우선순위가 있는 업체에다 돌려주는 것으로 그렇게 저희들이 설명을 듣고 수행했습니다.",[],"['배정되지 않은, 말']",[],[],[],1,0,0,0,0,0,0,
spoken_data_25081.json,dfd68cd9-85f5-4021-a670-0aec2da6c6d0,72,그리고 아까 얘기했던 10개 업체로부터 도움을 받았던 구체적인 내용에 대해서 본위원이 알고 있는 부분이 있습니다만 이 자리에서는 시간 관계상 더 이상 얘기를 하지 않겠습니다.,[],['기를 하지 않겠습니다'],[],[],[],0,0,0,0,0,1,0,
spoken_data_25081.json,9c279467-1057-439c-b836-477866d0bfa0,96,아무쪼록 중복된 질문이 나오지 않도록 또 답변은 아주 성실하게 요약해서 잘 명쾌하게 이해될 수 있도록 준비를 해 주시기 바랍니다.,[],['이 나오지 않도록 또'],[],[],[],0,0,0,0,1,0,0,
spoken_data_25081.json,9c279467-1057-439c-b836-477866d0bfa0,101,"그러면 왜 깎였느냐, 시장이 처음에 어제 연세에서는 장장 이 복지 부분에서 상당한 말씀을 하셨는데 실지 예산서를 받아 보니까 3%밖에 안된다, 그런데 3% 준 것도 제대로 쓰지도 못하고 이것도 이만큼 남긴다 그렇다면 앞으로 이 복지예산을 더 줄 필요가 없지 않으냐, 그러니까 이 부분을 우리 위원님들이 공감하는 부분이기 때문에 확실하게 그 부분을 답변해 주셔야 내일모레 예산을 다루는 데 도움이 될 것 같아서 말씀을 드리는 겁니다.","['안된다,' ]",[],[],['대로 쓰지도 못하고 이'],[],0,0,0,2,0,0,0,안된다 - 분류 못해서 추가
spoken_data_25081.json,9c279467-1057-439c-b836-477866d0bfa0,116,노인들이 십여 분이 모여서 차를 타려고 서 있으면 일부러 그 앞에 안 선다고 그래요.,['그 앞에 안 선다고'],[],[],[],[],0,0,0,1,0,0,0,
spoken_data_25081.json,9c279467-1057-439c-b836-477866d0bfa0,117,"그 앞으로 쓱 지나간다고 노인들이 불평을 하는 것을 들었는데 왜 안 서느냐, 서서 그 노인들을 태워 가지고 가다가 차가 급정차를 한다든지 어떻게 하면 쓰러지고 뒤에 아주 그 문제 발생이 야기된다 이겁니다.","['는데 왜 안 서느냐,']",[],[],[],[],0,0,0,1,0,0,0,
spoken_data_25081.json,9c279467-1057-439c-b836-477866d0bfa0,119,"이래서 이게 통장이 배부해 준다, 또 실지로 노인들 어려운 사람에게 우리가 도와주는 측면에서 고맙다는 인상을 받고, 또 줘야 되는데 이것이 통장들이 나름대로 마음에 드는 사람 이 사람 저 사람 서비스하고 이렇게 되면 문제고, 또 이런 것을 또 어떻게 많이 남발해서 예산에 넣어서 많이 남발해서 줬다가 노인들이 그거 있으니까, 공 거니까 뭐 어디 놀러 가자 이런 차원에, 가기 싫은 입장에 있는 사람도 이렇게 그것 때문에 가다가 사고가 난다든지 여러 가지 문제점이 생길 수도 있다, 뭐 이런 차원에서 이런 것은 앞으로 많이 책정 안 하는 것이 안 좋겠느냐 하는 차원에 제가 건의드립니다.",['이 책정 안 하는 것'],[],[],[],[],1,0,0,0,0,0,0,
spoken_data_25081.json,9c279467-1057-439c-b836-477866d0bfa0,120,"그러니까 여러 사람이 뭉쳐선 데는 절대 버스가 안 태우려고 하고, 또 그것을 가지고 이 노인들은 우리 노인들을 대우를 이래 하느냐 하고 항의를 하고 막 신고를 하고 난리고…….",['버스가 안 태우려고'],[],[],[],[],0,0,0,1,0,0,0,
spoken_data_25081.json,9c279467-1057-439c-b836-477866d0bfa0,123,"이른 아침부터 이 시간까지 공무에 대단히 바쁘신데 우리 가정복지국장 이하 여러 공무원님들 점심 식사도 하지 못하시고 이렇게 끝까지 성실하게 답변 주신 데 대해서 고맙고, 특별히 우리 위원님들의 심도 있는 질문을 통해서 우리가 답변 받았고, 그 과정에서 많은 것을 우리 스스로가 배웠고, 우리 스스로가 느꼈고, 또 스스로 다짐을 할 수 있는 이러한 계기의 감사가 된 데 대해서 다시 한번 감사의 말씀을 드리고, 사실 복지가 얼마나 중요한지 이것은 말할 필요도 없습니다.",[],[],[],['사도 하지 못하시고'],[],1,0,0,0,0,0,0,
spoken_data_25081.json,9c279467-1057-439c-b836-477866d0bfa0,147,"보고를 잘 들었는데 지금 아동상담소에서 현재 있는 인원수가 나와 있지 않은 것 같고, 또 지금 이 조직을 대충 설명을 들으니까 직업훈련원하고 거의 비슷한 성격이 아니냐, 뭐 연령의 차이가 있을는지는 모르지만 여기서도 역시 어려운 저소득층 내지는 부모 없는 아이들을 직업을 가르쳐서, 기술을 가르쳐서 내보내는 그런 쪽으로 아까 설명을 하신 것 같은데 그렇다 그러면 직업훈련원하고의 차이가 과연 뭐냐 하는 부분을 좀 질문을 드리고 싶고, 91년도에 예산이 얼마냐, 또 한 가지는 지금 1인당 상담을 하는 데 들어가는 비용이 과연 얼마냐, 자세한 결산서가 없어서 지금 분석을 할 수가 없기 때문에 질문을 드리는 겁니다.",[],['나와 있지 않은 것'],[],[],[],1,0,0,0,0,0,0,
spoken_data_25081.json,9c279467-1057-439c-b836-477866d0bfa0,156,"지금은 2,000명이 안 됩니다.",['00명이 안 됩니다.'],[],[],[],[],0,0,0,0,0,1,0,
spoken_data_25081.json,9c279467-1057-439c-b836-477866d0bfa0,165,저는 홀트아동복지회 사무국장을 맡았었고 그 분야에서 한 10년 있었기 때문에 누구 못지않게 이 분야의 일을 비교적 많이 좀 아는 편입니다.,[],['누구 못지않게 이'],[],[],[],0,1,0,0,0,0,0,못지않게
spoken_data_25081.json,9c279467-1057-439c-b836-477866d0bfa0,169,"우선 그런 점에서 본다고 하면 먼저 제가 묻고 싶은 것은 우리 아동상담소가 서울시의 기아나 미아를 취급하는 최일선 조직이라고 본다고 할 때 우리 상담소에 의뢰되는 아이들의 수가 과거에 비해서 지금 현재 감소 추세인지 아니면 더 늘어나는 추세인지 우선 첫째, 한 가지 좀 물어 보고 싶고요.",[],[],[],[],[],0,0,0,0,0,0,0,삭제 - 인지 아니면
spoken_data_25081.json,9c279467-1057-439c-b836-477866d0bfa0,172,"지금 여기 그 보고에 보면 국내 입양도 조금 터치를 하고, 뭐 기술교육도 좀 터치를 하고, 뭐 이것저것 조금씩 조금씩 관여를 하고 있는 것 같은데 그것보다는 우리 아동상담소는 이 서울 시에서 미아나 기아나 문제아동이 발생이 되면 최일선에서 가장 먼저 그 문제를 해쾌해야 하는 그러한 기관, 그러한 조직으로서 우수한 인력, 또 잘 훈련된 그러한 인력으로 어떤 시행착오 없이 예를 든다고 하면 정신박약아라고 판단해 버린 정상적인 아이가 정신박약아 수용시설에 가면 안 될 것 아니겠습니까?",['에 가면 안 될 것'],[],[],[],[],1,0,0,0,0,0,0,
spoken_data_25081.json,9c279467-1057-439c-b836-477866d0bfa0,173,또 건전한 가정에 입양 가서 자녀로 커야 할 아이가 약간 정신에 문제가 있는 아이가 가면 안 된다는 말이죠.,['가 가면 안 된다는'],[],[],[],[],1,0,0,0,0,0,0,
spoken_data_25081.json,9c279467-1057-439c-b836-477866d0bfa0,174,"그러니까 일선에서 우리 아동상담소가 해야 할 그 역할이 굉장히 중요하고, 또 굉장히 전문화돼 있어야 되고, 또 어떤 의미에서 보면 우리 정부의 지원을 받아 가면서 가장 이 치료 부분에서 맨 먼저 해 주셔야 할 그런 기관인데 여기에서 이게 전문화가 되지 않고 이것저것 자꾸 관여하게 되어 일이 광범위해지면 그만큼 덜 전문화가 된다는 얘깁니다.",[],['화가 되지 않고 이것'],[],[],[],0,1,0,0,0,0,0,
spoken_data_25081.json,9c279467-1057-439c-b836-477866d0bfa0,193,"그런데 적은 것은 그럼 질적으로 한 거고, 또 계획 수립이 량이 많은 것은 계속 양적으로 하고 있다는 뜻인지, 그렇지 않으면 질적으로 하려고 보니까 가령 가출 종합센터 때 1만 1,000명을 했는데 이번에 7,000명을 했다 그러면 7.000명을 할 계획이라는데 이 앞에는 1만 1,000명을, 90년도 실적입니다.",[],"[', 그렇지 않으면 질']",[],[],[],0,1,0,0,0,0,0,
spoken_data_25081.json,9c279467-1057-439c-b836-477866d0bfa0,194,"그러면 질적으로 하려고 보니까 7,000명뿐이 할 계획이 안된다고 한다면 나머지 하는 사람은 안 하겠다는 것인지, 제가 보기에는 계획과 실적이 90년하고, 91년 차이가 너무 많은데 말이죠.","['계획이 안된다고 한다면', '사람은 안 하겠다는']",[],[],[],[],1,0,0,1,0,0,0,
spoken_data_25081.json,9c279467-1057-439c-b836-477866d0bfa0,197,아니면 어떤 정박아나 지체부자유 시설에 수용 의뢰를 하는 경우에 만약 한다고 하면 하는 경우에 그게 그렇게 용역 하지 않은 걸로 지금 수용시설이 상당히 적어서 굉장히 용역 하지 않는 걸로 알고 있는데 그러한 경우에 아동들은 어떻게 처리를 하고 있는지…….,[],"['용역 하지 않은 걸로', '용역 하지 않는 걸로']",[],[],[],2,0,0,0,0,0,0,
spoken_data_25081.json,9c279467-1057-439c-b836-477866d0bfa0,203,"나도 한 번 들러 봤어요, 소장님은 안 뵈었어도.",['소장님은 안 뵈었어도'],[],[],[],[],0,1,0,0,0,0,0,
spoken_data_25081.json,9c279467-1057-439c-b836-477866d0bfa0,205,"사실 이 상담소라는 것은 임시보호소에 지나지 않는 거고, 어떤 지나가는 역에 지나지 않는 거예요.",[],"['에 지나지 않는 거고', '에 지나지 않는 거예']",[],[],[],2,0,0,0,0,0,0,
spoken_data_25081.json,9c279467-1057-439c-b836-477866d0bfa0,209,그러기 때문에 내가 봤을 때는 이 시설을 좀 이전했으면 쓰겠는데 지금 현재 대방동이 위화감이 없지 않아 있어요.,[],['감이 없지 않아 있어'],[],[],[],0,1,0,0,0,0,0,없지 않아 있어
spoken_data_25081.json,9c279467-1057-439c-b836-477866d0bfa0,212,"그러니까 그런 것도 한 번 참고로 하시고 내가 질문하고자 하는 것은 교육 분야에 좀 다양한 프로그램을 갖고 지도를 해 나가고 좀 더 심도 있는 상담을 통해서 계도하고 그 계도를 통한 유도를 해서 방황하는 자를 얼른 정착해 주는 그런 방향으로 좀 더 교육적으로 여기 예방적인 거라고 했는데 사실은 이것이 건수에 지나지 않는 것이지 매우 힘든 사업이 아닙니까, 솔직한 얘기가.",[],['에 지나지 않는 것이'],[],[],[],1,0,0,0,0,0,0,
spoken_data_25081.json,9c279467-1057-439c-b836-477866d0bfa0,214,"경찰서에서는 뭐 하나씩 오면 갖다가 의뢰하고 뭐 하는 것에 지나지 않는 거지 실제적으로 그렇게 앞으로 예방적인 사업도 하려고 하면 뭔가 다양한 프로그램을 갖고 진짜 사업 계획을 세워서 인원도 증원할 필요가 있을 때는 그때 인원을 증원해서라도 사업 다운 사업을 해야 되지 않느냐, 예방적인 사업을 한다고 하면 그런데 내가 봤을 때는 매우<NAME>적인 것에 지나지 않지 않느냐, 그런 것을 좀 앞으로 삼고하셔서 합리적 운영을 해야 할 필요가 있다, 이렇게 보는 겁니다.",[],"['에 지나지 않는 거지', '에 지나지 않지 않느']",[],[],[],1,0,0,1,0,0,0,
spoken_data_25081.json,9c279467-1057-439c-b836-477866d0bfa0,227,제가 소장이 되기 전에 지도하던 아이는 하도 말을 안 들어서 제가 머리 위에 손을 얹고 안수까지 했습니다.,['도 말을 안 들어서'],[],[],[],[],0,0,0,0,1,0,0,
spoken_data_25081.json,451cc30b-dc1c-45b2-992e-9a1da0fdfc72,261,부시장님이 계셨으면 좋았을 것 같은데 부시장님이 안 계셔서…….,['시장님이 안 계셔서…'],[],[],[],[],0,0,0,0,0,1,0,
spoken_data_25081.json,451cc30b-dc1c-45b2-992e-9a1da0fdfc72,264,양화대교는 단순히 재정법상 예비비 사용의 문제만 저는 있지 않다고 봅니다.,[],['저는 있지 않다고 봅'],[],[],[],0,0,0,1,0,0,0,
spoken_data_25081.json,451cc30b-dc1c-45b2-992e-9a1da0fdfc72,273,이 내용 자체를 그 당시 서울시민들한테 알려 주지도 않았을뿐더러 지금 현재 문제가 되고 있는 182억의 예비비 사용 문제도 그렇습니다.,[],['알려 주지도 않았을뿐더'],[],[],[],1,0,0,0,0,0,0,않았을뿐더러
spoken_data_25081.json,451cc30b-dc1c-45b2-992e-9a1da0fdfc72,276,전혀 관련자를 접하지 못하는 우리 의원들이 아는 상황이었는데 그 당시를 무마하고자 75억을 숨긴 채 142억만 의회에 예산심의를 올렸었고 또 그 내용이 삭감되자 그 금액만 다시 예비비를 사용했던 것입니다.,[],[],[],['를 접하지 못하는 우'],[],1,0,0,0,0,0,0,
spoken_data_25081.json,451cc30b-dc1c-45b2-992e-9a1da0fdfc72,280,"우리의 정책이, 우리의 주장이 아무리 옳다고 해도 서울시민의 생명과 안전을 담보로 이것을 반대해서는 안 된다, 막아서는 안 된다고 주장했던 의원 중에 한 사람입니다.","['대해서는 안 된다,', '막아서는 안 된다고']",[],[],[],[],0,0,0,2,0,0,0,
spoken_data_25081.json,451cc30b-dc1c-45b2-992e-9a1da0fdfc72,293,그렇지만 지금 진행되고 있는 9호선과 우면산터널 문제를 보더라도 전임자가 아니면 나보다 상급자가 잘못된 정책적 판단을 할 때 집행 단위에서는 전혀 아무 말도 못 하고 계속 이렇게 집행되어가는 것은 제가 서울시 의원이기 전에 서울시민의 입장으로서도 절대 있어서는 안 될 일이라고 생각합니다.,['있어서는 안 될 일이'],[],['무 말도 못 하고 계'],[],[],2,0,0,0,0,0,0,
spoken_data_25081.json,451cc30b-dc1c-45b2-992e-9a1da0fdfc72,296,그래서 과연 앞으로 벌어지지 않을 일일까 그런 점에서 확신을 할 수가 없기 때문에 이것은 상위법을 고쳐서라도 의회와 집행부의 관계를 재정립해야 되는 게 아닌가?,[],['벌어지지 않을 일일'],[],[],[],1,0,0,0,0,0,0,
spoken_data_25081.json,451cc30b-dc1c-45b2-992e-9a1da0fdfc72,301,물론 이것이 어떤 법적인 그런 한계를 넘어섰느냐 안 넘어섰느냐를 떠나서 의회의 심의 의결권을 상당히 훼손시켰다 하는 부분에 대해서는 저희들도 인정을 하고 이 부분에 있어서는 재발되지 않도록 하겠다는 말씀을 드립니다.,['어섰느냐 안 넘어섰느'],['재발되지 않도록 하'],[],[],[],0,1,1,0,0,0,0,넘어섰느냐 안 넘어섰느냐를 <- 명사절??
spoken_data_25081.json,451cc30b-dc1c-45b2-992e-9a1da0fdfc72,304,물론 지금 저희 위원장님께서도 본 회의장에서 명확하게 사과를 한다 그러셨는데 사실 그것만 가지고 충분하지 않다는 게 또 많은 위원들의 생각입니다.,[],['충분하지 않다는 게'],[],[],[],1,0,0,0,0,0,0,
spoken_data_25081.json,451cc30b-dc1c-45b2-992e-9a1da0fdfc72,319,다만 사과를 하신 데 대해서 근본적으로 변하지 않는 것은 있다.,[],['로 변하지 않는 것은'],[],[],[],1,0,0,0,0,0,0,
spoken_data_25081.json,451cc30b-dc1c-45b2-992e-9a1da0fdfc72,320,"뭐냐 하면 이런 사태가 재발되지 않도록 노력하겠다고 하지만 제도적으로 법적으로 이런 사태는 재발되게 되어 있습니다, 구조적으로.",[],['재발되지 않도록 노'],[],[],[],0,1,0,0,0,0,0,
spoken_data_25081.json,451cc30b-dc1c-45b2-992e-9a1da0fdfc72,325,아무도 신경 써 주지 않습니다.,[],['써 주지 않습니다.'],[],[],[],0,0,0,0,0,1,0,
spoken_data_25081.json,451cc30b-dc1c-45b2-992e-9a1da0fdfc72,326,20살짜리 청년이 5살짜리 애기 옷을 입고 앉아있는데도 국회의원도 정부에서도 아무것도 신경을 안 써 줘요.,['신경을 안 써 줘요'],[],[],[],[],0,0,0,0,0,1,0,
spoken_data_25081.json,451cc30b-dc1c-45b2-992e-9a1da0fdfc72,331,아무리 정치가 작동을 못한다손 치더라도 그런 행태는 있어서는 안 되거든요.,['있어서는 안 되거든요'],[],['못한다손'],[],[],0,0,0,1,0,1,0,못한다손 은 인용절일까요
spoken_data_25081.json,451cc30b-dc1c-45b2-992e-9a1da0fdfc72,347,저도 또 한 가지만 말씀을 보충적으로 드린다면 그때 당시에 상류 측도하지 말라고 했었고 하류 측도 의회에서 하지 말라고 분명하게 말씀을 드렸었는데도 불구하고 하류 측을 저희가 하지 말라고 요청을 하고 인터뷰도 하고 방송에 나가서 토론도 하고 이랬었지만 그것을 집행을 해 버렸어요.,[],[],[],[],"['측도하지 말라고 했', '에서 하지 말라고 분', '희가 하지 말라고 요']",0,0,0,3,0,0,0,삭제 - 한가지만 말씀
spoken_data_25081.json,451cc30b-dc1c-45b2-992e-9a1da0fdfc72,349,그래서 나중에 시민의 안전이 문제기 때문에 이것을 해 줘야 된다고 계속 요구해서 앞으로도 그런 행태가 반복되지 않아야 된다고 생각합니다.,[],['반복되지 않아야 된'],[],[],[],0,0,0,1,0,0,0,
spoken_data_25081.json,451cc30b-dc1c-45b2-992e-9a1da0fdfc72,363,안건을 상정하기에 앞서 예산 및 결산과 관련된 지적사항은 아무리 반복해도 지나친 것이 아니므로 위원장으로서 몇 가지 말씀을 드리고자 합니다.,[],[],[],[],[],0,0,0,0,0,0,0,삭제 - 가지 말씀
spoken_data_25081.json,451cc30b-dc1c-45b2-992e-9a1da0fdfc72,411,그간 바쁘신 중에도 깊은 관심과 애정으로 서울교육 발전을 위해 수고를 아끼지 않으신 여러 위원님께 이 자리를 빌려 감사의 말씀을 드립니다.,[],['를 아끼지 않으신 여'],[],[],[],1,0,0,0,0,0,0,
spoken_data_25081.json,451cc30b-dc1c-45b2-992e-9a1da0fdfc72,485,그다음에 미수납액 중에서 변상금이랑 부과 징수가 있는데 이것이 잘 안 걷히고 있어요.,['것이 잘 안 걷히고'],[],[],[],[],0,0,0,0,0,1,0,
spoken_data_25081.json,451cc30b-dc1c-45b2-992e-9a1da0fdfc72,487,그다음에 수석님이 검토보고 한 내용 중에 사립 중·고등학교 중에 22개교는 학교법인에서 전혀 법인 전입금을 부담하지 않는다고 했는데 295개교 중에 최근 5년간 법인 전입금 납부내역을 주시기 바랍니다.,[],['부담하지 않는다고'],[],[],[],0,0,0,1,0,0,0,
spoken_data_25081.json,451cc30b-dc1c-45b2-992e-9a1da0fdfc72,488,예를 들어서 법인 전입금 납부액이 있을 것이고 실제 납부한 액이 있을 거고 비율이 있을 거고 하나도 납부하지 못한 학교들은 최근 5년간 어디인지 그 내역을 상세하게 주시기 바랍니다.,[],[],[],['납부하지 못한 학교'],[],1,0,0,0,0,0,0,
spoken_data_25081.json,451cc30b-dc1c-45b2-992e-9a1da0fdfc72,504,○<NAME> 위원: 최근 3년간 법인 전입금 납부내역 중에서 전혀 재단 측에서 돈을 내지 않은 학교들에 교육 환경개선 사업 예산이 간 것이 있으면 최근 3년 치를 분석해서 주시고요.,[],['돈을 내지 않은 학교'],[],[],[],1,0,0,0,0,0,0,
spoken_data_25081.json,451cc30b-dc1c-45b2-992e-9a1da0fdfc72,509,지금 실상 학교와 지역사회가 연계한 사업들이 상당히 많이 되고 있는데 개방을 하는 학교가 있고 개방을 하지 않는 학교가 있습니다.,[],['방을 하지 않는 학교'],[],[],[],1,0,0,0,0,0,0,
spoken_data_25081.json,451cc30b-dc1c-45b2-992e-9a1da0fdfc72,511,어느 정도의 학교가 개방을 하고 있고 어느 정도 학교가 개방하지 않고 그 이유가 뭔지 그런 사유 이런 것을 같이 붙여서 제출해 주시기 바랍니다.,[],['개방하지 않고 그'],[],[],[],1,0,0,0,0,0,0,문장성분이 뭘까요
spoken_data_25081.json,451cc30b-dc1c-45b2-992e-9a1da0fdfc72,523,○<NAME> 위원: 그러면 일선 학교에는 안 계셨나요?,['학교에는 안 계셨나요'],[],[],[],[],0,0,0,0,0,1,0,
spoken_data_25081.json,451cc30b-dc1c-45b2-992e-9a1da0fdfc72,542,"○<NAME> 위원: 그러면 다른 교육청은 모르겠는데 서울시 교육청에서는 학교시설의 그런 내구연한을 다 지킨다고 생각하세요, 안 지킨다고 생각하세요?","['하세요, 안 지킨다고']",[],[],[],[],0,0,0,1,0,0,0,
spoken_data_25081.json,451cc30b-dc1c-45b2-992e-9a1da0fdfc72,545,"그냥 지켜질 것 같으세요, 안 지켜질 것 같으세요?","['으세요, 안 지켜질']",[],[],[],[],0,0,0,0,0,1,0,
spoken_data_25081.json,451cc30b-dc1c-45b2-992e-9a1da0fdfc72,546,○기획조정실장 <NAME>: 다 지켜지지 않을 것 같습니다.,[],['지켜지지 않을 것'],[],[],[],0,0,0,0,0,1,0,
spoken_data_25081.json,451cc30b-dc1c-45b2-992e-9a1da0fdfc72,547,○<NAME> 위원: 어느 정도 안 지켜질 것 같으세요?,['느 정도 안 지켜질'],[],[],[],[],0,0,0,0,0,1,0,
spoken_data_25081.json,451cc30b-dc1c-45b2-992e-9a1da0fdfc72,548,○기획조정실장 <NAME>: 그 비율은 잘 모르겠는데 예산사정상 잘 지켜지지 않을 것 같습니다.,[],['지켜지지 않을 것'],[],[],[],0,0,0,0,0,1,0,
spoken_data_25081.json,451cc30b-dc1c-45b2-992e-9a1da0fdfc72,550,"9개 항목만 조사해서 내구연한을 지키지 않고 내구연한이 지났는데 고쳐지지 않은 시설이 얼마나 되나, 그리고 평균 잡아서 한 학교당 필요한 예산이 얼마이고, 공립학교가 967개 학교인가 그렇단 말이에요.",[],"['을 지키지 않고 내구', '고쳐지지 않은 시설']",[],[],[],1,1,0,0,0,0,0,
spoken_data_25081.json,451cc30b-dc1c-45b2-992e-9a1da0fdfc72,570,제가 말씀드리고 싶은 것은 우리나라 교육문제를 해결하는 여러 가지 방안이 있는데 그중에 꼭 빠져서는 안 될 게 교육재정 확대입니다.,['빠져서는 안 될 게'],[],[],[],[],1,0,0,0,0,0,0,
spoken_data_25081.json,451cc30b-dc1c-45b2-992e-9a1da0fdfc72,592,아직 파악이 안 돼서 구체적으로 뭐라고 말씀을 드리기가 어렵습니다.,['파악이 안 돼서 구'],[],[],[],[],0,0,0,0,1,0,0,
spoken_data_25081.json,451cc30b-dc1c-45b2-992e-9a1da0fdfc72,594,정말 이 문제가 해결되지 않으면 우리 전체 학생이 아니라 전체 국민들이 되게 가슴 아프게 생각하고 항상 불안하게 살 겁니다.,[],['해결되지 않으면 우'],[],[],[],0,0,0,0,1,0,0,
spoken_data_25081.json,451cc30b-dc1c-45b2-992e-9a1da0fdfc72,596,그 무엇보다도 우선되어야 되는 사업이고 그 무엇보다 우선돼야 되는 사업에 이번 추경에 147억밖에 안 했다는 건 너무나 안타까운 일이고요.,['7억밖에 안 했다는'],[],[],[],[],1,0,0,0,0,0,0,
spoken_data_25081.json,451cc30b-dc1c-45b2-992e-9a1da0fdfc72,622,○<NAME> 위원: 분류 항목이 우리 전문위원 검토 보고서에 자세한 사례가 전부 드러나다시피 이것이 취소가 되는 경우는 그 학교는 그 예산 자체가 내려가지 않는 거지요?,[],['내려가지 않는 거지'],[],[],[],1,0,0,0,0,0,0,
spoken_data_25081.json,451cc30b-dc1c-45b2-992e-9a1da0fdfc72,642,이에 반해서 어느 학교들은 시설 환경개선 사업에 신청조차 안 하는 학교도 있어요.,['신청조차 안 하는 학'],[],[],[],[],1,0,0,0,0,0,0,
spoken_data_25081.json,451cc30b-dc1c-45b2-992e-9a1da0fdfc72,653,거기다가 불이익을 줘서는 안 되는 것 아니겠습니까?,['줘서는 안 되는 것'],[],[],[],[],1,0,0,0,0,0,0,확인형...? (이중부정)
spoken_data_25081.json,451cc30b-dc1c-45b2-992e-9a1da0fdfc72,667,지금처럼 스스로 돕는 학교를 저버리시면 안 된단 말씀입니다.,['버리시면 안 된단 말'],[],[],[],[],1,0,0,0,0,0,0,
spoken_data_25081.json,451cc30b-dc1c-45b2-992e-9a1da0fdfc72,670,실은 그에 대해서 대부분이 다르지는 않겠더라고요.,[],['이 다르지는 않겠더라고'],[],[],[],0,0,0,0,0,1,0,
spoken_data_25081.json,451cc30b-dc1c-45b2-992e-9a1da0fdfc72,679,○교육정책국장 <NAME>: 글쎄 그 회의에는 제가 참석하지 못했고 아직 회의 결과를 보고받지는 못했습니다만 지금까지 복수담임제를 시행하면서 검토의견에 있는 바와 같이 도입된 지 얼마 되지 않아서 두 분 선생님 간의 역할 구분이 좀 애매하다,[],['얼마 되지 않아서 두'],[],"['참석하지 못했고 아', '보고받지는 못했습니다']",[],0,0,0,0,2,1,0,-마는 <- 연결어미인지 여부가 불분명하다는데 이거 뭐죠
spoken_data_25081.json,451cc30b-dc1c-45b2-992e-9a1da0fdfc72,683,그것에 대한 사전 충분한 논의가 안 되고 준비를 하신 것이었습니까?,['논의가 안 되고 준'],[],[],[],[],0,1,0,0,0,0,0,
spoken_data_25081.json,451cc30b-dc1c-45b2-992e-9a1da0fdfc72,693,저는 정확한 자료에 근거하지 않고 언론 보도를 취합을 해 봤더니 16개 시·도의 공통적인 문제였거든요.,[],['근거하지 않고 언론'],[],[],[],0,1,0,0,0,0,0,
spoken_data_25081.json,451cc30b-dc1c-45b2-992e-9a1da0fdfc72,694,아무리 상급부서가 지시를 한다고 그래도 이것이 현 교육현장에서 맞지 않는 사실 자체를 이렇게 급격하게 예산을 투입을 해서 시행할 필요가 있겠느냐.,[],['에서 맞지 않는 사실'],[],[],[],1,0,0,0,0,0,0,
spoken_data_25081.json,451cc30b-dc1c-45b2-992e-9a1da0fdfc72,703,○교육행정국장 <NAME>: 건수로는 제가 파악이 안 되었습니다.,['파악이 안 되었습니'],[],[],[],[],0,0,0,0,0,1,0,
spoken_data_25081.json,451cc30b-dc1c-45b2-992e-9a1da0fdfc72,709,"○<NAME> 위원: 아니, 불용액이 늘어나지 않았어요?",[],['늘어나지 않았어요?'],[],[],[],0,0,0,0,0,1,0,
spoken_data_25081.json,451cc30b-dc1c-45b2-992e-9a1da0fdfc72,725,○<NAME> 위원: 자세한 것은 7월 4일 시정질문 때 지적을 하겠지만 청소도 제대로 안 되어 있어요.,['제대로 안 되어 있'],[],[],[],[],0,0,0,0,0,1,0,
spoken_data_25081.json,451cc30b-dc1c-45b2-992e-9a1da0fdfc72,735,"미혼 여성분들께서 군대에 가지 않아도 괜찮다, 내 남편 될 사람이 군대에 가지 않아도 괜찮다 하는 사람이 56%나 돼요.",[],"['대에 가지 않아도 괜', '대에 가지 않아도 괜']",[],[],[],0,2,0,0,0,0,0,
spoken_data_25081.json,451cc30b-dc1c-45b2-992e-9a1da0fdfc72,756,전반적으로는 실제 현실에 맞지 않거나 또는 불필요한 사업이 요구된 경우도 일부 있었습니다만 전반적으로는 기준에 맞게 공정하게 실태조사가 되었다고 평가를 받았습니다.,[],['실에 맞지 않거나 또'],[],[],[],1,0,0,0,0,0,0,
spoken_data_25081.json,451cc30b-dc1c-45b2-992e-9a1da0fdfc72,757,○<NAME> 위원: 그것도 그거지만 교육청이 보수적인 집단이라는 건 누구든지 다 알고 있지만 너무나 앞서서 나가도 안 되겠지만 사회에 너무나 뒤떨어져서도 안 돼요.,"['나가도 안 되겠지만', '어져서도 안 돼요.']",[],[],[],[],0,0,0,0,0,2,0,
spoken_data_25081.json,451cc30b-dc1c-45b2-992e-9a1da0fdfc72,766,○<NAME> 위원: 본 위원한테 보고도 안 했다가 그분이 억울하다고 전화가 왔어요.,['보고도 안 했다가'],[],[],[],[],0,0,0,0,1,0,0,
spoken_data_25081.json,451cc30b-dc1c-45b2-992e-9a1da0fdfc72,769,○<NAME> 위원: 그런데 신청에 참석했던 분이 교통사고가 나서 대신 친구한테 가도록 말을 했고 신청에 떨어졌던 친구가 참여를 했는데 명단을 빨리 바꿔주지 않았어요.,[],['바꿔주지 않았어요.'],[],[],[],0,0,0,0,0,1,0,
spoken_data_25081.json,451cc30b-dc1c-45b2-992e-9a1da0fdfc72,770,그래서 당신은 보험액 지급이 안 된다.,['지급이 안 된다.'],[],[],[],[],0,0,0,0,0,1,0,
spoken_data_25081.json,451cc30b-dc1c-45b2-992e-9a1da0fdfc72,771,이미 교육청에다 보고했고 오라 그랬는데 왜 명단을 바꿔주지 않았느냐는 말이에요.,[],['바꿔주지 않았느냐는'],[],[],[],1,0,0,0,0,0,0,
spoken_data_25081.json,451cc30b-dc1c-45b2-992e-9a1da0fdfc72,795,이런 것 잘못됐다고 여러 번 시정하라고 했는데도 안 해요.,['했는데도 안 해요.'],[],[],[],[],0,0,0,0,0,1,0,
spoken_data_25081.json,451cc30b-dc1c-45b2-992e-9a1da0fdfc72,800,○<NAME> 위원: 확실하게 잘 안 알려주고 제때 제때 소통이 안 되기 때문에 그런 거예요.,"['하게 잘 안 알려주고', '소통이 안 되기 때']",[],[],[],[],0,0,2,0,0,0,0,
spoken_data_25081.json,451cc30b-dc1c-45b2-992e-9a1da0fdfc72,815,"○<NAME> 위원: 일제점검하는 것은 좋은데요, 분담금 30%를 못 내면 진행이 안 되잖아요?",['진행이 안 되잖아요'],[],['30%를 못 내면 진'],[],[],0,1,0,0,0,1,0,
spoken_data_25081.json,451cc30b-dc1c-45b2-992e-9a1da0fdfc72,821,서울시도 마찬가지고 교육청도 마찬가지인데 장애인 법정 인원수를 채용하지 못해서 수십억을 지출하고 있거든요.,[],[],[],['채용하지 못해서 수'],[],0,1,0,0,0,0,0,
spoken_data_25081.json,451cc30b-dc1c-45b2-992e-9a1da0fdfc72,824,"교육을 이끌어나갈, 장애인 학생들하고 같이 공부를 가르치면서 장애인을 차별하지 않겠다고 어떠한 시설을 자꾸 올리고 있는데도 장애인 선생님 한 분도 모시지 못하고 있는 그러한 상태로 이것을 그냥 법적으로 잘못해서 금액으로 물어낸다고 한다면 교육계는 발전이 없습니다.",[],['차별하지 않겠다고'],[],['도 모시지 못하고 있'],[],1,0,0,1,0,0,0,
spoken_data_25081.json,451cc30b-dc1c-45b2-992e-9a1da0fdfc72,828,"그때에 다들 경미하다는 얘기를 해서, 그때 아무 이의 제기를 안 했습니다.",['제기를 안 했습니다'],[],[],[],[],0,0,0,0,0,1,0,
spoken_data_25081.json,451cc30b-dc1c-45b2-992e-9a1da0fdfc72,847,○<NAME> 위원: 미안한데 잘 안 보여서 서서 좀 해 주시면 고맙겠습니다.,['한데 잘 안 보여서'],[],[],[],[],0,0,0,0,1,0,0,
spoken_data_25081.json,451cc30b-dc1c-45b2-992e-9a1da0fdfc72,869,아마 학부모들이 불안해하기 때문에 어느 학교 이런 명단도 지금 교육청에서 못 밝히시는 것 같아요.,[],[],['육청에서 못 밝히시는'],[],[],1,0,0,0,0,0,0,
spoken_data_25081.json,451cc30b-dc1c-45b2-992e-9a1da0fdfc72,872,○<NAME> 위원: 사실 우리 학부모들이나 시민들이 이 검역시스템과 공급 시스템이 안전하다고 느끼신다면 그런 문제가 발생했을 때 그 문제 된 학교와 업체를 즉각 공개를 안 할 이유가 없다고 생각합니다.,['공개를 안 할 이유'],[],[],[],[],1,0,0,0,0,0,0,
spoken_data_25081.json,451cc30b-dc1c-45b2-992e-9a1da0fdfc72,881,○<NAME> 위원: 그런데 현실은 그렇지 못합니다.,[],[],[],['은 그렇지 못합니다.'],[],0,0,0,0,0,1,0,
spoken_data_25081.json,451cc30b-dc1c-45b2-992e-9a1da0fdfc72,887,저는 참고로 상반기 때 교육위원회를 지망했다가 교육위원회는 경쟁률이 너무 세서 못 들어갔고요.,[],[],['무 세서 못 들어갔고'],[],[],0,1,0,0,0,0,0,
spoken_data_25081.json,451cc30b-dc1c-45b2-992e-9a1da0fdfc72,894,그래서 서울에서는 처음으로 교육공원 비슷하게라도 하나 들어서는 것인데 이 과정에서 교육청의 도움은 전혀 받지 못했습니다.,[],[],[],['전혀 받지 못했습니다'],[],0,0,0,0,0,1,0,
spoken_data_25081.json,451cc30b-dc1c-45b2-992e-9a1da0fdfc72,897,저는 교육청이 기본적으로 도시정책에 관심을 갖고 어떤 지역을 개발하고 발전시킬 때 교육청의 입장에서 볼 때는 그 지역에는 어느 정도 사이즈의 도서관이 꼭 필요하다거나 내지는 청소년문화시설이 필요하다거나 이런 교육청의 의견이 적극 개입될 때와 그렇지 않을 때의 도시의 모습은 저는 분명히 달라진다고 생각합니다.,[],['와 그렇지 않을 때의'],[],[],[],1,0,0,0,0,0,0,
spoken_data_25081.json,451cc30b-dc1c-45b2-992e-9a1da0fdfc72,898,기본적으로 우리 서울이라는 도시가 그리고 서울시민들이 교육에 대한 애정과 열의가 대단하고 이 서울이라는 곳에서 아이를 키우면서 아이를 훌륭한 교육여건 속에 잘 자라게 하고 싶은 시민의 욕망이 분명히 그것을 부인하지 않는다면 도시정책과 도시문제에 있어서도 교육청의 많은 관심과 개입이 필요합니다.,[],['부인하지 않는다면'],[],[],[],0,0,0,0,1,0,0,
spoken_data_25081.json,451cc30b-dc1c-45b2-992e-9a1da0fdfc72,914,예비비 관련해서 몇 가지만 이해가 안 되는 것 자료를 주시기 바랍니다.,['이해가 안 되는 것'],[],[],[],[],1,0,0,0,0,0,0,
spoken_data_25081.json,451cc30b-dc1c-45b2-992e-9a1da0fdfc72,934,예를 들어서 압류도 안 하고 그냥 변상금이 지체되면 미수납되면 그냥 채무자 재력 부족에 집어넣어놓고 관리를 하는지 안 하는지 모를 정도로 이렇게 되어 있어요.,"['압류도 안 하고 그', '하는지 안 하는지']",[],[],[],[],0,0,1,0,1,0,0,
spoken_data_25081.json,451cc30b-dc1c-45b2-992e-9a1da0fdfc72,950,"기획조정실장님, 부임 날짜가 7월 1일이라서 잘 모르실 건데 대신 답변해 주실 분 안 계세요?",['주실 분 안 계세요?'],[],[],[],[],0,0,0,0,0,1,0,
spoken_data_25081.json,451cc30b-dc1c-45b2-992e-9a1da0fdfc72,957,○교육행정국장 <NAME>: 전용 건수는 저희가 파악이 아직 안 되었는데 다시 검토를 해서 보고드리겠습니다.,['이 아직 안 되었는데'],[],[],[],[],0,1,0,0,0,0,0,
spoken_data_25081.json,451cc30b-dc1c-45b2-992e-9a1da0fdfc72,967,○<NAME> 위원: 그러면 당초 계획 수립이 잘못되었거나 신중을 기하지 않고 주먹구구식으로 예산을 편성한 결과라고 봐지지 않습니까?,[],['을 기하지 않고 주먹'],[],[],[],1,0,0,0,0,0,0,
spoken_data_25081.json,451cc30b-dc1c-45b2-992e-9a1da0fdfc72,985,그런데 지난 2011년 11월에 행감에서 좀 얘기를 했어야 되는데 그때까지는 뭐 별다른 문제점이 발견되지 않았었는데 이번에 자료를 받고 보니까 다음과 같은 문제점이 발견되었습니다.,[],['발견되지 않았었는데'],[],[],[],0,0,0,0,1,0,0,
spoken_data_25081.json,451cc30b-dc1c-45b2-992e-9a1da0fdfc72,990,그런데 B라는 재건축조합에는 대토를 하지 않아서 학교를 지금 리모델링을 하면서 다시 배치하는 그 상황에서 학교의 설계와 건물 배치가 달라질 수밖에 없었던 이런 일이 발생을 했습니다.,[],['토를 하지 않아서 학'],[],[],[],0,1,0,0,0,0,0,
spoken_data_25081.json,451cc30b-dc1c-45b2-992e-9a1da0fdfc72,995,학교에서 20억 이상의 건물을 짓거나 땅을 사고 그럴 때 공유재산심의를 받게 되는데 사실 서울시가 워낙 넓으니까 교육위원회에서 하나하나 쫓아다니면서 하지는 않습니다.,[],['면서 하지는 않습니다.'],[],[],[],0,0,0,0,0,1,0,
spoken_data_25081.json,451cc30b-dc1c-45b2-992e-9a1da0fdfc72,999,○교육행정국장 <NAME>: 지금 위원님 말씀대로 공유재산심의회 때까지만 내용을 알고 있고 그다음 진행사항은 사실상 저희가 세세하게 보고받지 못했습니다.,[],[],[],['보고받지 못했습니다'],[],0,0,0,0,0,1,0,
spoken_data_26272.json,4cd95421-bda8-410a-b7ff-28bbb0e6dc66,8,○<NAME> 위원: 그러면 그 시설장 업무추진비는 이쪽 세입·세출 결산서에 보면 항목이 나타나지 않는데 이게 어느 부분에 들어가 있는 거냐고요?,[],['나타나지 않는데 이'],[],[],[],0,1,0,0,0,0,0,
spoken_data_26272.json,4cd95421-bda8-410a-b7ff-28bbb0e6dc66,12,"○위원장 <NAME>: 시설장님, 시설장님이 지금 업무추진비를 받으시는지 안 받으시는지 또 받으시면 어느 용도에 사용하는지는 굳이 자료를 보지 않고도 대답하실 수 있는 부분이라 생각됩니다.",['으시는지 안 받으시는'],['료를 보지 않고도 대'],[],[],[],0,1,1,0,0,0,0,
spoken_data_26272.json,4cd95421-bda8-410a-b7ff-28bbb0e6dc66,13,그런데 굳이 그렇게 막 자료를 찾으셔야 되는지 좀 이해가 가지 않으나 어쨌든 자료에 의거해서 대답을 하기를 원하시면 지금 자료를 작성한 관련자로 하여금 답변을 하도록 하면 좋겠습니다.,[],['해가 가지 않으나 어'],[],[],[],0,0,0,0,0,1,0,
spoken_data_26272.json,4cd95421-bda8-410a-b7ff-28bbb0e6dc66,35,"○상이군경복지관 회계 담당 <NAME> 위원님, 저희가 사회복지법인 회계 시스템을 쓰고 있기 때문에 저희 예산서에 반영이 안 된 부분을 저희가 따로 별도로 명기를 할 수는 없습니다.",['반영이 안 된 부분'],[],[],[],[],1,0,0,0,0,0,0,
spoken_data_26272.json,4cd95421-bda8-410a-b7ff-28bbb0e6dc66,41,"○상이군경복지관 회계 담당 <NAME> 아니, 시스템은 그렇게 안 나와 있는데요.",['그렇게 안 나와 있'],[],[],[],[],0,0,0,0,0,1,0,
spoken_data_26272.json,4cd95421-bda8-410a-b7ff-28bbb0e6dc66,45,"○<NAME> 위원: 아니, 본 위원이 지적하는 사항에 대해서 이해를 못 하고 있는 것 같습니다.",[],[],['이해를 못 하고 있'],[],[],1,0,0,0,0,0,0,
spoken_data_26272.json,4cd95421-bda8-410a-b7ff-28bbb0e6dc66,67,그래서 이월금을 남기지 않도록 또 보조금이 아시다시피 그렇게 넉넉하지가 않기 때문에 후원금이나 자부담이나 민간재원으로 사업을 해야 됩니다.,[],"['을 남기지 않도록 또', '넉넉하지가 않기']",[],[],[],0,1,1,0,0,0,0,넉넉하지가 않기 <- 분류 안 됨 
spoken_data_26272.json,4cd95421-bda8-410a-b7ff-28bbb0e6dc66,70,○<NAME> 위원: 지금 보니까 사업비가 15.8%밖에 되지 않습니다.,[],['밖에 되지 않습니다.'],[],[],[],0,0,0,0,0,1,0,
spoken_data_26272.json,4cd95421-bda8-410a-b7ff-28bbb0e6dc66,76,6.8% 정도의 포인트이면 예비비라는 명목으로 되어서는 안 될 것 같은데요.,['되어서는 안 될 것'],[],[],[],[],0,0,0,0,0,1,0,
spoken_data_26272.json,4cd95421-bda8-410a-b7ff-28bbb0e6dc66,83,"○북부장애인 종합복지관장 <NAME>: 예비비는 제가 알기로는 사회복지법인 재무회계규칙에 의하면 이사회 결의를 거쳐야만 쓸 수 있는 돈이고요, 그렇지 않으면 쓸 수 없는…….",[],"[', 그렇지 않으면 쓸']",[],[],[],0,1,0,0,0,0,0,
spoken_data_26272.json,4cd95421-bda8-410a-b7ff-28bbb0e6dc66,85,○북부장애인 종합복지관장 <NAME>: 연초에 예상하지 못했던 예를 들면…….,[],[],[],['예상하지 못했던 예'],[],1,0,0,0,0,0,0,
spoken_data_26272.json,4cd95421-bda8-410a-b7ff-28bbb0e6dc66,88,○<NAME> 위원: 다른 데 같은 경우에는 이 정도로 안 해 놓는데 왜 특별히 북부장애인 종합복지관의 경우는 예비비를 이렇게 많이 빼놓은 거지요?,['정도로 안 해 놓는'],[],[],[],[],0,1,0,0,0,0,0,
spoken_data_26272.json,4cd95421-bda8-410a-b7ff-28bbb0e6dc66,89,○북부장애인 종합복지관장 <NAME>: 2010년도에 6.8% 편성된 이유는 작년 2009년도에 저희들이 하던 민간재원 사업이 2010년도에 예산을 편성할 당시에 확정이 안 되어 있는 부분이 일부분 있었습니다.,['확정이 안 되어 있'],[],[],[],[],1,0,0,0,0,0,0,
spoken_data_26272.json,4cd95421-bda8-410a-b7ff-28bbb0e6dc66,94,사무비 중에서 회의비 항목이 있는데 3년도 자료를 죽 보면 회의비가 지출되지 않았는데 계속 예산편성은 되어 있습니다.,[],['지출되지 않았는데'],[],[],[],0,1,0,0,0,0,0,
spoken_data_26272.json,4cd95421-bda8-410a-b7ff-28bbb0e6dc66,98,그래서 예산편성을 해 놓았으면 집행을 하거나 아니면 쓰지 않으면 편성을 하지 않도록 제가 올해 얘기했습니다.,[],"['니면 쓰지 않으면 편', '성을 하지 않도록 제']",[],[],[],0,2,0,0,0,0,0,
spoken_data_26272.json,4cd95421-bda8-410a-b7ff-28bbb0e6dc66,114,그런데 대충 보면 한 60% 정도는 대부분 차지하는 것 같은데 노원은 한 50.1% 정도의<NAME>을 가지고 운영하기에는 혹시 빡빡하지 않은가 싶어서 상황이 어떠신지 질의를 드린 것이고요.,[],['빡빡하지 않은가 싶'],[],[],[],0,1,0,0,0,0,0,않은가 <- 명사절???
spoken_data_26272.json,4cd95421-bda8-410a-b7ff-28bbb0e6dc66,119,○노원시각장애인복지관장 <NAME>: 어느 항목에 들어 있는지는 확실히 기억이 지금 안 나고요.,['이 지금 안 나고요.'],[],[],[],[],0,0,0,0,0,1,0,
spoken_data_26272.json,4cd95421-bda8-410a-b7ff-28bbb0e6dc66,121,그 250만 원은 다른 데 쓰는 것이 아니고 같은 유관단체끼리의 경조사라든지 이런 쪽으로 주로 사용하는 업무추진비가 250만 원이 책정되어 있는데 지금 자료상으로 어느 쪽에 있는지는 확실히 기억이 안 납니다.,['기억이 안 납니다.'],[],[],[],[],0,0,0,0,0,1,0,
spoken_data_26272.json,4cd95421-bda8-410a-b7ff-28bbb0e6dc66,122,"○<NAME> 위원: 그러면 자료상에는 여기도 마찬가지로 아마 기관운영비나 이쪽에 포함되신 것 같고, 대부분 이쪽 감사 자료에는 다 그렇게 통일되어서 표기를 했는데 복지건강본부 쪽에 제출한 자료에는 이 노원시각장애인복지관은 시설장 업무추진비가 지출되지 않고 있는 것으로 나와 있습니다.",[],['지출되지 않고 있는'],[],[],[],1,0,0,0,0,0,0,
spoken_data_26272.json,4cd95421-bda8-410a-b7ff-28bbb0e6dc66,133,"대체로 보니까 여성 관련한 부분들은 위민(women), 또 주택과 관련한 부분들은 시프트라든지 해서 어떤 존재에 관한 것이라든지 아니면 어떤 시 사업의 목적 방향과 관련된 부분들이 연상되는 그런 주소들이 대부분 다 있던데 우리 장애인 관련한 홈페이지는 프렌드라고 되어 있는데 특별한 것이 있는 겁니까?",[],[],[],[],[],0,0,0,0,0,0,0,삭제 - 든지 아니면
spoken_data_26272.json,4cd95421-bda8-410a-b7ff-28bbb0e6dc66,139,그런데 아마도 프렌드는 장애우라고 하는 그런 발상이 이루어졌을 때 만들어진 도메인인 것 같은데 물론 하나의 도메인이 만들어지면 바뀌기는 쉽지 않은지 모르겠으나 이 부분도 실제 달라진 상황을 반영하는 그런 것으로 바뀌어야 되지 않을까라고 생각됩니다.,[],['기는 쉽지 않은지 모'],[],[],[],0,0,1,0,0,0,0,
spoken_data_26272.json,4cd95421-bda8-410a-b7ff-28bbb0e6dc66,155,"그래서 이 감사가 끝난 후에, 물론 집행부에서도 본 위원이 얘기 안 해도 알겠지만 다시 한번 화재에 대한 경각심을 불러일으키도록 공문 하나씩 띄워 주시기 바라고, 특별히 또 오늘 오신 장애인복지관에서 만약 그런 사고가 있으면 큰 피해가 있을 것이므로 미리 대비하는 것이 좋다고 생각되어서 이렇게 말씀드립니다.",['이 얘기 안 해도 알'],[],[],[],[],0,1,0,0,0,0,0,
spoken_data_26272.json,4cd95421-bda8-410a-b7ff-28bbb0e6dc66,187,"○장애인복지과장 <NAME>: 정확히 기억은 나지 않는데요, 60점 이상 되어야 하는 것으로 알고 있습니다.",[],"['억은 나지 않는데요,']",[],[],[],0,1,0,0,0,0,0,
spoken_data_26272.json,4cd95421-bda8-410a-b7ff-28bbb0e6dc66,188,○<NAME> 위원: 60점 미만이면 재위탁이 안 되는 거죠?,['재위탁이 안 되는 거'],[],[],[],[],1,0,0,0,0,0,0,
spoken_data_26272.json,4cd95421-bda8-410a-b7ff-28bbb0e6dc66,193,○<NAME> 위원: 그래도 안 되면?,['그래도 안 되면?'],[],[],[],[],0,0,0,0,0,1,0,
spoken_data_26272.json,4cd95421-bda8-410a-b7ff-28bbb0e6dc66,194,그래도 안 되면 어떻게 하시냐고요?,['그래도 안 되면 어'],[],[],[],[],0,1,0,0,0,0,0,
spoken_data_26272.json,4cd95421-bda8-410a-b7ff-28bbb0e6dc66,204,"협약사항을 이행하지 아니한 경우 등 해서 해지가 가능한 그런 조항들을 두고 있습니다, 협약서 문안 속에.",[],['이행하지 아니한 경우'],[],[],[],1,0,0,0,0,0,0,
spoken_data_26272.json,4cd95421-bda8-410a-b7ff-28bbb0e6dc66,227,저음이 조금 약해 가지고 말씀을 제대로 못 알아들어서 죄송합니다.,[],[],['제대로 못 알아들어'],[],[],0,1,0,0,0,0,0,
spoken_data_26272.json,4cd95421-bda8-410a-b7ff-28bbb0e6dc66,231,○상이군경복지관장 <NAME>: 업무추진비에 사용하는 카드는 사실 내외 손님이라든지 애경사 등 특별한 사항이 아니면 사용을 하지 않습니다.,[],['용을 하지 않습니다.'],[],[],[],0,0,0,0,0,1,0,
spoken_data_26272.json,4cd95421-bda8-410a-b7ff-28bbb0e6dc66,232,"○<NAME> 위원: 혹시 그것 다른 분이 쓰시는 것 아니에요, 우리 시설장님 못 쓰시고?",[],[],['시설장님 못 쓰시고?'],[],[],0,1,0,0,0,0,0,
spoken_data_26272.json,4cd95421-bda8-410a-b7ff-28bbb0e6dc66,236,다른 분이 쓰시고 혹시 관장님은 그것 못 쓰시는 것 아니냐고요?,[],[],['은 그것 못 쓰시는'],[],[],1,0,0,0,0,0,0,
spoken_data_26272.json,4cd95421-bda8-410a-b7ff-28bbb0e6dc66,253,○<NAME> 위원: 지난번에 지적받으신 사항을 충분히 인지하시고 있고 또 아까 과장님이 얘기하셨듯이 이번에 받은 점수보다 그 이하일 경우에는 재위탁을 안 한다는 그런 조건부 위탁인 것을 복지관에서 충분히 인지하고 있다고 하니…….,['재위탁을 안 한다는'],[],[],[],[],1,0,0,0,0,0,0,
spoken_data_26272.json,4cd95421-bda8-410a-b7ff-28bbb0e6dc66,256,"그러나 전반적으로 복지관 재위탁 심사에서 최하위 점수를 받은 것은 제가 꼭 지적하면서, 그리고 거의 그때 60점이 커트라인이면 1점만 부족했어도 재위탁이 안 되는 조건이었습니다.",['재위탁이 안 되는 조'],[],[],[],[],1,0,0,0,0,0,0,
spoken_data_26272.json,4cd95421-bda8-410a-b7ff-28bbb0e6dc66,261,○<NAME> 위원: 그렇게 업무 파악도 정확히 안 된 상태에서 그냥 이 시간만 지나면 된다는 식의 답변은 가급적 삼가 주시기 바랍니다.,['정확히 안 된 상태'],[],[],[],[],1,0,0,0,0,0,0,
spoken_data_26272.json,4cd95421-bda8-410a-b7ff-28bbb0e6dc66,267,"더 이상 질의하실 위원님이 안 계시므로 서울특별시 북부장애인 종합복지관, 상이군경복지관, 노원시각장애인복지관, 뇌성마비 종합복지관, 시립 은혜로운 집 소관 행정사무감사에 대한 질의 답변을 모두 마치겠습니다.",['위원님이 안 계시므로'],[],[],[],[],0,0,0,0,1,0,0,
spoken_data_26272.json,b207aa8f-2504-450d-8574-f74db4b3e9c9,283,지난 6월 13일 지방선거에서 그렇게도 힘들고 어려운 경쟁에서 승리하여 이렇게 영예롭게 의석에 좌정하신 동료 의원 여러분에게 먼저 경하하여 마지않습니다.,[],['마지않습니다'],[],[],[],0,0,0,0,0,1,0,마지않습니다?
spoken_data_26272.json,b207aa8f-2504-450d-8574-f74db4b3e9c9,305,투표를 안 하신 의원이 계신 것 같아서 다시 한번 말씀드립니다.,['투표를 안 하신 의'],[],[],[],[],1,0,0,0,0,0,0,
spoken_data_26272.json,b207aa8f-2504-450d-8574-f74db4b3e9c9,307,투표를 안 하신 의원 계십니까?,['투표를 안 하신 의'],[],[],[],[],1,0,0,0,0,0,0,
spoken_data_26272.json,b207aa8f-2504-450d-8574-f74db4b3e9c9,350,"그래서 저는 앞으로 부의장직을 수행함에 있어서 여야 구별하지 않고 책임 있는 의원으로서의 역할을, 또 부의장으로서의 역할을 충실히 하겠다는 말씀을 먼저 드립니다.",[],['구별하지 않고 책임'],[],[],[],0,1,0,0,0,0,0,
spoken_data_26272.json,b207aa8f-2504-450d-8574-f74db4b3e9c9,353,작금에 서울시의 고위 간부들이 여러 가지 말썽이 많은 것에 대해서도 책임을 질 줄 모르고 있는 현실을 볼 때 매우 안타깝기 그지없습니다.,[],[],[],[],[],0,0,0,0,0,0,0,삭제 - 가지 말썽
spoken_data_26272.json,b207aa8f-2504-450d-8574-f74db4b3e9c9,383,6대 서울시의회 의회가 정말로 민주적이고 활기찬 의정 활동을 기대했던 저로서는 대단히 당황스럽지 않을 수가 없었습니다.,[],['당황스럽지 않을 수가'],[],[],[],1,0,0,0,0,0,0,이중 부정 - 않을 수가 없었습니다
spoken_data_26272.json,b207aa8f-2504-450d-8574-f74db4b3e9c9,386,그러나 상임위원회의 의원 배정권은 교섭단체를 구성하고 있지 않은 정당의 소수정당의 의원이나 그리고 또는 무소속의 의원들이 어느 상임위를 선택할 것인가는 그 의원의 의사를 물어서 의장이 결정한다고 되어 있습니다.,[],['하고 있지 않은 정당'],[],[],[],1,0,0,0,0,0,0,
spoken_data_26272.json,b207aa8f-2504-450d-8574-f74db4b3e9c9,388,지금 한나라당과 민주당의 교섭단체를 구성하고 있는 두 당의 의사와 사전에 협의를 통해서 진행되고 있는 이 운영위원 선임과 관련해서 소수정당이고 교섭단체를 구성하고 있지 않지만 그러나 또 하나의 당으로서 이 서울 시의회에 들어왔던 민주노동당에 대한 의사도 저는 또한 물어야 한다고 생각합니다.,[],['하고 있지 않지만 그'],[],[],[],1,0,0,0,0,0,0,
spoken_data_26272.json,b207aa8f-2504-450d-8574-f74db4b3e9c9,390,그러나 저한테는 어느 누구도 운영위원으로 서의 참여 의사를 묻지 않았었고 제가 의사를 표현할 수 있는 기회조차 주지 못했다고 하는 사실에 대해서 저는 당황스러웠고요.,[],['사를 묻지 않았었고'],[],['조차 주지 못했다고'],[],0,0,0,1,0,1,0,
spoken_data_26272.json,b207aa8f-2504-450d-8574-f74db4b3e9c9,393,지금 제출하여 있는 선임된 명단이 14인으로 되어 있는바 저는 민주노동당의 의원으로 그리고 소수정당의 의원으로 교섭단체를 구성하고 있지 않으나 의회 의사와 관련해서 할 수 있는 얘기를 충분히 할 수 있는 운영위원회에 제가 선임되었으면 좋겠다고 생각합니다.,[],['하고 있지 않으나 의'],[],[],[],0,0,0,0,0,1,0,
spoken_data_26272.json,b207aa8f-2504-450d-8574-f74db4b3e9c9,407,○의장 <NAME>: 투표 안 한 분 계십니까?,[': 투표 안 한 분'],[],[],[],[],1,0,0,0,0,0,0,
spoken_data_26272.json,10cc5118-c1a7-4645-965b-6b8034792d6d,446,지난 7월 20일 상견례 시 말씀드렸듯이 시민의 대표기관인 시의회와 집행부와의 원만한 업무협조 체제 유지는 아무리 강조해도 지나치지 않습니다.,[],['지나치지 않습니다.'],[],[],[],0,0,0,0,0,1,0,
spoken_data_26272.json,10cc5118-c1a7-4645-965b-6b8034792d6d,447,서울시의 각종 정책들이 우리 의회와의 충분한 사전협의도 없이 결정되거나 시민의 대표기관인 우리 위원회의 결정사항들이 집행부에서 제대로 지켜지지 않는다면 이에 대한 피해는 결국 선량한 시민들에게 돌아갈 수밖에 없습니다.,[],['지켜지지 않는다면'],[],[],[],0,1,0,0,0,0,0,
spoken_data_26272.json,10cc5118-c1a7-4645-965b-6b8034792d6d,470,지금 서울시가 뉴타운 <NAME> 단장 있을 때부터 촉진 지구 뉴타운을 많이 지정했는데 본위원이 알기로는 지금 용역비만 주고 각 구청에 한 2억씩밖에 안 내려가서 용역을 지금 다 해도 최고 늦은 구청은 내년 3월까지 오는 것으로 알고 있어요.,['억씩밖에 안 내려가서'],[],[],[],[],0,1,0,0,0,0,0,
spoken_data_26272.json,10cc5118-c1a7-4645-965b-6b8034792d6d,480,그래서 이 상태가 개발이 진행이 안 되고 오래가면 또 다른 민원의 소지가 됩니다.,['진행이 안 되고 오'],[],[],[],[],0,1,0,0,0,0,0,
spoken_data_26272.json,10cc5118-c1a7-4645-965b-6b8034792d6d,483,"있는데 제일 고민은 대형 투자자가 나서야 되고, 누가 거기다 사업을 참여해야 되는데 요즘에 투자자에 대한 탐문을 해 보니까 경기가 너무 안 좋아서 상당히 어려움이 있는 것 같습니다.",['가 너무 안 좋아서'],[],[],[],[],0,0,0,0,1,0,0,
spoken_data_26272.json,10cc5118-c1a7-4645-965b-6b8034792d6d,489,"촉진 지구는 예를 들어서 그 지역에 상업지역이라든지 발전할 수 있는 데를 지정을 해서 용적률을 높여서 또 여러 가지로 혜택을 주어서 발전이 된다는 뜻인데 오히려 그것을 묶어서 내가 아는 몇 사람 중에는 촉진 지구로 묶여서 집을 짓지도 못하고 팔지도 못하고 또 시의 행정만 쳐다보고 있다, 그런 문제, 지금 현재도 피해를 어마어마하게 주고 있다 말이지요.",[],[],[],"['집을 짓지도 못하고 팔', '하고 팔지도 못하고 또']",[],2,0,0,0,0,0,0,문장 성분이 인용절..? 관형절?
spoken_data_26272.json,10cc5118-c1a7-4645-965b-6b8034792d6d,491,"상암경기장을 아시다시피 거기에 건물을 짓고 DMC 부지 등등해서 지금까지 계속했는데도 벌써 4,5년이 걸렸는데 앞으로 거기에 인프라가 완전히 구성이 되어서 병원도 있고 다 갖춰지려면 한 10년이 걸려야 되는데 저는 분명히 보좌관님한테 말씀드리고 싶은 얘기는 시장님에게 축소는 할 수 없지만 지금 지구 지정한 것에 대해서는 줄여서 빠른 시일 내에 끝내야 피해도 안 주고 발전이 될 것 같다",['피해도 안 주고 발'],[],[],[],[],0,0,0,0,0,1,0,
spoken_data_26272.json,10cc5118-c1a7-4645-965b-6b8034792d6d,497,2차까지 12개 하면 15개의 촉진 지구 20개 지구인데 20개 지구에 대해서 구체화를 시키면서 3차가 들어가지 않으면 거꾸로 피해에 대한 주민들의 민원이 있을 것 같아서 저희 시에서 원래는 3차를 금년 중에 발표하는 것으로 당초에 계획했다가 내년 상반기로 조정을 한 것도 지금 위원님께서 걱정하시는 그런 맥락을 같이 해서 저희들이 시기를 조정했습니다.,[],['들어가지 않으면 거'],[],[],[],0,1,0,0,0,0,0,
spoken_data_26272.json,10cc5118-c1a7-4645-965b-6b8034792d6d,504,"그렇다고 보면 뭔가 가시적으로 조금씩 드러나야 되는데 드러나지 않고 있기 때문에 앞으로 간부들의 의지에 아주 많이 달려있다, 그래서 어차피 서울시는 불균형으로 발전된 서울시를 그야말로 살기 좋고 또 친환경적인 도시를 만들기 위해서는 하나하나 점차 개발을 해서 서울시 모습을 나중에 보여주어야 된다 말이에요.",[],['드러나지 않고 있기'],[],[],[],0,0,1,0,0,0,0,
spoken_data_26272.json,10cc5118-c1a7-4645-965b-6b8034792d6d,508,그래서 매출 신장에는 일부 시장의 반응을 들어보니까 지난번보다 떨어지지는 않았다고 합니다.,[],['떨어지지는 않았다고'],[],[],[],0,0,0,1,0,0,0,
spoken_data_26272.json,10cc5118-c1a7-4645-965b-6b8034792d6d,514,"한 시장당 2,000만 원 범위 내에서 경품행사나 이런 것을 한다고 조사를 했다가 유관 부서와 협의하는 과정에서 예산이 확보가 안 되어서 그 계획을 취소한 바가 있는데 이것을 말씀하시는 겁니까?",['확보가 안 되어서'],[],[],[],[],0,0,0,0,1,0,0,
spoken_data_26272.json,10cc5118-c1a7-4645-965b-6b8034792d6d,529,쉽게 얘기해서 우리 관내 지목은 안 하겠는데 예를 들어서 10억을 들여서 주인은 2억인데 나머지 8억을 보조를 받았다는 얘기예요.,['지목은 안 하겠는데'],[],[],[],[],0,1,0,0,0,0,0,
spoken_data_26272.json,10cc5118-c1a7-4645-965b-6b8034792d6d,530,이 8억이 점포에 들어가서 역할을 해야 될 그것이 실지 거기에 혜택을 볼 수 있는 상인은 5명뿐이 안 돼.,['5명뿐이 안 돼.'],[],[],[],[],0,0,0,0,0,1,0,
spoken_data_26272.json,10cc5118-c1a7-4645-965b-6b8034792d6d,533,그러면 밑에도 점포도 나누어보면 점포 5개에 상인은 다섯인데 여기에 이 많은 돈을 들여서 새 건물을 지어서 여기에 대한 공사비도 전혀 맞지 않는 것이에요.,[],['전혀 맞지 않는 것이'],[],[],[],1,0,0,0,0,0,0,
spoken_data_26272.json,10cc5118-c1a7-4645-965b-6b8034792d6d,539,"그러니까 제대로 조사를 안 하고 선정을 해서 지원한 것이 아니냐, 그리고 이 지원도 그냥 주는 것이 아니라 이자 없이 몇 년 거치 몇 년 분할상환 식으로 하면 모르겠어요.",['조사를 안 하고 선'],[],[],[],[],0,1,0,0,0,0,0,
spoken_data_26272.json,10cc5118-c1a7-4645-965b-6b8034792d6d,542,그런 것 생각 안 해 보셨어요?,['것 생각 안 해 보셨'],[],[],[],[],0,0,0,0,0,1,0,
spoken_data_26272.json,10cc5118-c1a7-4645-965b-6b8034792d6d,544,"그렇게 해 봐야 매출이 늘어나지 않는 것이라면 상인을 위한 것이 아니고, 건물만 반듯하게 해 주는 건물주를 위한 것이 아니냐 이런 지적이십니다.",[],['늘어나지 않는 것이'],[],[],[],1,0,0,0,0,0,0,
spoken_data_26272.json,10cc5118-c1a7-4645-965b-6b8034792d6d,550,"이런 상황에서 이 목적을 달성할 수 있겠느냐 하는 것은 회의적이기는 하지만 그러나 저희들이 최대한도로 활성화하는데 노력하는 차원에서 하고, 또 앞으로는 이것이 고유 브랜드를 만들게 한다든지 전자상거래 홈페이지를 만들어 한다든지 이런 매출 증대를 할 수 있는 것을 환경개선한 데도 뭔가 계속 노력하지 않으면 대형마트와 경쟁할 수가 없는 것 같습니다.",[],['노력하지 않으면 대'],[],[],[],0,1,0,0,0,0,0,
spoken_data_26272.json,10cc5118-c1a7-4645-965b-6b8034792d6d,553,"특화해서 한다는 것도 말이 특화지, 그 사람들이라고 장사하기 싫어서 안 하는 것 아니고 그런 것 아니에요?",['싫어서 안 하는 것'],[],[],[],[],1,0,0,0,0,0,0,
spoken_data_26272.json,10cc5118-c1a7-4645-965b-6b8034792d6d,556,"나중에 상인들한테 세를 더 받게, 물어보니까 1년 동안은 점포세를 올리지 않는 것으로 규제가 되는 것으로 알고 있더라고요.",[],['를 올리지 않는 것으'],[],[],[],1,0,0,0,0,0,0,
spoken_data_26272.json,10cc5118-c1a7-4645-965b-6b8034792d6d,565,"그런데 점포 그대로 다 딱딱 되어 있는 것 뜯어내고 타일 새로 다 붙이고 그런 정도는 외관상 저기하다니까 그런데 그 외 쓸데없이 호화판으로 재래시장 다 죽은 시장에 겉만 번지르르하게 해 놓고 내실 있는, 실지 상인들한테는 아무런 혜택이 한 푼도 안 가도록 이렇게 해서 나중에는 점포세만 더 올리고, 또 결과적으로 이것은 불 보듯 뻔한 것이에요.",['한 푼도 안 가도록'],[],[],[],[],0,1,0,0,0,0,0,
spoken_data_26272.json,10cc5118-c1a7-4645-965b-6b8034792d6d,569,"상인한테 나누어주는 식이라면 준다고 해도 나도 저것을 하지 않겠는데 집주인한테 혜택이 가는 것이라면, 그러니까 어떤 시설에 대해서도 고정적인 것이라면 문제가 있겠지요.",[],['것을 하지 않겠는데'],[],[],[],0,1,0,0,0,0,0,
spoken_data_26272.json,10cc5118-c1a7-4645-965b-6b8034792d6d,570,"그렇지 않고, 형태를 꾸미고 인테리어하는 선에 하는 것이라면 상인한테 도움이 갈 것이라면 이해가 가는데 그렇지 않은 것이라면 방법을 달리 고쳐야 될 것으로 나는 보는데요.",[],"['그렇지 않고, 형', '데 그렇지 않은 것이']",[],[],[],1,1,0,0,0,0,0,
spoken_data_26272.json,10cc5118-c1a7-4645-965b-6b8034792d6d,587,"단, 강남도 강북 못지않게 먼저 해야 될 사업 지구는 또 해 줄 수도 있는 것 아닙니까?",[],['강북 못지않게 먼저'],[],[],[],0,1,0,0,0,0,0,못지않게
spoken_data_26272.json,10cc5118-c1a7-4645-965b-6b8034792d6d,595,뉴타운개발 지구가 발표되니까 땅값이 올라서 민간이 참여시키려 해도 아까 뉴타운형 도시개발 모델로 참여시키려고 해도 땅값이 올라서 타산이 안 맞아요.,['타산이 안 맞아요.'],[],[],[],[],0,0,0,0,0,1,0,
spoken_data_26272.json,10cc5118-c1a7-4645-965b-6b8034792d6d,596,"이런 부작용이 일어났는데 본위원이 생각할 때는 아까 동료 위원들이 하지도 못할 것을 미리 발표해 놓고 시행 못하고 예산만 세웠다 불용시키는 것은 잘못 아니냐, 그렇지만 도시계획사업이라는 것은 할 수가 없다고 봅니다.",[],[],['시행 못하고'],['들이 하지도 못할 것을'],[],1,1,0,0,0,0,0,앞에 '지' 없는 '못하고' 분류 못함 
spoken_data_26272.json,10cc5118-c1a7-4645-965b-6b8034792d6d,598,소방차도 못 들어가고 옛날 70년대 건축법이 낙후되어 있을 때 BS 건축자재로 지어서 지금 낡아서 어디부터 손을 대어서 수리할지 모를 데가 많이 있어요.,[],[],['소방차도 못 들어가고'],[],[],0,0,0,0,0,1,0,
spoken_data_26272.json,10cc5118-c1a7-4645-965b-6b8034792d6d,600,"뉴타운 지구로 되게 제발 해 주십시오 청원도 내고 우리 서초 같은 경우도 2차에 제출했다가 지정 못 받고 또 3차에 지금 용역을 주어서 내려고 합니다만 그런 것을 참고해서 이 도시계획법을 적용해서 사업할 수 있는 곳을 미리 다 홍보하고 발표를 해서 서울 전역이 앞으로 이러한 도시계획사업으로 다 개발을 할 테니까 주민 여러분들 순위만 좀 차이가 있지 다 할 수 있다, 그러면 요동이 안 된다 말입니다.",['요동이 안 된다 말'],[],['가 지정 못 받고 또'],[],[],1,0,0,0,0,1,0,
spoken_data_26272.json,10cc5118-c1a7-4645-965b-6b8034792d6d,602,"여기나 거기나 다 똑같다, 이런 생각을 가져서 투기꾼들이나 이런 사람들이 날뛰지 않을 거란 말입니다.",[],['이 날뛰지 않을 거란'],[],[],[],1,0,0,0,0,0,0,
spoken_data_26272.json,10cc5118-c1a7-4645-965b-6b8034792d6d,617,"들어오지 말라고 해도 들어오고 하는데 굳이 대기업들까지 이렇게 중소기업 육성 자금을, 물론 최대 100억이지만 대기업한테는 아주 미미한 금액입니다만 아마 신청도 안 할 것 같은데 열어놓았다는 것이 한번 고려할 필요성은 있지 않나 생각이 됩니다.",['신청도 안 할 것'],[],[],[],['들어오지 말라고 해'],1,0,0,1,0,0,0,
spoken_data_26272.json,10cc5118-c1a7-4645-965b-6b8034792d6d,633,"그래서 거기에 보완책을 갖고서 해 나가야 되고, 앞으로도 계속해서 해야 될 사업인데 지금 안 되어 있고, 구두로 알아보는 정도다, 참 문제가 많은 것입니다.",['데 지금 안 되어 있'],[],[],[],[],0,1,0,0,0,0,0,
spoken_data_26272.json,10cc5118-c1a7-4645-965b-6b8034792d6d,650,그래서도 장사가 잘 되면 되는데 가격을 올리면 소비자가 안 올 경우 장사가 안 되는 경우도 있다는 말이에요.,"['소비자가 안 올 경우', '장사가 안 되는 경']",[],[],[],[],2,0,0,0,0,0,0,
spoken_data_26272.json,10cc5118-c1a7-4645-965b-6b8034792d6d,652,"그런 문제를 복합적으로 결과를 찾아내서 앞으로 계속 재래시장 활성화 사업을 하는데도 문제를 해결해 나갈 수 있는, 계획을 세울 수 있는 이것이 필요한 것인데 그것이 안 되고 있는 것 같다는 말이지요.",['그것이 안 되고 있'],[],[],[],[],1,0,0,0,0,0,0,
spoken_data_26272.json,10cc5118-c1a7-4645-965b-6b8034792d6d,656,지금 현재는 전혀 거기에 대한 결과가 안 나오고 있다는 말이지요.,['결과가 안 나오고'],[],[],[],[],1,0,0,0,0,0,0,
spoken_data_26272.json,10cc5118-c1a7-4645-965b-6b8034792d6d,659,"다만 <NAME> 위원님께서 조금 전에 말씀하셨던 것처럼 건물형 재래시장에 아까 보조금 지원의 문제가 있는 것 아니냐 하는 지적, 또는 그러한 움직임 때문에 금년 봄에 중소기업청에서 잠시 지원을 중단을 했다가 건물의 재산증식에 기여하는 부분을 제외하는 쪽에서 소비자를 또는 임대상인을 위해서 임대료를 우리가 지원한 부분에 상응하는 연수만큼은 올리지 않는 각서를 받아 가면서, 보완해 나가면서 지원하는 방안을 강구하고 있는 것입니다.",[],['은 올리지 않는 각서'],[],[],[],1,0,0,0,0,0,0,
spoken_data_26272.json,10cc5118-c1a7-4645-965b-6b8034792d6d,666,"이런 측면에서, 미리 지정만 해 놓고 사업이 오랫동안 안 되면 또 그 주민들한테 피해를 주는 결과가 되기 때문에 그렇게 전반적으로 스케줄을 조정했습니다.",['오랫동안 안 되면 또'],[],[],[],[],0,1,0,0,0,0,0,
spoken_data_26272.json,10cc5118-c1a7-4645-965b-6b8034792d6d,674,"은평 뉴타운이 2002년 10월에 지구 지정이 되어서 지역구민들은 상당히 들떠 있었는데 진행과정에서 공영개발이라는 그런 내용을 알고 개발이익은 주민들에게 돌아가지 않고 시로 도로 가져간다 그런 것에 대해서 아마 주민들이 격앙되어 있었고 제가 볼 때도 그 지역을 지나갈 때 민망할 정도로 플래카드에 원색적인 표현들이 많이 쓰여 있고 그랬었는데, 제가 봐도 몇 십 년 동안 그런 불이익을 당하고 있다가 사실은 뉴타운 지구로 지정이 되어서 환상적인 도시인데 사실은 원주민들은 거기에 살 수 없는 형편이 많이 발생되잖아요.",[],['돌아가지 않고 시로'],[],[],[],1,0,0,0,0,0,0,
spoken_data_26272.json,10cc5118-c1a7-4645-965b-6b8034792d6d,677,"물론 법 규정상 그것도 어떻게 제도 개선할 수 없는가, 그렇지만 어차피 그 사람들이 새로 건축을 해도 내년에는 그것을 다 보상해 주어서 헐어야 되는데 규정상 그래도 그것을 어떻게 타협점을 찾아서 건축을 안 하는 방향으로 해야지, 건축 허가가 났다고 뉴타운이 될 장소에 새로 건축을 한다는 것은 누가 봐도 참…….",['건축을 안 하는 방'],[],[],[],[],1,0,0,0,0,0,0,
spoken_data_26272.json,10cc5118-c1a7-4645-965b-6b8034792d6d,678,얼마 전에 저희들도 나름대로 저희들끼리 연구를 하다가 특별한 해결책을 못 찾았습니다만 제도 개선하는 방안을 별도로 강구해야 됩니다.,[],[],['해결책을 못 찾았습니'],[],[],0,0,0,0,0,1,0,-다만
spoken_data_26272.json,10cc5118-c1a7-4645-965b-6b8034792d6d,684,그러나 환경적으로 도시 공간적으로 좋은 도시를 만들려면 개발을 많이 못 하게 하는 것이지 않습니까?,[],[],['을 많이 못 하게 하'],[],[],1,0,0,0,0,0,0,
spoken_data_26272.json,10cc5118-c1a7-4645-965b-6b8034792d6d,694,밑에 2개는 본위원도 충분히 수긍이 갑니다만 맨 위에 있는 강북 시민의 삶의 질 개선이라는 측면에서는 쉽게 납득이 가지 않습니다.,[],['득이 가지 않습니다.'],[],[],[],0,0,0,0,0,1,0,
spoken_data_26272.json,10cc5118-c1a7-4645-965b-6b8034792d6d,695,그 이유는 앞서 본부장님께서도 말씀하셨지만 본위원이 재작년에 시정질문하면서 자료를 받아보니까 재개발사업에 있어서 원주민 입주율이 약 10%밖에 안 된다고 합니다.,['0%밖에 안 된다고'],[],[],[],[],0,0,0,1,0,0,0,
spoken_data_26272.json,10cc5118-c1a7-4645-965b-6b8034792d6d,697,"세 가지 정도 구분이 되어 있습니다만 원주민들을 입주시키기 위한, 원주민들이 그대로 살 수 있도록 하는 방안들이 전혀 나와 있지 않거든요.",[],['나와 있지 않거든요.'],[],[],[],0,0,0,0,0,1,0,
spoken_data_26272.json,10cc5118-c1a7-4645-965b-6b8034792d6d,698,"그렇다고 하면 이렇게 대규모로 개발사업을 통해서 그 지역에 만일 이 지역이 개발되지 않으면 집은 좀 허름할지 모르겠지만, 주변의 기반 시설들은 조금 열악할지 모르겠지만 그래도 그분들 입장에서는 어떤 소중한 보금자리로서의 역할을 할 수 있었던 지역이 이것이 개발이 됨으로 인해서 보상금을 받을 수 있을지는 모르겠지만 그 지역에서 밀려나는 결과를 가져올 수 있다고 생각을 합니다.",[],['개발되지 않으면 집'],[],[],[],0,1,0,0,0,0,0,
spoken_data_26272.json,10cc5118-c1a7-4645-965b-6b8034792d6d,700,그것이 되지 않았을 때에는 도시의 균형 발전이라는 측면에서는 여기 기대효과에 나와 있듯이 균형 발전이라는 측면에서는 이 뉴타운 사업이 굉장히 긍정적인 효과를 거둘 수 있을지 모르겠지만 실제 열악한 주거환경 속에 살고 있는 강북지역 주민들은 그 지역에서조차도 밀어내는 결과를 가져올 것이라고 생각을 합니다.,[],['것이 되지 않았을 때'],[],[],[],1,0,0,0,0,0,0,
spoken_data_26272.json,10cc5118-c1a7-4645-965b-6b8034792d6d,702,재래시장 대책반장님 잠깐 나오셔서 앞서 동료 위원님들이 많이 질의를 하셨는데 저도 사실 잘 이해가 안 가서 다시 한번 질의를 하겠습니다.,['이해가 안 가서 다'],[],[],[],[],0,1,0,0,0,0,0,
spoken_data_26272.json,10cc5118-c1a7-4645-965b-6b8034792d6d,709,재래시장을 경영하는 분들이 대부분 연세가 많으신 분들이기 때문에 할인마트처럼 현대 경영 기법에 대응을 하지 못하고 있습니다.,[],[],[],['응을 하지 못하고 있'],[],0,0,0,0,0,1,0,
spoken_data_26272.json,10cc5118-c1a7-4645-965b-6b8034792d6d,712,아까 답변하시는 중에 얼핏 그렇게 말씀하셨던 것 같은데 지금 계속 죽어가고 있는 재래시장의 수명을 조금 연장하는데 일조할 수 있을지 모르겠지만 근본적인 해결책은 안 된다고 봅니다.,['해결책은 안 된다고'],[],[],[],[],0,0,0,1,0,0,0,
spoken_data_26272.json,10cc5118-c1a7-4645-965b-6b8034792d6d,716,"그러면 특성화를 시켰을 경우에는 이 시장이 그래도 계속 꾸준히 발전해 나갈 수 있다고 하는 시장들 같은 경우는 특성화시켜야 되겠고, 그렇지 못한 시장들에 대해서는 그분들의 업 종 변화를 유도한다든지 다른 방식의 대안들이 나와야 된다고 생각을 해요.",[],[],[],"[', 그렇지 못한 시장']",[],1,0,0,0,0,0,0,
spoken_data_26272.json,10cc5118-c1a7-4645-965b-6b8034792d6d,727,이것은 중소기업 자금 가지고 대기업 준다는 것은 말이 안 됩니다.,['은 말이 안 됩니다.'],[],[],[],[],0,0,0,0,0,1,0,
spoken_data_26272.json,10cc5118-c1a7-4645-965b-6b8034792d6d,732,왜 안 옮기는가 하면 포항의 경제를 살리기 위해서 본점을 못 옮깁니다.,['왜 안 옮기는가'],[],['본점을 못 옮깁니다'],[],[],0,0,0,1,0,1,0,옮기는가 하면
spoken_data_26272.json,10cc5118-c1a7-4645-965b-6b8034792d6d,735,"차라리 제가 볼 때는 이 회사 본점을 유치하려고 하면 취득세, 등록세도 100% 감면해 주고 또 아닌 말로 재산세도 500% 중과되는 것을 일반 건물 세금에 기준하는 식으로 조세감면을 조례로 만들어서 하는 것이 좋지, 이것 지금 중소기업 육성 자금을 대기업 들어가는 데 지원한다는 것은 제가 볼 때 도저히 이해가 안 갑니다.",['이해가 안 갑니다.'],[],[],[],[],0,0,0,0,0,1,0,
spoken_data_26272.json,d784aecf-3fbb-4fc0-9e0b-70ec04f36b62,754,위원님 여러분께서는 금번 행정사무감사를 통하여 공무원 선발과 인재 양성 교육을 주관하고 있는 인재개발원이 본연의 역할을 다하고 있는지 업무 전반에 대해 꼼꼼히 살피셔서 잘못된 점이나 시정사항에 대해서는 날카로운 지적을 통해 올바르게 개선토록 하여 주시고 잘하는 사항에 대해서는 더욱 발전시켜 나갈 수 있도록 격려를 아끼지 않는 등 정책감사로서 내실 있고 미래지향적인 행정사무감사가 될 수 있도록 노력해 주실 것을 부탁드리겠습니다.,[],['를 아끼지 않는 등'],[],[],[],1,0,0,0,0,0,0,
spoken_data_26272.json,d784aecf-3fbb-4fc0-9e0b-70ec04f36b62,758,"지방자치법 제41조제5항 및 같은 법 시행령 제43조제5항 서울특별시 행정사무감사 및 조사에 관한 조례 제9조의 규정에 의하면 행정사무감사 시 서류 제출을 요구받은 자가 정당한 사유 없이 서류를 정하여진 기간까지 제출하지 아니하거나, 출석요구를 받은 증인이 정당한 사유 없이 출석하지 아니하거나 증언을 거부할 때는 300만 원 이상 500만 원 이하의 과태료를 부과할 수 있고 허위 증언의 경우에는 고발될 수 있음을 알려 드리겠습니다.",[],"['제출하지 아니하거나,', '출석하지 아니하거나']",[],[],[],2,0,0,0,0,0,0,
spoken_data_26272.json,d784aecf-3fbb-4fc0-9e0b-70ec04f36b62,783,"그 내용이 바뀌었으면 바뀐 것하고 안 바뀌었으면 안 바뀐, 바뀌었으면 두 가지를 주고 안 바뀌었으면 한 가지를 주세요, 자료로.","['것하고 안 바뀌었으', '뀌었으면 안 바뀐,', '를 주고 안 바뀌었으']",[],[],[],[],1,2,0,0,0,0,0,
spoken_data_26272.json,d784aecf-3fbb-4fc0-9e0b-70ec04f36b62,789,○<NAME> 위원: 요구했는데 아직 안 와 가지고요.,['데 아직 안 와 가지'],[],[],[],[],0,0,0,0,0,1,0,
spoken_data_26272.json,d784aecf-3fbb-4fc0-9e0b-70ec04f36b62,813,○<NAME> 위원: 그것은 말이 안 되지요.,['은 말이 안 되지요.'],[],[],[],[],0,0,0,0,0,1,0,
spoken_data_26272.json,d784aecf-3fbb-4fc0-9e0b-70ec04f36b62,815,"○인재개발원장 <NAME>: 당연히 출퇴근은 다 해야 되는 것이고, 지각하거나 결석을 하면 사전에 결재를 득해서 하고 할 텐데 그 출근했다, 안 했다","['근했다, 안 했다']",[],[],[],[],0,0,1,0,0,0,0,문장 성분..?
spoken_data_26272.json,d784aecf-3fbb-4fc0-9e0b-70ec04f36b62,818,"○인재개발원장 <NAME>: 그것은 다른 부서도 마찬가지로 다 출퇴근했다, 안 했다를 기록하는 기록은 없을 겁니다.","['근했다, 안 했다를']",[],[],[],[],0,0,1,0,0,0,0,문장 성분..?
spoken_data_26272.json,d784aecf-3fbb-4fc0-9e0b-70ec04f36b62,825,"더 이상 자료 요구하는 위원님이 안 계시므로 질의 답변을 진행하기 전에 제가 일전에, 며칠 전이었어요.",['위원님이 안 계시므로'],[],[],[],[],0,0,0,0,1,0,0,
spoken_data_26272.json,d784aecf-3fbb-4fc0-9e0b-70ec04f36b62,830,<NAME> 위원님도 방금 자료 요구한 것들이 아직 안 오고 있다고 하는데 원래 행정사무감사 자료는 며칠 전까지 하게 되어 있지요?,['이 아직 안 오고 있'],[],[],[],[],0,0,0,1,0,0,0,
spoken_data_26272.json,d784aecf-3fbb-4fc0-9e0b-70ec04f36b62,834,○인재개발원장 <NAME>: 10일 전까지 지키지 못한 것으로 보고를 받았습니다.,[],[],[],['지 지키지 못한 것으'],[],1,0,0,0,0,0,0,
spoken_data_26272.json,d784aecf-3fbb-4fc0-9e0b-70ec04f36b62,847,○인재개발원장 <NAME>: 그렇지 않습니다.,[],[': 그렇지 않습니다.'],[],[],[],0,0,0,0,0,1,0,
spoken_data_26272.json,d784aecf-3fbb-4fc0-9e0b-70ec04f36b62,880,불용액이 있었고 이렇게 예산을 절감할 수 있었던 것을 절감하지 않았던 거예요.,[],['절감하지 않았던 거'],[],[],[],1,0,0,0,0,0,0,
spoken_data_26272.json,d784aecf-3fbb-4fc0-9e0b-70ec04f36b62,891,"굳이 창의관에 강의실이 비어 있고 강의실을 활용할 수 있는데 돈 4억을 투자해서 또 전용 강의실을 만들어야 될 만한 사안이냐, 나는 그것 바람직하지 않다고 생각을 해요.",[],['바람직하지 않다고 생'],[],[],[],0,0,0,1,0,0,0,
spoken_data_26272.json,d784aecf-3fbb-4fc0-9e0b-70ec04f36b62,898,"시민의 혈세가 들어가는 것이기 때문에 저는 그런 부분이 염려스럽고 왜 그렇게 하셨을까, 저는 꾸미는 것 별로 안 좋아하거든요.",['것 별로 안 좋아하거'],[],[],[],[],0,0,0,0,0,1,0,
spoken_data_26272.json,d784aecf-3fbb-4fc0-9e0b-70ec04f36b62,918,"제가 지난번에도 현장에 갔을 적에 생활관이 노후화되어서 천장에서 비가 새고 이런 모습을 보면서 이것을 어떻게 해야 될까라고 하셨을 적에, 이것을 새로 건립할 필요성도 있지 않느냐 말씀하셨을 적에도 마음이 멈칫했어요.",[],['성도 있지 않느냐 말'],[],[],[],0,0,0,1,0,0,0,
spoken_data_26272.json,d784aecf-3fbb-4fc0-9e0b-70ec04f36b62,975,"그래서 평가 심사위원회 혹시 심사과정에서 어떤 문제가 있지 않은가 하는 오해, 의혹이 있을 수 있습니다.",[],['제가 있지 않은가 하'],[],[],[],0,0,0,1,0,0,0,
spoken_data_26272.json,d784aecf-3fbb-4fc0-9e0b-70ec04f36b62,976,○인재개발원장 <NAME>: 그렇지는 않습니다.,[],[': 그렇지는 않습니다.'],[],[],[],0,0,0,0,0,1,0,
spoken_data_26272.json,d784aecf-3fbb-4fc0-9e0b-70ec04f36b62,983,○인재개발원장 <NAME>: 위원님 지적하신 대로 늘 과다하게 편성을 하고 집행잔액이 너무 많아서 늘 지적을 받았고 그래서 제가 예산편성할 때 좀 더 내실 있게 꼭 기준에 의해서 한다기보다 그동안 오랫동안 경험에 의하면 틀림없이 내년도 낙찰도 이것을 초과하지 않을 것이라고 하는 판단이었습니다.,[],['초과하지 않을 것이'],[],[],[],1,0,0,0,0,0,0,
spoken_data_26272.json,d784aecf-3fbb-4fc0-9e0b-70ec04f36b62,986,이것은 참 대답이 명쾌하지 않아요.,[],['명쾌하지 않아요.'],[],[],[],0,0,0,0,0,1,0,
spoken_data_6403.json,c1ccd54a-c1f4-459c-89f4-5d4aff6d6a56,2,"단지 기간 때문에 내년 한 1, 2월 정도…
그래 결국은 하고자 했던 연구를 못 하게 되는 그런 위원회뿐만 아니라 의원님들이 많이 계십니다, 이 부분이.",[],[],['연구를 못 하게 되'],[],[],1,0,0,0,0,0,0,
spoken_data_6403.json,c1ccd54a-c1f4-459c-89f4-5d4aff6d6a56,11,"작년 같은 경우는 사실 설문, 예산이 얼마 안 됐습니다.",['이 얼마 안 됐습니다'],[],[],[],[],0,0,0,0,0,1,0,
spoken_data_6403.json,c1ccd54a-c1f4-459c-89f4-5d4aff6d6a56,13,"그래서 연구기관 선정을 안 해 주려고 해서, 뭐 이렇게 하나 섭외하는 데도 상당히 애로를 겪었던 그런 적이 있었습니다.",['선정을 안 해 주려'],[],[],[],[],0,1,0,0,0,0,0,
spoken_data_6403.json,c1ccd54a-c1f4-459c-89f4-5d4aff6d6a56,17,"하는 연구용역에 거의 절반을 다 수행을 하고 있는데 이 부분이 맞는지 부분도 한번…
그렇지는 않습니다.",[],['…\n그렇지는 않습니다.'],[],[],[],0,0,0,0,0,1,0,
spoken_data_6403.json,c1ccd54a-c1f4-459c-89f4-5d4aff6d6a56,34,"지금 청소년 의회교실 같은 경우는 18년 대비, 그러니까 18년이 524명이고 19년이 501명, 물론 차이가 크지는 않습니다.",[],['이가 크지는 않습니다.'],[],[],[],0,0,0,0,0,1,0,
spoken_data_6403.json,c1ccd54a-c1f4-459c-89f4-5d4aff6d6a56,38,이것도 대책을 조금 세워야 된다는 생각이 안 드십니까?,['생각이 안 드십니까'],[],[],[],[],0,0,0,0,0,1,0,
spoken_data_6403.json,c1ccd54a-c1f4-459c-89f4-5d4aff6d6a56,43,"그래서 작년에 또 초등학교 의회교실을 의욕적으로 하다가 여태까지 2회 운영해 왔는데 3회 해 보자 해서 담당자들이 의욕적으로 운영을 해 보니까 실제로 접수가 많지 않고 또 온다 한 사람들이 안 오고 이래서 3회는 좀 무리겠다 싶어서 그걸 다시 2회로 전환을 해서 횟수가 예년으로 돌아…
그러니까 횟수가 중요한 것보다, 물론 횟수도 중요하겠죠.",['사람들이 안 오고 이'],['수가 많지 않고 또'],[],[],[],0,0,0,0,0,2,0,
spoken_data_6403.json,c1ccd54a-c1f4-459c-89f4-5d4aff6d6a56,47,그다음에 올해는 장애인의 회교실 같은 경우는 개최하지도 않았더라고요.,[],['개최하지도 않았더라고'],[],[],[],0,0,0,0,0,1,0,
spoken_data_6403.json,c1ccd54a-c1f4-459c-89f4-5d4aff6d6a56,54,"계속하실지 안 하실지…
장애인 하기는 힘들 것 같습니다.",['속하실지 안 하실지…'],[],[],[],[],0,0,1,0,0,0,0,
spoken_data_6403.json,c1ccd54a-c1f4-459c-89f4-5d4aff6d6a56,55,"그러면 만약에 안 하게 된다면 다른 방향으로 어떻게 전환을 하실지 부분에 대해서도 한번 고민을 하셔 가지고, 사실 의회교실이 그렇지 않습니까?",['만약에 안 하게 된'],[],[],[],[],0,1,0,0,0,0,0,
spoken_data_6403.json,c1ccd54a-c1f4-459c-89f4-5d4aff6d6a56,85,"2,400만 원 정도고 여기에 대해서 저희들이 예산이 편성되면 사회단체에서 민간경상 보조위원회에서 정확한 이 예산이 충분한지 안 한 지 심사를 해서 최종적으로 예산에서 배부를 합니다.",['충분한지 안 한 지'],[],[],[],[],1,0,0,0,0,0,0,
spoken_data_6403.json,c1ccd54a-c1f4-459c-89f4-5d4aff6d6a56,95,"이렇게 나와 있는데 사실은 이 부분 입법지원팀 연구, 정책 연구 박사님들 인원이 많지는 않지 않습니까?",[],"['지는 않지 않습니까?', '원이 많지는 않지 않습']",[],[],[],0,0,0,0,0,2,0,이중부정 - 않지 않습니까?
spoken_data_6403.json,c1ccd54a-c1f4-459c-89f4-5d4aff6d6a56,102,그리고 금방 제가 말씀드렸듯이 좀 유기적으로 편안하고 정말 소통하기 쉬운 우리 의원들과 입법정책 박사님들이라든지 이런 분들이 그런 자리를 국내연수 갈 때라든지 이럴 때 1년에 한두 번 정도는 모두 함께 참여해서 소통하고 편안함을 줘야 서로 신뢰하고 편안하게 서로를 좀 이렇게 윈윈할 수 있고 도움을 줄 수 있는 그런 가장 기본이 되는 게 그런 부분이지 않겠나 본 위원은 그렇게 생각합니다.,[],['부분이지 않겠나 본'],[],[],[],0,0,0,1,0,0,0,
spoken_data_6403.json,c1ccd54a-c1f4-459c-89f4-5d4aff6d6a56,106,"그리고 국내연수라든지 저희들 의원들이 좀 장기간, 장시간 이렇게 같이 있는 자리에 또 같이 함께해서 서로를 익히고 서로를 잘 알 수 있고 사실 얼굴도 모르는 한 번도 안 뵌 박사님도 사실 계세요.",['한 번도 안 뵌 박사'],[],[],[],[],1,0,0,0,0,0,0,
spoken_data_6403.json,c1ccd54a-c1f4-459c-89f4-5d4aff6d6a56,122,"그래서 환풍기도 안 고쳐주신다고 그렇게 말씀하시는데…
그래서 이 부분은 굉장히 불편합니다, 저희가.",['환풍기도 안 고쳐주신'],[],[],[],[],0,0,0,1,0,0,0,
spoken_data_6403.json,c1ccd54a-c1f4-459c-89f4-5d4aff6d6a56,127,"사실 또 집행부에서 또 우리 방청객들은 또 못 보니까 운영위원회에서 여러 번…
아니 방청객들이 이 앞이 더 보기 쉽죠, 뒤에 계시는데.
예. 그래서 이번에 그때 운영위원회 지적도 있어서…
TV를 별도로 하나 추가로 해서 좀 할 수 있도록 내년에…
아니 TV가 아니고 스크린을 앞으로 설치를 해 주십시오.",[],[],['들은 또 못 보니까'],[],[],0,1,0,0,0,0,0,
spoken_data_6403.json,c1ccd54a-c1f4-459c-89f4-5d4aff6d6a56,139,"무급 보좌관제 도입 제도를 검토해 보라는 위원님의 지적이 있어서 저희들 검토를 해 본 사항인데…
자, 그래서 여기에 대해서는 더 이상 질문을 안 드리겠습니다.",['질문을 안 드리겠습'],[],[],[],[],0,0,0,0,0,1,0,
spoken_data_6403.json,c1ccd54a-c1f4-459c-89f4-5d4aff6d6a56,143,"보통 의회가 열리면 저희들 8시까지고 보통 의회가 안 열릴 때는 7시까지…
행정사무감사할 때도 마찬가지죠?",['의회가 안 열릴 때'],[],[],[],[],1,0,0,0,0,0,0,
spoken_data_6403.json,c1ccd54a-c1f4-459c-89f4-5d4aff6d6a56,144,"그거는 의회가 안 열릴 때…
안 열릴 때, 회기 안 열리고.","['의회가 안 열릴 때', ', 회기 안 열리고.']",[],[],[],[],2,0,0,0,0,0,0,
spoken_data_6403.json,c1ccd54a-c1f4-459c-89f4-5d4aff6d6a56,153,"즉답을 못 드려서 죄송합니다마는 그거 시 총무과하고 협의를 해야 되기 때문에…
그래 협의를 하시는데…
예.",[],[],['즉답을 못 드려서'],[],[],0,1,0,0,0,0,0,
spoken_data_6403.json,c1ccd54a-c1f4-459c-89f4-5d4aff6d6a56,177,"왜냐하면 의원님들이 요구한, 물론 홍보실에서 요약을 잘하시는 것도 있지만 의원님들이 강조하고 싶은 부분이 있는데, 부분들이 있는데 그 강조하는 부분들이 빠져서 가고 어떤 때는 자료도 안 갈 수도 있습니다.",['자료도 안 갈 수도'],[],[],[],[],0,0,0,0,0,1,0,
spoken_data_6403.json,c1ccd54a-c1f4-459c-89f4-5d4aff6d6a56,186,오후에는 끼어들려고 하면 못 끼어듭니다.,[],[],['고 하면 못 끼어듭니'],[],[],0,0,0,0,0,1,0,
spoken_data_6403.json,c1ccd54a-c1f4-459c-89f4-5d4aff6d6a56,203,"정말 깜짝 놀랐는데 이거는 말도 안 되는 책자, 그것도 전체적으로 자료를 검색해서 가져오시는 게 아니라 진짜 2017년도 작년 자료 하나 딱 책자 들고 오셨었어요.",['는 말도 안 되는 책'],[],[],[],[],1,0,0,0,0,0,0,
spoken_data_6403.json,c1ccd54a-c1f4-459c-89f4-5d4aff6d6a56,205,"그러니까 이 1,000여 건을 다 해결을 못 하는 거예요.",[],[],['해결을 못 하는 거'],[],[],1,0,0,0,0,0,0,
spoken_data_6403.json,c1ccd54a-c1f4-459c-89f4-5d4aff6d6a56,207,제가 왜 이런 이야기를 드리느냐면 저희 의원님들 중에서는 그런 부분에 대한 문제의식을 가지지 못한 분들도 계시고 뭐가 어떤 문제가 있는지에 대한 인지조차도 못 하고 계시는 게 있어요.,[],[],['지조차도 못 하고 계'],['을 가지지 못한 분들'],[],2,0,0,0,0,0,0,
spoken_data_6403.json,c1ccd54a-c1f4-459c-89f4-5d4aff6d6a56,213,"그리고 그렇다고 한다면 시정질문, 5분 발언, 법제 검토, 현안연구 등등에 관해서 어떤 부분을 몇 회 어떻게 했으면 좋을지에 대한 매뉴얼이 정해지지 않고서는 일부의 병목현상으로 심도 있는 연구가 되지 못한다고 생각합니다.",[],['정해지지 않고서는'],[],['구가 되지 못한다고'],[],0,0,0,1,1,0,0,
spoken_data_6403.json,c1ccd54a-c1f4-459c-89f4-5d4aff6d6a56,219,의장님과 운영위원장님과 얘기를 하신다고 하더라도 그러면 그런 상세한 사안에 대해서 개개의 저희 의원들은 다 인지를 못 하고 있는 부분들도 있습니다.,[],[],['인지를 못 하고 있'],[],[],1,0,0,0,0,0,0,
spoken_data_6403.json,c1ccd54a-c1f4-459c-89f4-5d4aff6d6a56,220,"그러면 그런 부분에 대해서 어떻게 소통구조를 만들 것인지에 대한 고민을 해야 되는데 그냥 얘기를 하고 끝내면 안 됩니다, 운영위원장님.","['끝내면 안 됩니다,']",[],[],[],[],0,0,0,0,0,1,0,
spoken_data_6403.json,c1ccd54a-c1f4-459c-89f4-5d4aff6d6a56,226,하여튼 이 부분에 대해서 어떻게 하면 이 정책 연구원들이 효과적으로 좀 양질의 서비스를 제공하려면 또 양이 너무 많으면 좋은 작품이 안 나옵니다.,['작품이 안 나옵니다'],[],[],[],[],0,0,0,0,0,1,0,
spoken_data_6403.json,c1ccd54a-c1f4-459c-89f4-5d4aff6d6a56,233,"그 부분에 대한 문제 인식을 상당히 갖고 있다는 거를 말씀드리고 서로 왜 안 되지, 왜 안 되지 하면 안 될 거 같아요.","['서로 왜 안 되지,', '지, 왜 안 되지 하', '지 하면 안 될 거']",[],[],[],[],0,0,0,2,0,1,0,
spoken_data_6403.json,c1ccd54a-c1f4-459c-89f4-5d4aff6d6a56,237,그런데 저희가 이게 쉽지는 않은 것 같아요.,[],['이게 쉽지는 않은 것'],[],[],[],0,0,0,0,0,1,0,
spoken_data_6403.json,c1ccd54a-c1f4-459c-89f4-5d4aff6d6a56,241,"그래서 자문 변호사가 있는지도 모르는 의원님들도 계시고 해서 자문 변호사를 적극적으로 활용할 수 있도록 저희 시의회에서도 의원님들께 알려드리고 자문할 수 있는 분야는 제한적이지는 않습니다. 의정 활동 관련해서 전반적인 분야고 또 궁금한 법적 사항은 다 자문 받을 수 있기 때문에 하여튼 활용도는 사실 너무 낮아서…
활용도가 낮다는 거는 두 가지 중에 하나겠죠.",[],['제한적이지는 않습니다.'],[],[],[],0,0,0,0,0,1,0,
spoken_data_6403.json,c1ccd54a-c1f4-459c-89f4-5d4aff6d6a56,242,"제도가 문제가 있거나 혹은 수임료나 뭔가 문제가 있기 때문에 그런 부분에 대해서 충실한 답변을 못 받거나 두 가지 중에 하나 아니겠습니까, 그렇죠?",[],[],['답변을 못 받거나'],[],[],1,0,0,0,0,0,0,이게 주절일까
spoken_data_6403.json,c1ccd54a-c1f4-459c-89f4-5d4aff6d6a56,261,그랬더니 결국 못 찾고 시청에 13층을 창고로 쓰고 있다.,[],[],['니 결국 못 찾고 시'],[],[],0,0,0,0,0,1,0,
spoken_data_6403.json,c1ccd54a-c1f4-459c-89f4-5d4aff6d6a56,262,창고가 지하로 가고 자기들이 그쪽을 쓰면 좋겠다고 했는데 시청에서는 공간이 없다고 안 받아준다고 하네요.,['없다고 안 받아준다'],[],[],[],[],0,0,0,1,0,0,0,
spoken_data_6403.json,c1ccd54a-c1f4-459c-89f4-5d4aff6d6a56,266,"사실 시의회 회의실은 시민의 대표들이 회의하는 공간이라서 사실 다른 용도로 활용하는 게 쉽지 않은 문제인 것 같습니다, 그거는.",[],['게 쉽지 않은 문제'],[],[],[],1,0,0,0,0,0,0,
spoken_data_6403.json,c1ccd54a-c1f4-459c-89f4-5d4aff6d6a56,271,그런데 사실 지하에 청소노동자들 공간 휴게쉼터 가보면 말이 안 됩니다.,['면 말이 안 됩니다.'],[],[],[],[],0,0,0,0,0,1,0,
spoken_data_6403.json,c1ccd54a-c1f4-459c-89f4-5d4aff6d6a56,272,"거기서 쉬라고 한다는 거는 사실 우리가 우리 직원들의 인권을 위해서 절대 안 될 일이다, 저는 생각합니다.",['서 절대 안 될 일이'],[],[],[],[],1,0,0,0,0,0,0,
spoken_data_6403.json,c1ccd54a-c1f4-459c-89f4-5d4aff6d6a56,283,"부반장, 회장이나 부회장이라고 해서 친구들이 선생님이 가라, 학부모가 가라 해서 가는 그런 자발적이지 않는 의회교실 말고요.",[],['자발적이지 않는 의회'],[],[],[],1,0,0,0,0,0,0,
spoken_data_6403.json,c1ccd54a-c1f4-459c-89f4-5d4aff6d6a56,288,"제가 교육위원회에 있으면서 보니까 모든 프로그램들이 리더 학생들을 위해서 다 돌아가고 있다는 거를 보면 중복, 삼복 돼서 그 친구들이 모든 프로그램의 혜택을 보고 있는데 다양한 학생들이 혜택을 못 본다는 게 사실 마음이 아파서 말씀을 드리는 겁니다.",[],[],['혜택을 못 본다는'],[],[],1,0,0,0,0,0,0,
spoken_data_6403.json,c1ccd54a-c1f4-459c-89f4-5d4aff6d6a56,289,"우리가, 우리가 먼저 요청을 그렇게 한다면 혹시 교육청에서도 따라주지 않을까 생각을 합니다.",[],['따라주지 않을까 생'],[],[],[],0,0,0,1,0,0,0,
spoken_data_6403.json,c1ccd54a-c1f4-459c-89f4-5d4aff6d6a56,291,"운영위원회는 10분 되면 마이크 안 끄네요, 그렇죠?","['마이크 안 끄네요,']",[],[],[],[],0,0,0,0,0,1,0,
spoken_data_6403.json,c1ccd54a-c1f4-459c-89f4-5d4aff6d6a56,300,기본적인 자료를 준비를 안 하셨네요.,['준비를 안 하셨네요'],[],[],[],[],0,0,0,0,0,1,0,
spoken_data_6403.json,c1ccd54a-c1f4-459c-89f4-5d4aff6d6a56,302,그게 아직 준비가 안 돼 있습니까?,['준비가 안 돼 있습'],[],[],[],[],0,0,0,0,0,1,0,
spoken_data_6403.json,c1ccd54a-c1f4-459c-89f4-5d4aff6d6a56,304,전문위원실마다 배치된 분도 있고 배치 안 된 분도 있고 그렇죠?,['고 배치 안 된 분도'],[],[],[],[],1,0,0,0,0,0,0,
spoken_data_6403.json,c1ccd54a-c1f4-459c-89f4-5d4aff6d6a56,310,"사람을 지금 현재 병가를 직원이 갑자기 내서 공무직은 또 우리가 전문위원실에 1명은 배치를 해 줘야 되고 그래서 저희들이 찾다가 궁여지책으로 지하 1층에 있는 공무직을 전문위원실로 보내고…
원래는 그리하면 안 되는 거 아닙니까?",['그리하면 안 되는 거'],[],[],[],[],1,0,0,0,0,0,0,
spoken_data_6403.json,c1ccd54a-c1f4-459c-89f4-5d4aff6d6a56,312,원래 되고 안 되고 부분보다는 그 부분은 정규직이 봉사를 하는 게 좋은데 인력 운용상 그게 어려운 점이 있으니까 임시로 지금 하고 있는…,['래 되고 안 되고 부'],[],[],[],[],1,0,0,0,0,0,0,
spoken_data_6403.json,c1ccd54a-c1f4-459c-89f4-5d4aff6d6a56,316,"그런데 와 가지고 데스크에서 하는 일은 주로, 그분들을 폄하하는 게 아니고 하는 일은 의원님들 보좌하는 역할, 커피라든지 아니면 이리 서류 넣어 주고 그런 업무죠.",[],[],[],[],[],0,0,0,0,0,0,0,삭제 - 든지 아니면
spoken_data_6403.json,c1ccd54a-c1f4-459c-89f4-5d4aff6d6a56,317,"주로 그런 업무고 의원님들 손님 오시면 안내를 해 드리고…
취업연수생의 목적에 맞지 않다고 봅니다.",[],['적에 맞지 않다고 봅'],[],[],[],0,0,0,1,0,0,0,
spoken_data_6403.json,c1ccd54a-c1f4-459c-89f4-5d4aff6d6a56,319,"의원님들 의정 활동…
말씀이 안 맞는 게 작년에 제가 취업연수생을 의원님 업무하시는 데, 행정사무감사 기간이나 업무하는 데에 조금 활용을 하자고 했더니 그거는 또 안 된다고 그러셨어요.","['말씀이 안 맞는 게', '거는 또 안 된다고']",[],[],[],[],1,0,0,1,0,0,0,
spoken_data_6403.json,c1ccd54a-c1f4-459c-89f4-5d4aff6d6a56,329,저희들 여러 가지 근무환경이나 개인 사정이 있겠습니다마는 저번에도 <NAME> 위원님께서도 그 부분을 걱정해 주셨고 그래서 지금 또 <NAME> 위원님께서도 신분 보장 걱정해 주시고 계신데 원래 시 방침은 시간선택제는 결원되면 충원 안 하는 걸로 저희들 계획은 잡았습니다.,['면 충원 안 하는 걸'],[],[],[],[],1,0,0,0,0,0,0,
spoken_data_6403.json,c1ccd54a-c1f4-459c-89f4-5d4aff6d6a56,331,"그러면 종합적으로 의원에 대한 정책지원 인력이 지금은 근거가 없어서 못 하고 있는데 저희들 사실은 제주도처럼 의원의 1/3, 1/2 규정이 정해지면 전체적인 틀 속에서 그분들 같이 봐야 될 거 같고…
임기제 공무원 다섯 분 있는데 임기가 만료되면 그분들 어떻게 됩니까, 그러면?
그 부분은 하여튼 현재로는 충원할 계획은 현재는 없는데 그 부분은 저희들 한번 종합적으로 계획을 마련…
지금 이분들이 굉장히 불안해하고 계신 거 압니까?",[],[],['없어서 못 하고 있'],[],[],0,1,0,0,0,0,0,
spoken_data_6403.json,c1ccd54a-c1f4-459c-89f4-5d4aff6d6a56,334,내년 임기가 어떻게 될지도 모르고 이분들은 또 만약에 우리 사무처장님 말씀대로라면 내년에 채용이 안 된다 하면 이분들은 지금 선택을 해야 되는 상황이거든요?,['채용이 안 된다 하'],[],[],[],[],0,0,0,1,0,0,0,
spoken_data_6403.json,c1ccd54a-c1f4-459c-89f4-5d4aff6d6a56,336,"그러면 당일, 9월 가 가지고 안 됩니다",['가지고 안 됩니다'],[],[],[],[],0,0,0,0,0,1,0,
spoken_data_6403.json,c1ccd54a-c1f4-459c-89f4-5d4aff6d6a56,337,"하고 그러면 이분들은 앞으로 자기 인생에 있어서 가장 중요한 사항인데 이 부분들이 아직 불안감이 해소가 안 된다면 어떻게 지금…
위원님 취지는 충분히 알겠습니다.",['해소가 안 된다면'],[],[],[],[],0,1,0,0,0,0,0,
spoken_data_6403.json,c1ccd54a-c1f4-459c-89f4-5d4aff6d6a56,340,그런데 현재 시도 그렇고 의회도 그렇고 시간선택제는 그 자리는 결원하면 충원을 하지 않는다는…,[],['원을 하지 않는다는…'],[],[],[],0,0,0,0,0,1,0,
spoken_data_6403.json,c1ccd54a-c1f4-459c-89f4-5d4aff6d6a56,342,"그래서 그분들은 만약에 경쟁력을 갖춘 분들은 이제 정책 연구팀 지원을 하시든지 아니면 정책지원 인력이 앞으로 더 늘어날 가능성이 되게 크니까 연구할 때 지원을 해서 다시 들어오실 분들은 저희들 뽑고…
정책 연구하시는 분들은 정책 연구하는 분들을 늘리면 되고요, 제가 볼 때에는.",[],[],[],[],[],0,0,0,0,0,0,0,삭제 - 든지 아니면
spoken_data_6403.json,c1ccd54a-c1f4-459c-89f4-5d4aff6d6a56,345,업무가 과중 안 한 상임위도 있겠지만 업무가 과중한 상임위도 있지 않습니까?,['가 과중 안 한 상임'],[],[],[],[],1,0,0,0,0,0,0,
spoken_data_6403.json,c1ccd54a-c1f4-459c-89f4-5d4aff6d6a56,349,고민만 하시지 말고 답을 달라는 소리입니다.,[],[],[],[],['만 하시지 말고 답을'],1,0,0,0,0,0,0,
spoken_data_6403.json,c1ccd54a-c1f4-459c-89f4-5d4aff6d6a56,360,"그러니까 그런 취업연수생 관해서는 예산이나 인원을 가면 갈수록 늘리고 있고 실제적으로 의원님들이 혜택을 받고 있고 또 전문위원실의 도움을 받는 부분에 있어서는 이런 어찌 보면 의원님들, 아까도 여러분이 말씀하셨지만 정책 보좌라든지 입법정책 연구실이라든지 이런 데에서는 인원이 잘 안 늘어나고 좀 뭐가 효율적으로 활용이 잘 안되고 있다는 생각이 들거든요.",['원이 잘 안 늘어나고'],[],[],[],[],0,0,0,0,0,1,0,
spoken_data_6403.json,c1ccd54a-c1f4-459c-89f4-5d4aff6d6a56,361,일단은 우리가 시간선택제에 계시는 분들은 인원을 우리가 의회 증원할 때 카운트가 안 됩니다.,['카운트가 안 됩니다.'],[],[],[],[],0,0,0,0,0,1,0,
spoken_data_6403.json,c1ccd54a-c1f4-459c-89f4-5d4aff6d6a56,365,그래서 지금 상황은 다 공감하고 이런 상황이지만 당장은 이 제도 자체를<NAME>다 이런 말씀을 못 드려서 저도 개인적으로는 그 부분 상당히 유감으로 생각하고 있습니다.,[],[],['말씀을 못 드려서'],[],[],0,1,0,0,0,0,0,
spoken_data_6403.json,c1ccd54a-c1f4-459c-89f4-5d4aff6d6a56,369,하는데 속<NAME>한 답을 못 드려서 죄송하게 생각합니다.,[],[],['한 답을 못 드려서'],[],[],0,1,0,0,0,0,0,
spoken_data_6403.json,c1ccd54a-c1f4-459c-89f4-5d4aff6d6a56,370,일단 고민을 계속해 주시고 신속하게 답을 찾을 수 있도록 그분들이 고용 불안에 안 시달릴 수 있도록 정확한 답을 내려주시기를 부탁을 드리겠습니다.,['불안에 안 시달릴'],[],[],[],[],1,0,0,0,0,0,0,
spoken_data_6403.json,c1ccd54a-c1f4-459c-89f4-5d4aff6d6a56,386,업무추진비를 주제로 한 별도의 교육은 제가 제 기억에는 기억은 나지 않고 아마 다른 회의를 할 때 주의 환기 차원에서 의장단 회의든 이럴 때 의장님이 그렇게 말씀하신 걸로 저는 기억이 됩니다.,[],['억은 나지 않고 아마'],[],[],[],0,0,0,0,0,1,0,
spoken_data_6403.json,c1ccd54a-c1f4-459c-89f4-5d4aff6d6a56,387,그러면 점검단 구성해서 집행실태 점검도 안 하고 있겠네요?,['점검도 안 하고 있'],[],[],[],[],0,0,0,0,0,1,0,
spoken_data_6403.json,c1ccd54a-c1f4-459c-89f4-5d4aff6d6a56,388,지금 우리가 업무추진비는 시스템에 공개를 하고 있어서 만약에 부정 사용이 있으면 이게 시스템에서 나타나기 때문에 그때 조치를 취할 수 있고 그런 징후가 없기 때문에 그거는 아직 집행은 안 한 거 같습니다.,['집행은 안 한 거'],[],[],[],[],1,0,0,0,0,0,0,
spoken_data_6403.json,c1ccd54a-c1f4-459c-89f4-5d4aff6d6a56,390,"업무추진비로 상품권, 기념품, 특산품 등을 구매한 경우에는 지급 관리 대장에 지급 일시, 대상자 및 수량을 반드시 기재하여 결재를 받아 관리함으로써 사적으로 사용되지 않도록 하여야 한다고 돼 있는데 이거 지키고 있습니까?",[],['사용되지 않도록 하'],[],[],[],0,1,0,0,0,0,0,
spoken_data_6403.json,c1ccd54a-c1f4-459c-89f4-5d4aff6d6a56,397,"그리고 의회 업무, 운영 업무추진비는 지방의회의 의장, 부의장, 상임위원장의 지방의회 운영 및 업무의 유대를 위한 제 경비로서 사전에 연간 집행계획을 수립하여 선심, 중복성 예산집행이 되지 않도록, 않도록 한다고 되어 있는데 추석선물이 상임위 직원 수보다 훨씬 더 많이 구매가 되어 있습니다.",[],"['행이 되지 않도록,']",[],[],[],0,1,0,0,0,0,0,
spoken_data_6403.json,c1ccd54a-c1f4-459c-89f4-5d4aff6d6a56,398,그 부분에 대해서도 중복 집행이 되지 않았는지 한번 확인을 해 주셨으면 하고요.,[],['행이 되지 않았는지'],[],[],[],0,0,1,0,0,0,0,
spoken_data_6403.json,c1ccd54a-c1f4-459c-89f4-5d4aff6d6a56,399,"하여튼 위원님, 제가 지금 자료가 없어서 구체적으로 설명을 못 드리겠습니다만 발언의 취지에 따라서 업무추진비가 집행이 될 수 있도록 저희들 관리를 잘 해 나가겠습니다.",[],[],['설명을 못 드리겠습'],[],[],0,0,0,0,0,1,0,-다만
spoken_data_6403.json,c1ccd54a-c1f4-459c-89f4-5d4aff6d6a56,401,"특위는 특위가 열려서 특위, 의회의 의결을 열어서 회의가 안 열리더라도…
예산결산특별위원회요.",['회의가 안 열리더라'],[],[],[],[],0,1,0,0,0,0,0,
spoken_data_6403.json,c1ccd54a-c1f4-459c-89f4-5d4aff6d6a56,402,"이 부분에 대해서는 위원님, 제가 조례도 검토해서 이 부분에 대해서는 앞으로 저희들 업무추진비 관리에 만전을 기하고 세부적인 사항은 저희들이 별도로 설명을 드리면 안 되겠습니까?",['드리면 안 되겠습니'],[],[],[],[],0,0,0,0,0,1,0,
spoken_data_6403.json,c1ccd54a-c1f4-459c-89f4-5d4aff6d6a56,407,규정을 못 지키겠으면 규정을 수정하든지 아니면 제대로 지켜야 된다고 생각을 합니다.,[],[],['규정을 못 지키겠으'],[],[],0,1,0,0,0,0,0,삭제 - 수정하든지 아니면
spoken_data_6403.json,c1ccd54a-c1f4-459c-89f4-5d4aff6d6a56,418,그리고 홈페이지 자료들도 다 제대로 안 되어 있는 부분이 많은데 저희 자료는 정원이 118명이라고 되어 있는데 홈페이지에는 114명이라고 되어 있습니다.,['제대로 안 되어 있'],[],[],[],[],1,0,0,0,0,0,0,
spoken_data_6403.json,c1ccd54a-c1f4-459c-89f4-5d4aff6d6a56,419,"최근에 정원을 저희들, 그 부분은 저희들이 업데이트가 안 된 것 같은데 바로 고치겠습니다.",['데이트가 안 된 것'],[],[],[],[],1,0,0,0,0,0,0,
spoken_data_6403.json,c1ccd54a-c1f4-459c-89f4-5d4aff6d6a56,420,그리고 대학생 모의의회 보조금 정산 내역도 2018년 것도 아직 안 올라와 있습니다.,['도 아직 안 올라와'],[],[],[],[],0,0,0,0,0,1,0,
spoken_data_6403.json,c1ccd54a-c1f4-459c-89f4-5d4aff6d6a56,426,그리고 토론에 대해서도 공개를 하고는 있는데 자료집이 추가로 올라오지 않고 있기 때문에 자료집에 대해서도 토론회가 끝나면 계속 업데이트를 좀 해 주셨으면 하고요.,[],['올라오지 않고 있기'],[],[],[],0,0,1,0,0,0,0,
spoken_data_6403.json,c1ccd54a-c1f4-459c-89f4-5d4aff6d6a56,429,그리고 저희 인트라넷이 거의 활동이 안 되고 있는데 공지사항이 2019년 2월 2일 날 올라온 이후로는 올라오지 않고 있습니다.,['활동이 안 되고 있'],['올라오지 않고 있습'],[],[],[],0,0,0,0,1,1,0,
spoken_data_6403.json,c1ccd54a-c1f4-459c-89f4-5d4aff6d6a56,435,글조차 안 읽어 보면 제안하신 분들께서 받을 실망감에 대해서 생각을 해서 좀 제대로 관리를 해 주셨으면 하고요.,['글조차 안 읽어 보'],[],[],[],[],0,1,0,0,0,0,0,
spoken_data_6403.json,c1ccd54a-c1f4-459c-89f4-5d4aff6d6a56,444,오해까지는 아니고 어쨌든 기간을 좀 잘 조정하셔 가지고 의정 활동에 전체적으로 도움이 될 수 있도록 그렇게 좀 부탁드립니다.,[],[],[],[],[],0,0,0,0,0,0,0,삭제 - 오해까지는 아니고
spoken_data_6403.json,c1ccd54a-c1f4-459c-89f4-5d4aff6d6a56,445,그리고 하나 더 또 지금 요청 과제들을 쭉 내용 보면서 일단 전체 의원님들 거는 확인을 못 했는데 제 거라도 일단 확인을 해 보니까 완료가 안 됐는데 완료가 되었다고 되어 있는 건들 이 제법 있어요.,['완료가 안 됐는데'],[],['확인을 못 했는데'],[],[],0,2,0,0,0,0,0,
spoken_data_6403.json,c1ccd54a-c1f4-459c-89f4-5d4aff6d6a56,448,"제가 행감 자료 가지고 이야기를 드리면 시정질의, 5분 발언 말고, 그 부분도 포함되지만 예를 들면 131페이지에 제가 요청한 부분인데 이거 완료가 안 된 내용이거든요.",['완료가 안 된 내용'],[],[],[],[],1,0,0,0,0,0,0,
spoken_data_6403.json,c1ccd54a-c1f4-459c-89f4-5d4aff6d6a56,449,진행 상황이고 이거 말고도 예를 들어서 127페이지 같은 경우에도 양성평등 기본 조례 같은 경우에 완료 안 된 내용입니다.,['에 완료 안 된 내용'],[],[],[],[],1,0,0,0,0,0,0,
spoken_data_6403.json,c1ccd54a-c1f4-459c-89f4-5d4aff6d6a56,455,"그래서 “이건 안 됩니다.”, “됩니다.”",['“이건 안 됩니다.'],[],[],[],[],0,0,0,0,0,1,0,
spoken_data_6403.json,c1ccd54a-c1f4-459c-89f4-5d4aff6d6a56,466,"그러면 이거를 누군가는 조정을 해 줘야 되는데 그 상태로 쭉 몇 달을 가 버리니까 결국엔 그다음에 일을 하니 안 하니 부분이고 집행부에서도 도대체 이게 어떤, 어떤 근거로 이게 이렇게 배분되냐는 이야기들이 나오는 거예요.",['을 하니 안 하니 부'],[],[],[],[],1,0,0,0,0,0,0,하니 안 하니
spoken_data_6403.json,c1ccd54a-c1f4-459c-89f4-5d4aff6d6a56,483,그 애로 사항은 좀 이해해 주시고 사무처가 한다고 해서 또 다 되는 일도 아니고 하기 때문에 제가 즉답을 못 드리고 확답을 못 드리는 부분에 대해서는 제가 그 부분에 대해서는 죄송스럽게 생각합니다마는 어쨌든 하여튼 적극적으로 그런 부분에 대해서 개선 방안이 있다면 답을 강구해 나가도록 하겠습니다.,[],[],"['즉답을 못 드리고', '확답을 못 드리는']",[],[],1,0,0,0,0,1,0,
spoken_data_6403.json,c1ccd54a-c1f4-459c-89f4-5d4aff6d6a56,494,"그러면 <NAME> 위원님 3분이면 되고 <NAME> 위원님, <NAME> 위원님은 5∼6분 그 시간만 지켜 주시면 그대로 진행을 하고 안 그러면 제가 정회를 해야 될 것 같습니다.",['을 하고 안 그러면'],[],[],[],[],0,1,0,0,0,0,0,
spoken_data_6403.json,c1ccd54a-c1f4-459c-89f4-5d4aff6d6a56,507,그래서 안 맡으셨다면 그분들한테 익스큐즈를 구하시고 전시를 했으면 좋겠다.,['그래서 안 맡으셨다'],[],[],[],[],0,1,0,0,0,0,0,
spoken_data_6403.json,c1ccd54a-c1f4-459c-89f4-5d4aff6d6a56,546,"그러니까 이런 분들이, 고급 인력들이 외부로 유출되어 가지고 좀 이렇게 어찌 보면 충분히 우리 부산 시의회에서도 부산 시청에서 도움받을 수 있는 부분들이 있는데 이런 부분들이 좀 사장이 안 될 수 있도록, 제가 몇 번 만나서 얘기를 들었거든요.",['사장이 안 될 수'],[],[],[],[],0,1,0,0,0,0,0,
spoken_data_6403.json,c1ccd54a-c1f4-459c-89f4-5d4aff6d6a56,558,"아까 말씀하셨다시피 직원들하고 같이 소통을 하고 얘기를 한다고 하셨으면서 저희 그러면 전문위원, 저희 각 상임위의 전문위원들은 행감 준비하는 지원하는 부분에 있어서 그럼 이런 소통한 마당에 같이 빠지셔도 된다는 그런 의도이신 건지 아니면 전문위원실의 직에 대한 이해가 부족한 건지 총무과에 그런 부분들이 과연 얼마만큼 이게 이해가 됐기에 과연 이 화합 한마당을 하면서 행감 중에 하는지 제가 이해가 안 가서 그날 제가 우리 전문위원들한테 물었어요, 총무과에서 어떻게 이렇게 할 수 있느냐.",['이해가 안 가서 그'],[],[],[],[],0,0,0,0,1,0,0,삭제 - 건지 아니면
spoken_data_6403.json,c1ccd54a-c1f4-459c-89f4-5d4aff6d6a56,559,"그거는 이제 어울한마당은 시 노조 차원에서 연말에 예산 상황 감안해서 일 인당 8,000원 정도로 해서 시뿐만 아니라 시 소속에 있는 전 직원한테 부서별로 돈을 내려다 주면…
그럼 시에서는 행감 준비 안 하고 지금 이거 가셔도 되는 모양이죠?",['감 준비 안 하고 지'],[],[],[],[],1,0,0,0,0,0,0,
spoken_data_6403.json,c1ccd54a-c1f4-459c-89f4-5d4aff6d6a56,560,"그래서 아마 행감 직전에 제가 왔던 걸로 기억이 나는데 이거를 이제 직원 사기 함양 차원에서 실시하라고 노조에서 온 건데 우리 시의회는 행감이 있기 때문에 전체 차원에서는 못 하고 행감 전에 과별로 좀 할 수 있도록 하라 해서 총무과는 행감 전에 했는데 제가 전문위원실은 언제까지 했는지는 제가 파악은…
제가 알기로는 안 했고요.",['알기로는 안 했고요.'],[],['원에서는 못 하고 행'],[],[],0,0,0,0,0,2,0,
spoken_data_6403.json,c1ccd54a-c1f4-459c-89f4-5d4aff6d6a56,563,그러면 총무과에 이 전문위원실에서 근무했던 직원들하고 연계를 하든지 아니면 거기에 근무했던 직원들을 배치를 하셔 가지고 그 상황을 파악을 하든지 하셔야 될 것 같습니다.,[],[],[],[],[],0,0,0,0,0,0,0,삭제 - 든지 아니면
spoken_data_6403.json,c1ccd54a-c1f4-459c-89f4-5d4aff6d6a56,566,그런데 또 다른 얘기가 뭐였냐면 전문위원실의 직원들이 일하기 싫어하는 등 이런 거에 대한 의사소통이 정확하게 안 되고 서로에 대한 오해가 생기는 것 같아요.,['정확하게 안 되고 서'],[],[],[],[],0,0,0,0,0,1,0,
spoken_data_6403.json,c1ccd54a-c1f4-459c-89f4-5d4aff6d6a56,575,그리고 저희 지금 말씀하신 대로 저희가 박사님들한테 보내는 이런 것들도 추진 상황이 완료가 안 되었는데 완료가 되었다고 하는 부분도 그런 부분인 것 같아요.,['완료가 안 되었는데'],[],[],[],[],0,1,0,0,0,0,0,
spoken_data_6403.json,c1ccd54a-c1f4-459c-89f4-5d4aff6d6a56,581,아까 말씀드린 대로 병목현상이 일어나는 일부 몇몇 분들은 정말 일을 많이 하시고 정말 맡겨 보니까 일이 안 되겠구나 싶은 사람들 아예 저희가 과제 요청을 하지 않습니다.,['까 일이 안 되겠구나'],['청을 하지 않습니다.'],[],[],[],0,1,0,0,0,1,0,안 되겠구나 싶은?
spoken_data_6403.json,c1ccd54a-c1f4-459c-89f4-5d4aff6d6a56,585,아까 인사 같은 경우에도 말씀하셨다시피 그러면 전문위원실하고 연계가 안 되는 부분은 전문위원실에 근무를 했던 직원을 혹은 총무과에 배치를 하시든지 하셔서 그 부분에 대한 소통 부재에 대해서도 어떻게 해 주실 건지 답을 저희한테 주시면 좋겠습니다.,['연계가 안 되는 부'],[],[],[],[],1,0,0,0,0,0,0,
spoken_data_6403.json,c1ccd54a-c1f4-459c-89f4-5d4aff6d6a56,588,"너무 이렇게 시간을 촉박하게 만들어 가지고 오히려 질의를 충분하게 하실 수 있는 건데 질의를 잘 못하시게 만들지 않았나, 제가 볼 때 좀 죄송스러운 마음도 듭니다.",[],"['게 만들지 않았나,']",[],[],[],0,1,0,0,0,0,0,
spoken_data_6403.json,c1ccd54a-c1f4-459c-89f4-5d4aff6d6a56,596,더 이상 질의하실 위원님이 안 계시므로 질의 종결을 선포합니다.,['위원님이 안 계시므로'],[],[],[],[],0,0,0,0,1,0,0,
spoken_data_6403.json,ffa74959-8b4e-40f4-87c3-f0463aa457d1,605,올 한 해도 얼마 남지 않은 바쁜 시기에 행정사무감사 수감 준비에 수고 많으셨습니다.,[],['얼마 남지 않은 바쁜'],[],[],[],1,0,0,0,0,0,0,
spoken_data_6403.json,ffa74959-8b4e-40f4-87c3-f0463aa457d1,619,"2019년 11월 15일
행정 자치국장 <NAME>
총무과장 <NAME>
자치분권 과장 <NAME>
걷기 좋은 부산추진단장 변상득
사회통합과장 <NAME>
교육협력과장 <NAME>
부산 도서관 개관 추진단장 장덕상
통합민원과장 <NAME>
서울본부장 안 <NAME>
모두 자리에 앉아 주시기 바랍니다.",[],[],[],[],[],0,0,0,0,0,0,0,삭제 - '안'이 성씨
spoken_data_6403.json,ffa74959-8b4e-40f4-87c3-f0463aa457d1,640,이것 참여예산에 선택이 되었으니 곧 이런 사업들이 해결이 될 겁니다라고 이야기를 했는데 예산실에서 반영이 안 된 거예요.,['반영이 안 된 거예'],[],[],[],[],0,0,0,0,0,1,0,
spoken_data_6403.json,ffa74959-8b4e-40f4-87c3-f0463aa457d1,641,"반영이 안 된 이유가 뭐냐고 확인을 해 보니까 도로에 관련된 사업들, 보행길에 관련된 사업들은 도심 보행 사업이 내년 예산에 많이 편성되어 있으니 그쪽에 다시 공모를 하시오라고 이야기를 합니다.",['반영이 안 된 이유'],[],[],[],[],1,0,0,0,0,0,0,
spoken_data_6403.json,ffa74959-8b4e-40f4-87c3-f0463aa457d1,644,"그런데 하반기에 와서 안 된다, 선정해 놓고 안 된다","['에 와서 안 된다,', '해 놓고 안 된다']",[],[],[],[],0,0,0,0,0,2,0,
spoken_data_6403.json,ffa74959-8b4e-40f4-87c3-f0463aa457d1,656,"그런데 스쿨존에서, 학교에서 거리가 멀기 때문에 스쿨존으로 지정이 안 되기 때문에 보도가 없어서 다니는 사람들이 훨씬 더 많습니다.",['지정이 안 되기 때'],[],[],[],[],0,0,1,0,0,0,0,
spoken_data_6403.json,ffa74959-8b4e-40f4-87c3-f0463aa457d1,659,내려줬는데 거기에 공모 들어온 사업들 중에 제가 리스트를 다 받아보지는 않았습니다만 대부분이 선정된 것들은 네 군데 선정된 곳은 공통점이 뭔지 아십니까?,[],['받아보지는 않았습니다'],[],[],[],0,0,0,0,0,1,0,-다만
spoken_data_6403.json,ffa74959-8b4e-40f4-87c3-f0463aa457d1,667,그런데 그럼에도 불구하고 참여예산에서 선정이 되었다 해 가지고 주민들한테 가서 “선정되었습니다.”라고 이야기를 했는데 이것 “보도 까는 예산은 안 됩니다.”,['예산은 안 됩니다.'],[],[],[],[],0,0,0,0,0,1,0,
spoken_data_6403.json,ffa74959-8b4e-40f4-87c3-f0463aa457d1,679,그래서 참여예산 신청을 할 때이러 이러한 부분들은 신청하면 안 된다고 하든지 그런 부분들이 들어갔었어야지 착오가 발생되지 않습니다.,['신청하면 안 된다고'],['발생되지 않습니다.'],[],[],[],0,0,0,1,0,1,0,
spoken_data_6403.json,ffa74959-8b4e-40f4-87c3-f0463aa457d1,681,그런데 주민들은 시를 원망하지 않습니다.,[],['원망하지 않습니다.'],[],[],[],0,0,0,0,0,1,0,
spoken_data_6403.json,ffa74959-8b4e-40f4-87c3-f0463aa457d1,683,"제가 우리 동네 면 이렇게 이야기 안 하겠지요, 우리 동네가 아니기 때문에 이야기합니다.",['이야기 안 하겠지요'],[],[],[],[],0,0,0,0,0,1,0,
spoken_data_6403.json,ffa74959-8b4e-40f4-87c3-f0463aa457d1,690,"그런데 아마 예산실과 협의하는 과정에서 그 부분이 조금 빠진 것 같은데 앞으로 예산실하고 협의를 해서 일정 부분을 실링을 받아서 앞으로 선정이 되고도 지원이 안 되는 사례가 없도록 그렇게 조치를 하는 방안을…
알겠습니다.",['지원이 안 되는 사'],[],[],[],[],1,0,0,0,0,0,0,
spoken_data_6403.json,ffa74959-8b4e-40f4-87c3-f0463aa457d1,693,"전에도 예산에 또 올해 본예산에 또 제가 확인해 보면 알겠지만 시민들은요, 차로에 보도가 없는 게 이곳에 보도를 깔아주는 게 훨씬 더 사람 중심이라고 생각을 하지 멀쩡한 강 위에다가 다리를 놔 가지고 걸어가면서 경치 구경하고 그거를 원하지 않습니다.",[],['를 원하지 않습니다.'],[],[],[],0,0,0,0,0,1,0,
spoken_data_6403.json,ffa74959-8b4e-40f4-87c3-f0463aa457d1,695,조성을 시에서 다 해 놓고 관리는 구에서 하라니까 구에서 예산이 없으니까 구에서 의지를 가진 데는 잘 유지·보수가 되고 있고 의지가 없는 데는 혹은 의회에서 설득이 안 되는 데는 엉망이지 않습니까?,['설득이 안 되는 데'],['엉망이지 않습니까?'],[],[],[],2,0,0,0,0,0,0,
spoken_data_6403.json,ffa74959-8b4e-40f4-87c3-f0463aa457d1,721,"예산이 없다, 뭐가 없다, 이것은 구에서 해라, 뭐 해라 안 했습니다.",['뭐 해라 안 했습니다'],[],[],[],[],0,0,0,0,0,1,0,
spoken_data_6403.json,ffa74959-8b4e-40f4-87c3-f0463aa457d1,724,그런 식으로 저는 안 했으면 좋겠어요.,['로 저는 안 했으면'],[],[],[],[],0,1,0,0,0,0,0,
spoken_data_6403.json,ffa74959-8b4e-40f4-87c3-f0463aa457d1,730,왜 열심히 일을 하시는데 좋은 소리는 못 듣지 않습니까?,[],[],['소리는 못 듣지 않'],[],[],0,0,0,0,0,1,0,이중부정 - 못 듣지 않습니까
spoken_data_6403.json,ffa74959-8b4e-40f4-87c3-f0463aa457d1,750,그래서 아마 쉽지는 않겠지만 심의위원회 쪽에서 한번 검토를 하도록 그렇게 하겠습니다.,[],['아마 쉽지는 않겠지만'],[],[],[],0,1,0,0,0,0,0,
spoken_data_6403.json,ffa74959-8b4e-40f4-87c3-f0463aa457d1,751,"예, 2017년 2월에도 <NAME> 판사가 명예시민으로 됐는데 이분도 장충기 문자로 논란이 돼서 삼성과 특수 관계로 해서 대법원에서 삼성 관련 재판을 맡는 게 적절하지 않다는 판결까지 났습니다.",[],['적절하지 않다는 판'],[],[],[],1,0,0,0,0,0,0,
spoken_data_6403.json,ffa74959-8b4e-40f4-87c3-f0463aa457d1,752,이걸 계속 방치하고 있으면 앞으로 명예시민으로 위촉되시는 분들도 전혀 명예롭지 못할 거라고 생각을 하고 명예시민 자체에 대한 논란이 계속해서 일어날 수 있기 때문에 신속히 이 부분에 대해서 정리를 했으면 합니다.,[],[],[],['명예롭지 못할 거라'],[],0,0,0,1,0,0,0,
spoken_data_6403.json,ffa74959-8b4e-40f4-87c3-f0463aa457d1,771,그런데 일정 부분은 또 그분들도 오랫동안 시민사회단체로 활동을 해 오셨고 이래서 나름대로의 대표성이 있지 않나 하는 판단은 듭니다.,[],['성이 있지 않나 하는'],[],[],[],0,0,0,1,0,0,0,않나 하는 - 인용절 or 관형절
spoken_data_6403.json,ffa74959-8b4e-40f4-87c3-f0463aa457d1,774,"그래서 이 부분은 40%를 충족하는 거로 알고 있고 청년 부분도 나름대로 저희들이 좀 신경을 쓴 부분인데 아마 조금 아직 그 청년 중에 조금 활동하는 부분이, 분이 좀 많지는 않은 것 같습니다.",[],['좀 많지는 않은 것'],[],[],[],1,0,0,0,0,0,0,
spoken_data_6403.json,ffa74959-8b4e-40f4-87c3-f0463aa457d1,785,그러면 협치 협의회 회의보다 이 협치 추진단들에 소속된 분들이 더 많은 시민들을 만나고 소통을 해서 이 스물두 분의 한정된 협의회 의견도 중요하겠지만 여기 소속되지 않은 단체들의 사람들이 이 협의회 들어와서 직접 의견을 내면 좋겠지만 이미 이 위촉이 되었고 인원에 대해서도 제약이 있으니 그런 부분에서 좀 보강할 수 있도록 추진단을 잘 운영해야 될 것 같습니다.,[],['소속되지 않은 단체'],[],[],[],1,0,0,0,0,0,0,
spoken_data_6403.json,ffa74959-8b4e-40f4-87c3-f0463aa457d1,786,"일단 여기에 이제 출발선에 있고 또 이분들 자체가 많은 회의를 해서 의견을 받으려고 생각을 하고 있기 때문에 우리 협치 추진단하고 우리 사회통합과에서 여기 안 들어가 있는 단체에 대한 의견도 적극적으로 수렴을 하도록 그렇게 하겠습니다, 이거를.",['서 여기 안 들어가'],[],[],[],[],1,0,0,0,0,0,0,
spoken_data_6403.json,ffa74959-8b4e-40f4-87c3-f0463aa457d1,790,"이게 지금 저희들도 PSMC 풍산 쪽인데 이제 그게 여러 가지 문제가 있어서 시위도 하고 집회를 하고 있는데 사실은 현실적인 어려움이 뭔가 하면 우리 광고물 관리법이 개정이 돼서 시위, 그러니까 집회를 하고 있는 그런 가운데 거기<NAME>막을 걸어 놓으면 그걸 강제철거를 지금 못 하게 돼 있습니다.",[],[],['를 지금 못 하게 돼'],[],[],0,0,0,0,0,1,0,
spoken_data_6403.json,ffa74959-8b4e-40f4-87c3-f0463aa457d1,791,그래서 저희들이 너무 많은 게 붙어있고 이래서 접촉을 해서 조금 줄여 달라는 이야기를 했습니다마는 도저히 지금 이야기가 좀 안 되고 있는 그런 입장입니다.,['기가 좀 안 되고 있'],[],[],[],[],1,0,0,0,0,0,0,
spoken_data_6403.json,ffa74959-8b4e-40f4-87c3-f0463aa457d1,796,그 내용에 대해서 정확하게 인지를 못 하고 이해를 못 하는 분들의 입장에서는.,[],[],"['인지를 못 하고 이', '이해를 못 하는 분']",[],[],2,0,0,0,0,0,0,
spoken_data_6403.json,ffa74959-8b4e-40f4-87c3-f0463aa457d1,799,솔직히 담당 부서에서는 1년 동안 얘기를 해도 저렇게 아무 개선이 안 되는 부분에 대해서는 책임의식을 가져야 됩니다.,['개선이 안 되는 부'],[],[],[],[],1,0,0,0,0,0,0,
spoken_data_6403.json,ffa74959-8b4e-40f4-87c3-f0463aa457d1,809,그런데 기간이 지금 안 지났거든요.,['이 지금 안 지났거든'],[],[],[],[],0,0,0,0,0,1,0,
spoken_data_6403.json,ffa74959-8b4e-40f4-87c3-f0463aa457d1,829,"그런데 정당이 그 지역에 대해서 집회 신고를 하면 철거를 29일 동안 할 수 없음을 몰라서 안 하는 게 아니거든요, 그렇죠?",['몰라서 안 하는 게'],[],[],[],[],1,0,0,0,0,0,0,
spoken_data_6403.json,ffa74959-8b4e-40f4-87c3-f0463aa457d1,871,"그런데 그거는 위원님 저기 아마 좀 예외 조항이 있는 게 특별…
유공자라고 하면 부상이나 사망인데 요즘 새마을운동하다가 부상이나 사망 되신 분은 제가 이 공직을 하면서는 우리 동료 의원님, <NAME> 의원님 새마을 행사 가서 부상을 입은 사례는 들었습니다만…
아니, 부상뿐만이 아니고<NAME>을 받거나 그런 부분도 가능한 것으로…
에이, 그거 제가 구의 원할 때 다 확인했고, 그렇지 않다는 것도 확인했거든요.",[],"[', 그렇지 않다는 것']",[],[],[],1,0,0,0,0,0,0,
spoken_data_6403.json,ffa74959-8b4e-40f4-87c3-f0463aa457d1,881,지금까지 이 장학금 40년 이상 지급하면서 제대로 관리 안 되신 거 인정하시죠?,['로 관리 안 되신 거'],[],[],[],[],1,0,0,0,0,0,0,
spoken_data_6403.json,ffa74959-8b4e-40f4-87c3-f0463aa457d1,882,"제가 40년 동안 이 업무를 안 해서 잘 모르겠습니다마는…
그러면 행정의 연속성을 부정하시는 겁니까?",['업무를 안 해서 잘'],[],[],[],[],0,1,0,0,0,0,0,
spoken_data_6403.json,ffa74959-8b4e-40f4-87c3-f0463aa457d1,888,"그럼에도 불구하고 그런 것조차도 확인하지 않고 보조금을, 자치단체보조금을 내려줬단 말입니다.",[],['확인하지 않고 보조'],[],[],[],0,1,0,0,0,0,0,
spoken_data_6403.json,ffa74959-8b4e-40f4-87c3-f0463aa457d1,892,그런데 이 시점에서 이 얘기를 드리는 건 더 이상 이걸 그냥 그동안의 관행이란 이름 뒤에 숨기에는 행정도 그렇고 정치도 그렇고 시민의 요구 앞에서는 더 이상 그럴 수 있는 입장이 안 되는 게 사실인 거잖아요.,['입장이 안 되는 게'],[],[],[],[],1,0,0,0,0,0,0,
spoken_data_6403.json,ffa74959-8b4e-40f4-87c3-f0463aa457d1,903,"9조 1항의 2호 “장학금을 지급받지 아니하여도 수학을 계속할 수 있는 재력이 생긴 때.” 우리 법률에는, 법령의 해석에는 반대해석이라는 게 있습니다.",[],['지급받지 아니하여도'],[],[],[],0,1,0,0,0,0,0,
spoken_data_6403.json,ffa74959-8b4e-40f4-87c3-f0463aa457d1,904,"이 해석을 거꾸로 해 보면 장학금을 지급하지 않으, 아니하여도 수학을 계속할 수 있는 재력이 있는 자에겐 이 장학금을 주면 안 되죠.",['을 주면 안 되죠.'],"['지급하지 않으, 아']",[],[],[],0,1,0,0,0,1,0,
spoken_data_6403.json,ffa74959-8b4e-40f4-87c3-f0463aa457d1,912,이미. 왜냐하면 여기서 있는 “지급을 받지 아니하여도 수학을 계속할 수 있는 재력이 있다.”,[],['급을 받지 아니하여도'],[],[],[],0,1,0,0,0,0,0,
spoken_data_6403.json,ffa74959-8b4e-40f4-87c3-f0463aa457d1,915,"그런데 이 규정에도 잘 안 맞는 경우가 많이 있어요, 그렇죠?",['에도 잘 안 맞는 경'],[],[],[],[],1,0,0,0,0,0,0,
spoken_data_6403.json,ffa74959-8b4e-40f4-87c3-f0463aa457d1,921,"그런데 이게 보니까 이제 우리가 통상 8월 정도에서 7월 정도에 행안부가 만드는 차년도의 예산편성지침상으로 보면 장학금의 편성의 내용은 중·고등학생으로 제한돼 있기 때문에…
대학생에게 지급하는 것이 행안부의 지방자치단체 예산편성지침의 위반이라고 확인을 했고 그래서 2016년 이후로는 지급을 안 하고 있는 거죠?",['지급을 안 하고 있'],[],[],[],[],1,0,0,0,0,0,0,
spoken_data_6403.json,ffa74959-8b4e-40f4-87c3-f0463aa457d1,927,그런데 왜 이게 41%밖에 안 됐나요?,['1%밖에 안 됐나요?'],[],[],[],[],0,0,0,0,0,1,0,
spoken_data_6403.json,ffa74959-8b4e-40f4-87c3-f0463aa457d1,940,"50명 정도로 저희들이 생각…
50명. 구·군 별로 이렇게 나누면 극히…
얼마, 몇 명 안 됩니다.",['몇 명 안 됩니다.'],[],[],[],[],0,0,0,0,0,1,0,
spoken_data_6403.json,ffa74959-8b4e-40f4-87c3-f0463aa457d1,941,사실은 그 대상자도 찾기도 쉽지도 않을 수 있겠네요.,[],['기도 쉽지도 않을 수'],[],[],[],0,0,0,0,0,1,0,
spoken_data_6403.json,ffa74959-8b4e-40f4-87c3-f0463aa457d1,942,"그래서…
아까 말씀하신 것처럼 중복 지원이 안 되고 이렇게 본다면…
그래서 그 금액이면 내년도에는 또 무상교육이 확대가 되고 이러니까…
그럼 사실은 이래나 저래 나 놓고 보면.",['지원이 안 되고 이'],[],[],[],[],0,0,0,0,0,1,0,
spoken_data_6403.json,ffa74959-8b4e-40f4-87c3-f0463aa457d1,960,"위원님, 그 부분은 이게 그게 사실은 원칙적으로 안 맞는데…
자꾸 앞에서 계속 말하는데 원칙에 안 맞으면 안 하셔야죠.","['칙적으로 안 맞는데…', '원칙에 안 맞으면', '맞으면 안 하셔야죠']",[],[],[],[],0,2,0,0,0,1,0,
spoken_data_6403.json,ffa74959-8b4e-40f4-87c3-f0463aa457d1,962,"아마 저희들이 사실은 본 회의에 참석을 못 할 것 같으면 미리 공문으로 통보를 하는 걸로 알고 있습니다, 의장님 쪽으로.",[],[],['참석을 못 할 것'],[],[],0,1,0,0,0,0,0,
spoken_data_6403.json,ffa74959-8b4e-40f4-87c3-f0463aa457d1,964,"방금 저도 어떤 대단한, 필요한 건지 모르겠지만 저는 전혀 맞지 않다고 보이는데 이런 부분에 대해서는 좀 뭐랄까 조치가 필요하다고 보입니다.",[],['전혀 맞지 않다고 보'],[],[],[],0,0,0,1,0,0,0,
spoken_data_6403.json,ffa74959-8b4e-40f4-87c3-f0463aa457d1,966,시장님이 못 오시니까 제가 행정부시장님을 출석시키라 했더구먼 관례가 없어 가지고 못 하겠다.,[],[],"['시장님이 못 오시니까', '가지고 못 하겠다.']",[],[],0,0,0,0,1,1,0,
spoken_data_6403.json,ffa74959-8b4e-40f4-87c3-f0463aa457d1,977,"장기적으로 그래 하는 게 아니고 왜 이래 안 하고 이 조치를 먼저 이렇게 기존에, 최근에 우리 시의회 2층에서 벌어진 거 아시죠?",['왜 이래 안 하고 이'],[],[],[],[],0,1,0,0,0,0,0,
spoken_data_6403.json,ffa74959-8b4e-40f4-87c3-f0463aa457d1,995,"그거는 기초 자치단체에 한 군데 되어 있는데 지금 지원을 안 하고…
없다고 하셨지 않습니까?",['지원을 안 하고…'],[],[],[],[],0,0,0,0,0,1,0,
spoken_data_6403.json,ffa74959-8b4e-40f4-87c3-f0463aa457d1,996,그러니까 조례로 그렇게 되어 있는데 단양군에 저희들이 확인을 해 보니까 조례만 제정되어 있지 지원은 지금 하지 않는 걸로 지금 파악이 되고 있습니다.,[],['지금 하지 않는 걸로'],[],[],[],1,0,0,0,0,0,0,
spoken_data_30.json,f480736e-bea0-4985-99a2-6115c24912fa,104,○<NAME> 위원: 방금 확인했는데 지금 용량 수치가 4t밖에 안 나와 있어요.,['4t밖에 안 나와 있'],[],[],[],[],0,0,0,0,0,1,0,
spoken_data_30.json,f480736e-bea0-4985-99a2-6115c24912fa,130,이상으로 질의하실 위원이 안 계시므로 쓰레기 수거 및 정화조 청소에 관한 행정사무조사 처리 상황 업무보고를 마치도록 하겠습니다.,['위원이 안 계시므로'],[],[],[],[],0,0,0,0,1,0,0,
spoken_data_30.json,95359a42-6acb-4e3c-be17-8d62c4fba469,189,다음 9페이지에서 14페이지까지는 서류조사한 사항입니다. 면별 주요한 지적 사항으로 농소는 공사 착공 전 공사 중 완공 사진을 동일 장소에서 촬영하지 않아 공사 진행 상태 판단이 불가한 경우가 많았습니다.,[],['촬영하지 않아 공사'],[],[],[],0,0,0,0,1,0,0,
spoken_data_30.json,95359a42-6acb-4e3c-be17-8d62c4fba469,192,수의계약 견적서에 날짜를 기재하지 않은 사실이 발견되었습니다.,[],['기재하지 않은 사실'],[],[],[],1,0,0,0,0,0,0,
spoken_data_30.json,95359a42-6acb-4e3c-be17-8d62c4fba469,202,소호 안길 포장 공사 시 입찰 참가자에게 입찰 사실을 통보하지 않았으며 현장 대리인 지정 시 국가 기술자격증 소지자임을 증명할 수 있는 서류를 첨부하지 않았습니다.,[],"['통보하지 않았으며', '첨부하지 않았습니다']",[],[],[],0,0,0,0,0,2,0,
spoken_data_30.json,95359a42-6acb-4e3c-be17-8d62c4fba469,203,상작 교량 설치공사 시 예산회계법과 계약사무 처리규칙에 따른 관계서류를 첨부하지 않았습니다.,[],['첨부하지 않았습니다'],[],[],[],0,0,0,0,0,1,0,
spoken_data_30.json,95359a42-6acb-4e3c-be17-8d62c4fba469,206,웅촌면의 경우는 양호했으나 그 외의 면은 두께가 설계대로 시행되지 않은 사실이 발견되었습니다.,[],['시행되지 않은 사실'],[],[],[],1,0,0,0,0,0,0,
spoken_data_30.json,95359a42-6acb-4e3c-be17-8d62c4fba469,213,그리고 군에서 발주한 공사가 면에는 알려지지 않아 면에서는 공사 내역을 모르고 있어 시설물 관리 등에 있어 문제점으로 나타나고 있습니다.,[],['알려지지 않아 면에'],[],[],[],0,0,0,0,1,0,0,
spoken_data_30.json,95359a42-6acb-4e3c-be17-8d62c4fba469,218,"끝으로 면에서 시행하는 각종 공사에 이장, 새마을 지도자 등을 명예 감독관으로 임명하여 직, 간접적으로 지역개발을 위한 사업에 참여케 함으로써 내실 있는 공사가 될 수 있도록 면장의 적극적인 관심이 있어야 할 것이며 각종 사업은 시공 후 매년 파손되지 않도록 전문적이고도 완벽한 설계를 하여 시공상 문제점이 발생되지 않도록 감독을 철저히 하여야 할 것입니다.",[],"['파손되지 않도록 전', '발생되지 않도록 감']",[],[],[],0,2,0,0,0,0,0,
spoken_data_30.json,57b81c6b-5d8a-4f58-964a-ebf7cfe79abf,256,정화조 수거 실적이 77%밖에 안 되었다 했죠.,['7%밖에 안 되었다'],[],[],[],[],0,0,0,1,0,0,0,
spoken_data_30.json,57b81c6b-5d8a-4f58-964a-ebf7cfe79abf,263,"현재 저희들이 폐기물 관리계가 하고 있는 일이 상당히 많은데 직원 수는 …
○<NAME> 위원: 과장님, 폐기물 관리계 인원은 다 알고 있는데 과장님 말씀이 업무량 과다로 인해서 77%밖에 되지 않았고, 여기에 대한 과태료의 독촉은 해본 일이 없다고 했죠?",[],"['밖에 되지 않았고,']",[],[],[],0,0,0,0,0,1,0,
spoken_data_30.json,57b81c6b-5d8a-4f58-964a-ebf7cfe79abf,273,"○<NAME> 위원: 보관함 설치의 시범동 마을을 두었을 때…
○남구 환경위생과장 <NAME>: 아직까지 마을은 안 하고 아파트 단지도 현재 6층 이상만 하고 있고 5층 이하는 하반기에 하려고…
○<NAME> 위원: 그다음 시에서 쓰레기 수거 분리함 제작을 위한 예산이 남구청에는 얼마 정도 되었습니까?",['마을은 안 하고 아'],[],[],[],[],0,0,0,0,0,1,0,
spoken_data_30.json,57b81c6b-5d8a-4f58-964a-ebf7cfe79abf,282,사실 연말에 제작하고 만약에 규격이 되지 않을 때는 청장님 책임하에 그 규격이 아니더라도 심지어는 시간이 안되면 빨리 홍보라도 할 수 있도록 적의하게 모양을 만들어서라도 해야 된다는 방침이 되어있습니다.,[],['격이 되지 않을 때는'],[],[],[],1,0,0,0,0,0,0,
spoken_data_30.json,57b81c6b-5d8a-4f58-964a-ebf7cfe79abf,309,그래서 차 한 대를 전담시켜서 기획실 예산계에서 확인평가 주관되어 계별로 일정한 코스로 순찰하면서 눈에 거슬리는 것은 전부 일지에 기록해서 즉시 시정될 수 있는 것은 즉시 시행하고 그렇지 못한 것은 그날 당일에 해당과에 통보합니다.,[],[],[],['고 그렇지 못한 것은'],[],1,0,0,0,0,0,0,
spoken_data_30.json,57b81c6b-5d8a-4f58-964a-ebf7cfe79abf,311,그전에는 순찰했는데 조직적으로는 하지 않았다는 그런 뜻에서 말씀드립니다.,[],['로는 하지 않았다는'],[],[],[],1,0,0,0,0,0,0,
spoken_data_30.json,57b81c6b-5d8a-4f58-964a-ebf7cfe79abf,316,"그리고 남구 관내 공중변소 15개 92년도에 수거한 날짜하고 차량번호…
○남구 환경위생과장 <NAME>: 차량번호는 안 나옵니다.",['량번호는 안 나옵니다'],[],[],[],[],0,0,0,0,0,1,0,
spoken_data_30.json,57b81c6b-5d8a-4f58-964a-ebf7cfe79abf,320,○남구 환경위생과장 <NAME>: 6층 이상의 아파트는 지하실이 많은데 지하실을 이용하기로 하고 그 왜 안 된 곳은 자기들이 하도록 되어있는데 아직까지는 저희들이 지원한 것은 없습니다.,['그 왜 안 된 곳은'],[],[],[],[],1,0,0,0,0,0,0,
spoken_data_30.json,57b81c6b-5d8a-4f58-964a-ebf7cfe79abf,329,○남구 환경위생과장 <NAME>: 그것은 파악이 안 되어 있습니다.,['파악이 안 되어 있'],[],[],[],[],0,0,0,0,0,1,0,
spoken_data_30.json,57b81c6b-5d8a-4f58-964a-ebf7cfe79abf,334,"○<NAME> 위원: 진공노면 청소차량의 구입 가격과 효율 면으로 효과를 못 거둔다고 하는데 거기에 대해서 답변해 주시고, 좋은 식단 제도에 구체적으로 지도한 실적과 방법에 대해서는 어떻게 하고 있습니까?",[],[],['효과를 못 거둔다고'],[],[],0,0,0,1,0,0,0,
spoken_data_30.json,57b81c6b-5d8a-4f58-964a-ebf7cfe79abf,342,○남구 환경위생과장 <NAME>: 그것은 생각 안 해 봤습니다.,['은 생각 안 해 봤습'],[],[],[],[],0,0,0,0,0,1,0,
spoken_data_30.json,57b81c6b-5d8a-4f58-964a-ebf7cfe79abf,343,○남구청장 <NAME>: 예산이 뒷받침이 안 되어서 노면 진공 청소차가 없으면 환경미화원들이 빗자루로 쓸고 있습니다.,['뒷받침이 안 되어서'],[],[],[],[],0,1,0,0,0,0,0,
spoken_data_30.json,57b81c6b-5d8a-4f58-964a-ebf7cfe79abf,382,○<NAME> 의원: 제가 봐서는 변두리에는 안 하는 걸로 아는데 한 달에 한두 번 정도는 꼭 해 주셔야 합니다.,['두리에는 안 하는 걸'],[],[],[],[],1,0,0,0,0,0,0,
spoken_data_30.json,57b81c6b-5d8a-4f58-964a-ebf7cfe79abf,384,○<NAME> 위원: 도로 여건상 진공노면청소차량으로 시내에는 청소하고 싶어도 못 합니다.,[],[],['싶어도 못 합니다.'],[],[],0,0,0,0,0,1,0,
spoken_data_30.json,57b81c6b-5d8a-4f58-964a-ebf7cfe79abf,389,"오늘 여러 위원님이 질문하신 것 중에 먼저 <NAME>위원님께서 정화조 청소를 제때 하지 아니했을 때 독촉하는 과정, 과태료 부과사항, 징수 사항 등 그런 요지인 것 같습니다.",[],['제때 하지 아니했을 때'],[],[],[],1,0,0,0,0,0,0,
spoken_data_30.json,57b81c6b-5d8a-4f58-964a-ebf7cfe79abf,391,그렇지 않으면 하천으로 그냥 방류되니까 전 시가지가 좋지 못한 냄새 때문에 안될 것이다.,[],['그렇지 않으면 하'],[],['지가 좋지 못한 냄새'],[],1,0,0,0,1,0,0,
spoken_data_30.json,57b81c6b-5d8a-4f58-964a-ebf7cfe79abf,394,앞으로 공중변소만이라도 악취가 나지 않도록 철저한 관리가 되어야 되지 않겠나,[],['취가 나지 않도록 철'],[],[],[],0,1,0,0,0,0,0,
spoken_data_30.json,57b81c6b-5d8a-4f58-964a-ebf7cfe79abf,395,"그다음 <NAME> 위원께서 말씀하셨는데 지금 문제가 되고 정화조 청소 요금 관계의 민원이 많다고 하셨는데 거기에 대한 접수부와 민원 내용, 민원 인적 사항 조치 결과 등 서면으로 자료 요구하셨는데 원칙적으로 정화조 민원은 접수대장이 있어서 처리하고 난 다음 본인에게 통보하고 그렇게 해야 하는데 사실상 정화조 민원이 여러 가지 오니까 정화조 민원 처리대장이 어느 정도 되어있는지 확실히 답변 못 드리겠습니다마는 그렇게 된다면 일반 민원서류를 서면으로 시민과에 접수된 처리대장에 의해서 답변하는 방법밖에 없지 않으냐 하는 것을 양해 구합니다.",[],[],['히 답변 못 드리겠습'],[],[],0,0,0,0,0,1,0,
spoken_data_30.json,57b81c6b-5d8a-4f58-964a-ebf7cfe79abf,424,"이런 실정으로 봐서는 충족되지는 못합니다마는 청소업무에 종사하는 직원들이 최선을 다하고 있다는 것을 말씀드리고 싶고 앞으로도 위원 여러분들이 지적하신 것, 건의하신 것은 반드시 시행되도록 최선을 다하겠습니다.",[],[],[],['충족되지는 못합니다마'],[],0,0,0,0,0,1,0,
spoken_data_30.json,57b81c6b-5d8a-4f58-964a-ebf7cfe79abf,438,"쓰레기 발생 업체를 위해서 대중음식점을 통한 좋은 식단제 추진과 업소, 상가, 시장 등을 통한 경영합리화 운동, 과대포장 안 하기, 1회 용품 사용 억제 시책 등을 적극적으로 전개하는 한편 가정 음식문화 개선 등을 통해서 금년 들어 현재까지 총 2,760t을 감량했습니다.","['과대포장 안 하기,']",[],[],[],[],0,0,1,0,0,0,0,
spoken_data_30.json,57b81c6b-5d8a-4f58-964a-ebf7cfe79abf,442,이 자리를 빌려 애로사항을 말씀드린다면 서두에서 말씀드린 바와 마찬가지로 시 중심과 원거리에 위치한 관계로 정화조 수거가 적기에 되지 않아 주민들이 생활에 불편을 호소하는 사례가 다소 있으며 또한 위생 하수관거와 하수종말 처리 시설이 되어있지 않아 오염이 날로 심각해져서 급기야는 일산해수욕장마저 93년까지 잠정 폐쇄되는 상황에까지 이르게 되었습니다.,[],"['기에 되지 않아 주민', '되어있지 않아 오염']",[],[],[],0,0,0,0,2,0,0,
spoken_data_30.json,57b81c6b-5d8a-4f58-964a-ebf7cfe79abf,473,"○<NAME> 위원: 그러면 우리가 시에서 발취한 내용을 봐서는 1일 1만 t 생활폐수가 내려온다는 얘기가 있는데 1,500t 처리할 수 있는 능력이라도 계속 가동 안 시키고 왜 하필이면 7월 1일부터 8월 31일까지만 가동한 것인지 9,500만 원이라는 돈을 투자해서 2개월만 가동하려고 했습니까?",['속 가동 안 시키고'],[],[],[],[],1,0,0,0,0,0,0,주절? 관형절?
spoken_data_30.json,57b81c6b-5d8a-4f58-964a-ebf7cfe79abf,474,○동구 환경위생과장 <NAME>: 해수욕장 오수처리 관리는 환경위생과에서 관장하지 않고 기획실 체육 청소년계에서 관리합니다.,[],['관장하지 않고 기획'],[],[],[],0,0,0,0,0,1,0,
spoken_data_30.json,57b81c6b-5d8a-4f58-964a-ebf7cfe79abf,480,우선 피해를 입고 있는 어민들을 생각하셔 가지고라도 2개월간만 가동한다는 것은 이야기가 안 맞는 것 같습니다.,['이야기가 안 맞는 것'],[],[],[],[],1,0,0,0,0,0,0,
spoken_data_30.json,57b81c6b-5d8a-4f58-964a-ebf7cfe79abf,484,"○동구 환경위생과장 <NAME>: 주로 쓰레기를 제때 치워주지 않는다, 불친절하다, 김수웅위원님이 지적하신 정차시간이 짧다, 빠르다, 늦다, 이러한 사항인데 이것은 24시간 내지 72시간 만에 즉시즉시 해결한 민원사항입니다.",[],"['치워주지 않는다,']",[],[],[],1,0,0,0,0,0,0,
spoken_data_30.json,57b81c6b-5d8a-4f58-964a-ebf7cfe79abf,492,○동구 환경위생과장 <NAME>: 아직 확인을 못 했습니다.,[],[],[],['확인을 못했습니다'],[],0,0,0,0,0,1,0,
spoken_data_30.json,57b81c6b-5d8a-4f58-964a-ebf7cfe79abf,509,○동구 환경위생과장 <NAME>: 예산 사정상 충분한 확보를 하지 못하고 여러 가지 고충이 있습니다.,[],[],[],['보를 하지 못하고 여'],[],0,0,0,0,0,1,0,
spoken_data_30.json,57b81c6b-5d8a-4f58-964a-ebf7cfe79abf,516,"○<NAME> 위원: 두 가지 질의에 대답이 빠졌는데 대형 쓰레기를 치워 보려고 노력했는지 하고 그리고 서면자료 제출하실 때 민원처리사항 12명의 것만 하지 말고 화정동 농협 분소 뒤에 2년 동안 방치되었던 쓰레기, 거기에 대해서도 반장들이라든가 주민들의 의견을 수렵해서 처리한 사항도 서면보고해 주십시오.",[],[],[],[],['것만 하지 말고 화정'],0,0,0,0,0,1,0,
spoken_data_30.json,57b81c6b-5d8a-4f58-964a-ebf7cfe79abf,528,방금 답변에서 각 동에 전부 배부하셨다는데 구청에서는 공중변소 관리하지 않고 동에서만 처리하고 있는지?,[],['관리하지 않고 동에'],[],[],[],0,0,0,0,0,1,0,
spoken_data_30.json,57b81c6b-5d8a-4f58-964a-ebf7cfe79abf,541,○<NAME> 위원: 13페이지 정화조 청소요금을 지불한 지급액에 대한 답변 안 나왔습니다.,['한 답변 안 나왔습니'],[],[],[],[],0,0,0,0,0,1,0,
spoken_data_30.json,57b81c6b-5d8a-4f58-964a-ebf7cfe79abf,542,○동구 환경위생과장 <NAME>: 청구가 안 된 금액이 그렇게 차이가 납니다.,['청구가 안 된 금액'],[],[],[],[],1,0,0,0,0,0,0,
spoken_data_30.json,57b81c6b-5d8a-4f58-964a-ebf7cfe79abf,556,○<NAME> 위원: 지불하고 있는데 계약 당시에 어떠한 방법으로 계약을 예를 들어 정화조 업체에서 아파트에 견적을 넣어서 쌍방 합의되어 청구 안 합니까?,['어 청구 안 합니까?'],[],[],[],[],0,0,0,0,0,1,0,
spoken_data_30.json,57b81c6b-5d8a-4f58-964a-ebf7cfe79abf,565,○동구 환경위생과장 <NAME>: 재래식은 그렇게 하지 않고 있습니다.,[],['렇게 하지 않고 있습'],[],[],[],0,0,0,0,0,1,0,
spoken_data_30.json,57b81c6b-5d8a-4f58-964a-ebf7cfe79abf,574,○위원장 <NAME>: 그 자료 다음 시간까지 제출해 주시고 과장님 말씀이 안 맞는 게 동구청 관할에 대한 용량은 정화업체에 컴퓨터 디스켓으로 되어 있다는 얘기하셨죠?,['말씀이 안 맞는 게'],[],[],[],[],1,0,0,0,0,0,0,
spoken_data_30.json,57b81c6b-5d8a-4f58-964a-ebf7cfe79abf,583,○동구 환경위생과장 <NAME>: 지금 현재 그것이 그렇게 되지 않고 전부 전산 입력에 의해서 날인을 찍는 것이 아니고 통보 옵니다.,[],['렇게 되지 않고 전부'],[],[],[],0,0,0,0,0,1,0,
spoken_data_30.json,57b81c6b-5d8a-4f58-964a-ebf7cfe79abf,585,"○동구 환경위생과장 <NAME>: 예, 수거하지 않았을 때
○위원장 <NAME>: 그 전산입력을 동구청에서 가지고 계십니까?",[],['수거하지 않았을 때'],[],[],[],1,0,0,0,0,0,0,
spoken_data_30.json,57b81c6b-5d8a-4f58-964a-ebf7cfe79abf,601,"○동구 환경위생과장 <NAME>: 간선, 이면, 소방도로에 대해서 환경미화원 인원이 지금 현재 이면 도로까지 전부다 배치가 안 되기 때문에 그것은 그때그때 청소 사항이 발생될 때마다 기동반을 투입해서 그렇게 청소를 하고 있습니다.",['배치가 안 되기 때'],[],[],[],[],1,0,0,0,0,0,0,때문에 -> 부사절?
spoken_data_30.json,57b81c6b-5d8a-4f58-964a-ebf7cfe79abf,602,"그리고 진공노면 청소차량은 동구지역에 도로 여건상 중구, 남구에 비해서 맞지 않기 때문에 진공노면 청소차량은 구일할 계획이 없습니다.
과직원 충원 부족 문제는 지금 현재 미화원 중에서 사무실에 적응할 수 있는 사람을 한 사람 보충해서 활용하고 있습니다.",[],['해서 맞지 않기 때문'],[],[],[],0,1,0,0,0,0,0,
spoken_data_30.json,57b81c6b-5d8a-4f58-964a-ebf7cfe79abf,615,"○<NAME> 위원: 청소장비가 상당히 부족한데 보충하지 않은 이유와 필요성이 없는 것인지…
○동구 환경위생과장 <NAME>: 청소장비는 93년도 당초예산에 분리수거를 위한 전용차량 2대하고, 노후된 차량해서 총 청소차량 7대를 확보할 계획입니다.",[],['보충하지 않은 이유'],[],[],[],1,0,0,0,0,0,0,
spoken_data_30.json,57b81c6b-5d8a-4f58-964a-ebf7cfe79abf,622,"○동구 환경위생과장 <NAME>: 순수하게 분리수거를 위해서 위원회를 주로 새마을부녀회를 중심해서 구성되어 있고 원칙은 정해져있지 않고 어떤 아파트는 통, 반장이 중심이 되어서 구성되어 있는 위원회가 있고 그런 것과 관계없이 별도로 자체회를 결성해서 만든 그런 위원회가 118개 위원회가 되겠습니다.",[],['정해져있지 않고 어떤'],[],[],[],0,0,0,0,0,1,0,
spoken_data_30.json,57b81c6b-5d8a-4f58-964a-ebf7cfe79abf,624,"하수종말처리장 시설물이 있는데 연중 가동 못한 사유, 만약 예산이 없어서 사용하지 못했다면 예산을 계상하지 않은 이유를 서면으로 주시고 11페이지 청소차량 정차하는 곳이 970개소인데 한 군데 5분씩 정차하면 1일 4회 계산해 봐도 차 14대 가지고 순회가 안되는데 앞뒤가 안 맞는 계수를 내놓고 있습니다.",['앞뒤가 안 맞는 계'],['계상하지 않은 이유'],[],['사용하지 못했다면'],[],2,0,0,0,1,0,0,
spoken_data_30.json,57b81c6b-5d8a-4f58-964a-ebf7cfe79abf,625,"이 서류상 위치가 안 맞는데 대한 근거를 제시해 주시고 청소미화원 12명이 결원이 되어있는데 이 건에 대해서는 구청장님께서 말씀해 주시고, 분뇨 정화조 설치신고대장을 91년도부터 이달까지의 서면자료 요구하고, 업체에서 집행기관에 매월 독촉장 발급한 대장을 91년도부터 92년도 9월까지 오늘 저희들이 가기 전까지 복사 부탁드립니다.",['위치가 안 맞는데'],[],[],[],[],0,0,0,0,0,1,0,
spoken_data_30.json,dd356d47-8e23-4c53-99fb-33f5d95cf028,676,○농촌지도소장 <NAME>: 현재 기구와 크게 변화가 일어나지 않겠습니다만 인력 보강은 있을 것으로 예상됩니다.,[],['일어나지 않겠습니다'],[],[],[],0,0,0,0,0,1,0,
spoken_data_30.json,dd356d47-8e23-4c53-99fb-33f5d95cf028,699,○<NAME> 위원: 농촌에서 농기계 고장 나면 농촌지도소나 농협에서 안 고칩니다.,['농협에서 안 고칩니다'],[],[],[],[],0,0,0,0,0,1,0,
spoken_data_30.json,dd356d47-8e23-4c53-99fb-33f5d95cf028,701,"제일 애로사항은 고장 난 부분에 부속도 농협에서는 구비도 안 해놓고, 기계 세워놓고 부속 사러 가고 하는 일이 허다한데 이 조례(안)을 만들어 놓으면 농촌지도소에서 예산을 받아서 이런 사항은 책임을 져야 되는 문제가 있거든요.","['구비도 안 해놓고,']",[],[],[],[],0,0,0,0,0,1,0,
spoken_data_30.json,dd356d47-8e23-4c53-99fb-33f5d95cf028,709,○농촌지도소장 <NAME>: 대수는 기억을 못 하겠습니다.,[],[],['기억을 못 하겠습니'],[],[],0,0,0,0,0,1,0,
spoken_data_30.json,dd356d47-8e23-4c53-99fb-33f5d95cf028,716,○농촌지도소장 <NAME>: 그렇지 않습니다.,[],[': 그렇지 않습니다.'],[],[],[],0,0,0,0,0,1,0,
spoken_data_30.json,dd356d47-8e23-4c53-99fb-33f5d95cf028,723,○농촌지도소장 모호규: 이미 시설이 된 것도 있고 갖춰지지 않은 것은 보완을 해야 됩니다.,[],['갖춰지지 않은 것은'],[],[],[],1,0,0,0,0,0,0,
spoken_data_30.json,dd356d47-8e23-4c53-99fb-33f5d95cf028,726,○<NAME> 위원: 농기계수리센터를 하려면 대규모로 해서 하루 20대 정도 수리를 할 수 있도록 하시든지 그렇지 않으면 그만두십시오.,[],['지 그렇지 않으면 그'],[],[],[],0,1,0,0,0,0,0,부사절? 종속절?
spoken_data_30.json,dd356d47-8e23-4c53-99fb-33f5d95cf028,734,"그래서 정상적인 교육 이수를 안 했더라도 내용적으로 보면 다 알고 있는 분을 수의사로 위촉해서 각종 진단 기계가 있으니까, 진단부터 먼저 하고 치료는 수의사한테 가서 받아라, 우리가 무조건 치료까지 다해 버리면 문제가 있으니까.........",['이수를 안 했더라도'],[],[],[],[],0,0,0,0,0,1,0,
spoken_data_30.json,dd356d47-8e23-4c53-99fb-33f5d95cf028,741,○<NAME> 위원: 돈 안 주는데 그 사람들 어떻게 위촉합니까?,['원: 돈 안 주는데'],[],[],[],[],0,1,0,0,0,0,0,
spoken_data_30.json,dd356d47-8e23-4c53-99fb-33f5d95cf028,748,○<NAME> 위원: 지금은 학생들 참석도 안 합니다.,['참석도 안 합니다.'],[],[],[],[],0,0,0,0,0,1,0,
spoken_data_30.json,2a15bff0-1265-4bbc-a876-47e36418ae86,814,"이런 방침의 부수적인 설명으로는 ""현행 지방의회의 회의규칙 관련 규정에서 새로이 의장단이 선출될 때까지는 종전의 의장단은 임기를 초과하여 잠정적으로 의장단의 신분을 유지할 수 있도록 하고 있는 점 등을 종합적으로 감안하여""라고 되어있는 것을 볼 때 우리 울산시 의회는 앞으로 얼마 남지 않은 기간 동안 원활한 의회 운영과 의회 위상 정립을 위하여 현 의장단의 임기를 95년 6월 30일까지 연장할 것은 제안합니다.",[],['얼마 남지 않은 기간'],[],[],[],1,0,0,0,0,0,0,
spoken_data_30.json,2a15bff0-1265-4bbc-a876-47e36418ae86,825,지금 현재 본의원도 의장단 선거하는 것을 바라지는 않습니다만 법리상에 문제점이 있으면 분명히 짚고 넘어가야 될 부분은 짚고 넘어가야 되지 않겠나 해서 본의원이 나온 것입니다.,[],['을 바라지는 않습니다만'],[],[],[],0,0,0,0,0,1,0,
spoken_data_30.json,2a15bff0-1265-4bbc-a876-47e36418ae86,835,"그러면 지금 어물쩍 넘어가 그대로 임기가 되는 것이냐, 선거를 안 하고 연임하면 그대로 할 것이냐의 분명한 결정이 의회 운영위원회에서 안 내렸습니다.","['선거를 안 하고 연', '원회에서 안 내렸습니']",[],[],[],[],0,0,0,0,1,1,0,
spoken_data_30.json,2a15bff0-1265-4bbc-a876-47e36418ae86,839,이것을 짚고 넘어가지 않고 그냥 단순하게 선거로 인해 지역의 갈등이 생기는 것과 마찬가지로 의원들의 갈등을 또 유발하는 바람직하지 못한 이러한 일은 없어야 되겠다는 소신을 갖고 있는 사람입니다.,[],['넘어가지 않고 그냥'],[],['바람직하지 못한 이러'],[],1,0,0,0,0,1,0,
spoken_data_30.json,2a15bff0-1265-4bbc-a876-47e36418ae86,852,충분한 답변은 못 드렸습니다만 의총에서 검토되었고 의논된 사항이기 때문에 이동석 의원께서 양해해 주신다면 대단히 감사하겠습니다.,[],[],['답변은 못 드렸습니'],[],[],0,0,0,0,0,1,0,
spoken_data_30.json,2a15bff0-1265-4bbc-a876-47e36418ae86,855,더 이상 질의하실 의원이 안 계시므로 질의를 종결하겠습니다.,['의원이 안 계시므로'],[],[],[],[],0,0,0,0,1,0,0,
spoken_data_30.json,2a15bff0-1265-4bbc-a876-47e36418ae86,875,말 못 하는 짐승도 죽을 때면 고향 쪽으로 머리를 두고 죽게 됩니다.,[],[],['말 못 하는 짐'],[],[],1,0,0,0,0,0,0,
spoken_data_30.json,2a15bff0-1265-4bbc-a876-47e36418ae86,878,이러한 토론을 하기까지는 본의원 개인의 신상이나 앞으로 동이 합해졌을 경우에 동네를 잃음으로 해서 시의원이 되지 못한다는 개인의 신상을 가지고 토론하고자 결코 나오지 않았습니다.,[],['코 나오지 않았습니다'],[],['원이 되지 못한다는'],[],1,0,0,0,0,1,0,
spoken_data_30.json,2a15bff0-1265-4bbc-a876-47e36418ae86,881,그러한 이주민의 서러움조차도 한치만큼도 이해를 하지 못하고 일방적인 행정부의 행정폭력에 대해서 본의원은 신랄하게 비판하고자 합니다.,[],[],[],['해를 하지 못하고 일'],[],1,0,0,0,0,0,0,
spoken_data_30.json,2a15bff0-1265-4bbc-a876-47e36418ae86,884,그러한 반대 의견조차도 수렴을 해야 함에도 불구하고 울산시에서는 전혀 5개동 이주민들의 여론을 수렴하지 않았습니다.,[],['수렴하지 않았습니다'],[],[],[],0,0,0,0,0,1,0,
spoken_data_30.json,2a15bff0-1265-4bbc-a876-47e36418ae86,887,집행부에서 이러한 엄청난 일을 해당 시의원들에게 전혀 통보하지도 아니하고 전혀 의견을 수렴하지도 아니했다는 점입니다.,[],"['통보하지도 아니하고 전', '수렴하지도 아니했다는']",[],[],[],2,0,0,0,0,0,0,
spoken_data_30.json,2a15bff0-1265-4bbc-a876-47e36418ae86,889,"왜 이러한 엄청난 일에 대해서 해당 시의원들을 그 자리에 정식으로 참석을 시키지 않았는지, 그러한 문제도 지금 이 시점에서 의심하지 않을 수 없습니다",[],['을 시키지 않았는지'],[],[],[],1,0,0,0,0,0,0,
spoken_data_30.json,2a15bff0-1265-4bbc-a876-47e36418ae86,901,철거만 종용을 하고 세입자들의 임대 아파트는 알선되지 않은 상태에서 어떻게 그렇게 강제적으로 가옥을 철거하도록 행정에서 압력을 넣느냐 이 말입니다.,[],['알선되지 않은 상태'],[],[],[],1,0,0,0,0,0,0,
spoken_data_30.json,2a15bff0-1265-4bbc-a876-47e36418ae86,913,전혀 이러한 사안대로 철거가 되지 않았습니다.,[],['거가 되지 않았습니다'],[],[],[],0,0,0,0,0,1,0,
spoken_data_30.json,2a15bff0-1265-4bbc-a876-47e36418ae86,914,용연동의 예를 보면 49%라고 되어있습니다만 본의원이 거기 거주하면서 20%도 채 안 되었습니다.,['%도 채 안 되었습니'],[],[],[],[],0,0,0,0,0,1,0,
spoken_data_30.json,2a15bff0-1265-4bbc-a876-47e36418ae86,916,보상금이 완료되었다고 하지만 어민들과 거기에 있는 주민들의 얘기는 50%밖에 되지 않았습니다.,[],['밖에 되지 않았습니다'],[],[],[],0,0,0,0,0,1,0,
spoken_data_30.json,2a15bff0-1265-4bbc-a876-47e36418ae86,917,"거기는 바다를 끼고 있기 때문에 본의원은 이 문제 때문에 영정도 비행장 매립장, 옹진군, 그리고 인천, 전라도 광양 많은 곳에 자료조사한 바에 의하면 바다에서 조상 대대로 관행 어업을 행하여 오는 어민들에게는 관행 어업보상을 해주라는 대법원의 판례가 명시되어 있음에도 불구하고 용연, 황성 어민들은 전혀 관행 어업보상에 대해서 단돈 1원도 못 받고 있습니다.",[],[],['1원도 못 받고 있'],[],[],0,0,0,0,0,1,0,
spoken_data_30.json,2a15bff0-1265-4bbc-a876-47e36418ae86,920,그리고 어민들이 어업권의 허가를 가지고 어업을 영위하면서 지금 완전한 폐업보상을 받아야 함에도 불구하고 폐업보상을 받지 못하고 3년 치의 휴업보상밖에 못 받고 있습니다.,[],[],['보상밖에 못 받고 있'],['상을 받지 못하고 3'],[],0,0,0,0,0,2,0,
spoken_data_30.json,2a15bff0-1265-4bbc-a876-47e36418ae86,923,그래서 우리 어민들은 아직까지 폐업보상을 받지 않고 있기 때문에 폐업보상을 받을 그날까지 동네를 떠나지 않고 있습니다.,[],"['상을 받지 않고 있기', '를 떠나지 않고 있습']",[],[],[],0,0,1,0,0,1,0,
spoken_data_30.json,2a15bff0-1265-4bbc-a876-47e36418ae86,925,공고일 이후에 지은 건축주들에 대한 조치가 울산시에서도 뚜렷한 대책이 마련되어 있지 않습니다.,[],['되어 있지 않습니다.'],[],[],[],0,0,0,0,0,1,0,
spoken_data_30.json,2a15bff0-1265-4bbc-a876-47e36418ae86,929,"85년 10월 15일 이후의 세입자들은 과연 어떠한 대책이 세워져 있느냐, 전혀 세입자에 대한 대책이 마련되어 있지 않습니다.",[],['되어 있지 않습니다.'],[],[],[],0,0,0,0,0,1,0,
spoken_data_30.json,2a15bff0-1265-4bbc-a876-47e36418ae86,937,그리고 여러 의원님들이 보상 문제에 대해서 너무나 행정부에서 여러 의원님들에게 홍보를 안 하셨기 때문에 이러한 사안에 대해서는 모르는 분이 정말 많으실 것입니다.,['홍보를 안 하셨기'],[],[],[],[],0,0,1,0,0,0,0,
spoken_data_30.json,2a15bff0-1265-4bbc-a876-47e36418ae86,940,영업 폐업 보상 문제도 전혀 지역주민들과 행정부 간에 조율이 안 되어있습니다.,['조율이 안 되어있습'],[],[],[],[],0,0,0,0,0,1,0,
spoken_data_30.json,2a15bff0-1265-4bbc-a876-47e36418ae86,942,이러한 심사하는 과정에서도 소지 가를 받아야 될 사람이<NAME>가를 받아가지고 지금 용연동 같은 경우에는 반 이상이<NAME>가를 못 받겠다고 불응하고 있는 상태입니다.,[],[],['E>가를 못 받겠다고'],[],[],0,0,0,1,0,0,0,
spoken_data_30.json,2a15bff0-1265-4bbc-a876-47e36418ae86,946,아무리 못 벌어도 해녀들이 월 100만 원씩은 법니다.,[],[],['아무리 못 벌어도'],[],[],0,0,0,0,0,1,0,
spoken_data_30.json,2a15bff0-1265-4bbc-a876-47e36418ae86,948,"그런데 다른 옹진군이나 그쪽에는 나잠어업을 하는 해녀들의 보상이 3년간 폐업보상으로 해서 3,000만 원을 받았는데 용연동 해녀들의 보상은 720만 원밖에 받지 못했습니다.",[],[],[],['밖에 받지 못했습니다'],[],0,0,0,0,0,1,0,
spoken_data_30.json,2a15bff0-1265-4bbc-a876-47e36418ae86,955,그럼에도 불구하고 울산시에서는 보상금을 1원도 책정해 놓고 있지 않은 실정입니다.,[],['놓고 있지 않은 실정'],[],[],[],1,0,0,0,0,0,0,
spoken_data_30.json,2a15bff0-1265-4bbc-a876-47e36418ae86,958,그런데 울산시에서는 보상금을 책정해 놓지 않았습니다.,[],['정해 놓지 않았습니다'],[],[],[],0,0,0,0,0,1,0,
spoken_data_30.json,2a15bff0-1265-4bbc-a876-47e36418ae86,977,그 첫째 이유는 시기적으로 맞지 않다.,[],['으로 맞지 않다.'],[],[],[],0,0,0,0,0,1,0,
spoken_data_30.json,2a15bff0-1265-4bbc-a876-47e36418ae86,980,두 번째는 조금 전에 <NAME> 의원의 상세한 설명이 있었습니다마는 주민의 의견이 수렴이 되어있지 않다.,[],['되어있지 않다.'],[],[],[],0,0,0,0,0,1,0,
spoken_data_30.json,2a15bff0-1265-4bbc-a876-47e36418ae86,981,여러 자식이 있어도 어느 손가락 물어서 아프지 않은 손가락이 없습니다.,[],['서 아프지 않은 손가'],[],[],[],1,0,0,0,0,0,0,
spoken_data_30.json,2a15bff0-1265-4bbc-a876-47e36418ae86,982,"환경오염 지구에 있는 수천 명의 우리 시민들은 울산시에서 어떻게 버림받는 시민이 되어야 하느냐, 주민의 의견수렴이 되어있지 않았다.",[],['되어있지 않았다.'],[],[],[],0,0,0,0,0,1,0,
spoken_data_30.json,2a15bff0-1265-4bbc-a876-47e36418ae86,985,또한 보상 문제도 해안 어업권을 비롯한 모든 보상 문제가 원만하게 이루어지지 않은 그런 상태에 있습니다.,[],['이루어지지 않은 그런'],[],[],[],1,0,0,0,0,0,0,
spoken_data_30.json,2a15bff0-1265-4bbc-a876-47e36418ae86,992,그다음에 <NAME> 의원이 조금 전에 설명을 드렸습니다마는 환경오염 지구 세입자에 대한 어떤 대책 마련이 울산시로부터 되어있지 않습니다.,[],['되어있지 않습니다.'],[],[],[],0,0,0,0,0,1,0,
spoken_data_30.json,2a15bff0-1265-4bbc-a876-47e36418ae86,993,집을 가진 사람은 울산시민이고 집을 가지고 있지 않은 사람은 울산시민이 아닙니까?,[],['지고 있지 않은 사람'],[],[],[],1,0,0,0,0,0,0,
spoken_data_30.json,2a15bff0-1265-4bbc-a876-47e36418ae86,995,그런데 집 가진 사람은 권리가 두 가지이고 집을 가지고 있지 않은 세입자는 권리가 반개뿐입니까?,[],['지고 있지 않은 세입'],[],[],[],1,0,0,0,0,0,0,
spoken_data_30.json,2a15bff0-1265-4bbc-a876-47e36418ae86,997,본의원이 길게 이야기드리지 않겠습니다마는 내무위원회에서 이덕호 위원장 및 내무위원 여러분 모두가 심도 있게 이 안을 다뤘겠습니다마는 동료 의원님들께서 다시 한번 부결시켜 주실 것을 간곡히 부탁드리면서 반대토른을 마치겠습니다,[],['야기드리지 않겠습니다'],[],[],[],0,0,0,0,0,1,0,
spoken_data_24331.json,532a8019-9898-418a-80e8-211c6475f178,6,○<NAME> 위원: 보고를 간략하게 하니까 내용을 잘 못 봐서요.,[],[],['용을 잘 못 봐서요.'],[],[],0,0,0,0,0,1,0,
spoken_data_24331.json,532a8019-9898-418a-80e8-211c6475f178,10,○<NAME> 위원: 제안설명에서 금방 안 하신 것이지요?,['서 금방 안 하신 것'],[],[],[],[],1,0,0,0,0,0,0,
spoken_data_24331.json,532a8019-9898-418a-80e8-211c6475f178,11,"○행정관리국장 <NAME>: 네, 그것은 다음 건에 추가로 하려고 했는데 그것은 안 하겠습니다, 아까 말씀드린 대로.",['그것은 안 하겠습니'],[],[],[],[],0,0,0,0,0,1,0,
spoken_data_24331.json,532a8019-9898-418a-80e8-211c6475f178,16,"○행정관리국장 <NAME>: 네, 워낙 거액을 요구하기 때문에 시가와 걸맞지 않은, 저희가 매 입을 포기한 상태입니다.",[],"['와 걸맞지 않은, 저']",[],[],[],1,0,0,0,0,0,0,
spoken_data_24331.json,532a8019-9898-418a-80e8-211c6475f178,69,○<NAME> 위원: 수락 파출소 토지매입비가 9억뿐이 안 된다고요?,['9억뿐이 안 된다고요'],[],[],[],[],0,0,0,0,0,1,0,
spoken_data_24331.json,532a8019-9898-418a-80e8-211c6475f178,84,왜냐하면 경찰들은 자기 지역 아니면 안 간단 말이에요.,['아니면 안 간단 말'],[],[],[],[],0,0,0,0,0,1,0,
spoken_data_24331.json,532a8019-9898-418a-80e8-211c6475f178,87,○<NAME> 위원: 경찰들은 자기 지역 아니면 안 가요.,['아니면 안 가요.'],[],[],[],[],0,0,0,0,0,1,0,
spoken_data_24331.json,532a8019-9898-418a-80e8-211c6475f178,89,○소방방재본부 소방행정과장 <NAME>: 저희는 그렇지 않습니다.,[],['는 그렇지 않습니다.'],[],[],[],0,0,0,0,0,1,0,
spoken_data_24331.json,532a8019-9898-418a-80e8-211c6475f178,97,○소방방재본부 소방행정과장 <NAME>: 아직 매각을 안 했습니다.,['매각을 안 했습니다'],[],[],[],[],0,0,0,0,0,1,0,
spoken_data_24331.json,532a8019-9898-418a-80e8-211c6475f178,102,○<NAME> 위원: 그런 것도 준비 안 해 옵니까?,['도 준비 안 해 옵니'],[],[],[],[],0,0,0,0,0,1,0,
spoken_data_24331.json,532a8019-9898-418a-80e8-211c6475f178,108,○<NAME> 위원: 노량진 소방 파출소는 재건축을 하는데 거기는 왜 이전을 안 하고 재건축을 합니까?,['이전을 안 하고 재'],[],[],[],[],0,0,0,0,0,1,0,
spoken_data_24331.json,532a8019-9898-418a-80e8-211c6475f178,109,대부분 오래된 소방 파출소는 지역이 혼잡하고 차량 소통에도 상당히 어려운 것으로 아는데 이전 안 하고 거기에 하는 이유는 무엇입니까?,['데 이전 안 하고 거'],[],[],[],[],1,0,0,0,0,0,0,
spoken_data_24331.json,532a8019-9898-418a-80e8-211c6475f178,111,"저희들 이전하는 경우가 도화 파출소 같은 경우는 재개발 지역으로 묶여있기 때문에 그 자리에서는 신축이 어렵고, 천호 파출소 같은 경우에는 본서 청사하고 가깝기 때문에, 한 350m밖에 안 됩니다.",['0m밖에 안 됩니다.'],[],[],[],[],0,0,0,0,0,1,0,
spoken_data_24331.json,532a8019-9898-418a-80e8-211c6475f178,114,○소방방재본부 소방행정과장 <NAME>: 위원님 지적을 잘 해 주셨는데 그 자리에 재건 축하 는 것은 물론 고려가 되겠습니다만 인접에 마땅한 부지가 없었거나 노량진에 대해서 제가 특별히 말씀을 못 드리겠습니다만 그 자리가 파출소 출동지역으로 봐서 커버하기 적당한 위치라서 고려를 안한 것 같습니다.,[],[],['말씀을 못 드리겠습'],[],[],0,0,0,0,0,1,0,
spoken_data_24331.json,532a8019-9898-418a-80e8-211c6475f178,144,"○<NAME> 위원: 그러면 지금 현재 학식 있는 자, 또 법관 출신, 서울시 공직자윤리위원회가 그렇게 업무가 다양하지는, 고급 공무원들만 하는 것이기 때문에 다양하지 아니함에도 불구하고 이것까지 바꿔야 된다고 하는 생각을 언제부터 가졌어요?",[],['다양하지 아니함에도'],[],[],[],0,0,1,0,0,0,0,
spoken_data_24331.json,532a8019-9898-418a-80e8-211c6475f178,150,"그러니까 협의 과정에서 이런 사람이 부적격하다, 또 해서는 안 된다 하면 안 할 수도 있습니다.","['해서는 안 된다 하', '다 하면 안 할 수도']",[],[],[],[],1,0,0,1,0,0,0,
spoken_data_24331.json,532a8019-9898-418a-80e8-211c6475f178,151,그러 니까 위원님들 너무 걱정 안 하셔도 될 것으로 생각합니다.,['무 걱정 안 하셔도'],[],[],[],[],0,1,0,0,0,0,0,
spoken_data_24331.json,532a8019-9898-418a-80e8-211c6475f178,156,감사관은 이렇게 부적절한 인사 위촉을 과다하 게 하지 않도록 주문을 해 줄 것을 부탁드리면서 질문을 마치겠습니다.,[],['게 하지 않도록 주'],[],[],[],0,1,0,0,0,0,0,
spoken_data_24331.json,532a8019-9898-418a-80e8-211c6475f178,207,○감사관 전장하: 그렇게는 보지 않습니다.,[],['게는 보지 않습니다.'],[],[],[],0,0,0,0,0,1,0,
spoken_data_24331.json,532a8019-9898-418a-80e8-211c6475f178,210,○감사관 전장하: 그렇지는 않다고 봅니다.,[],[': 그렇지는 않다고 봅'],[],[],[],0,0,0,1,0,0,0,
spoken_data_24331.json,532a8019-9898-418a-80e8-211c6475f178,228,"○위원장 <NAME>: 그러니까 시민단체에서 추천한 자도 포함하도록, 그러니까 승인권자가 안 할 수도 있고 할 수도 있는 것 아닙니까?",['인권자가 안 할 수도'],[],[],[],[],1,0,0,0,0,0,0,
spoken_data_24331.json,532a8019-9898-418a-80e8-211c6475f178,230,할 수도 있고 안 할 수도 있습니다.,['도 있고 안 할 수도'],[],[],[],[],1,0,0,0,0,0,0,
spoken_data_24331.json,532a8019-9898-418a-80e8-211c6475f178,236,○위원장 <NAME>: 할 수도 있고 안 할 수도 있는데 가능한 포함하라 이것이지요.,['도 있고 안 할 수도'],[],[],[],[],1,0,0,0,0,0,0,
spoken_data_24331.json,532a8019-9898-418a-80e8-211c6475f178,240,"○<NAME> 위원: 그래서 이 부분은 조례라는 것은 한번 만들어놓으면 그 효력에 의해서 지 속적으로 되는 것인데, 더욱이 윤리를 다루는 부분이기 때문에 중요시하지 않을 수 없습니다.",[],['중요시하지 않을 수'],[],[],[],1,0,0,0,0,0,0,
spoken_data_24331.json,532a8019-9898-418a-80e8-211c6475f178,241,"제가 얘기한 부분을 조금 한 번 더 심사숙고하게 생각해 볼 필요성이 있다고 말씀을 다 시 한 번 강조하고, 물론 시민단체가 시민을 위해서 또 국가와 나라를 위해서 그 목소리를 반영하고 있습니다만 자칫 요즘에 보면 우리도 시의회 앞에서 시위하는 것을 많이 봅니다만 자칫 어떤 집단이기나 명분론에 빠질 위험성도 없지 않아 있다, 우리가 눈으로 보기 때문에 이것을 염려하지 않을 수 없으면서 이 부분에 대해서 다시 한번 검토를 했으면 하는 것이 본위원의 생각입니다.",[],['염려하지 않을 수'],[],[],[],1,0,0,0,0,0,0,
spoken_data_24331.json,532a8019-9898-418a-80e8-211c6475f178,259,○감사관 전장하: 그래서 지금 공직자윤리위원회 구성을 보면 위원님들이 그렇게 걱정 안 하실 만한 충분한 자격을 갖춘 분들로 구성되어 있다는 것을 참고로 말씀드립니다.,['게 걱정 안 하실 만'],[],[],[],[],1,0,0,0,0,0,0,
spoken_data_24331.json,532a8019-9898-418a-80e8-211c6475f178,308,○소방방재본부장 <NAME>: 지금까지는 연령은 제한을 두지 않았습니다.,[],['한을 두지 않았습니다'],[],[],[],0,0,0,0,0,1,0,
spoken_data_24331.json,532a8019-9898-418a-80e8-211c6475f178,315,○소방방재본부장 <NAME>: 지금까지는 연령에 제한을 두지 않았기 때문에…….,[],['한을 두지 않았기 때'],[],[],[],1,0,0,0,0,0,0,문장 완성 안됨
spoken_data_24331.json,532a8019-9898-418a-80e8-211c6475f178,316,"○<NAME> 위원: 제한을 두지 않았는데 이것이 법이 바뀌게 되면, 이것이 벌써 행정자치부에서 준칙이 바뀌다 보니까 우리도 바꿔야 되는데 그렇게 되면 9월에 재임용을 다 시킬 사람은 다 시켰단 말이에요.",[],['한을 두지 않았는데'],[],[],[],0,0,0,0,0,1,0,
spoken_data_24331.json,532a8019-9898-418a-80e8-211c6475f178,327,○<NAME> 위원: 지금 의용소방대장이 재임용이 안 된 소방서도 있죠?,['재임용이 안 된 소방'],[],[],[],[],1,0,0,0,0,0,0,
spoken_data_24331.json,532a8019-9898-418a-80e8-211c6475f178,335,○소방방재본부장 <NAME>: 근간에 와서는 그렇게 많지 않습니다.,[],['렇게 많지 않습니다.'],[],[],[],0,0,0,0,0,1,0,
spoken_data_24331.json,532a8019-9898-418a-80e8-211c6475f178,340,○소방방재본부장 <NAME>: 이들의 인원이 100여 명밖에 안 되기 때문에 60세로 해도 인력 충당은 충분합니다.,['명밖에 안 되기 때'],[],[],[],[],0,0,1,0,0,0,0,
spoken_data_24331.json,532a8019-9898-418a-80e8-211c6475f178,353,"○소방방재본부장 <NAME>: 지방 같은 데는 연령이 70 넘고 이렇게 해서 연령 제한을 안 두 다 보니까 왕성한 활동력이 없고, 지역사회에 헌신하는 너무 고착된 그런 사람으로 구성되 다 보니까…….",['제한을 안 두 다'],[],[],[],[],0,1,0,0,0,0,0,
spoken_data_24331.json,532a8019-9898-418a-80e8-211c6475f178,361,"단지, 행자부에서 의용소방대 활성화 문제, 서울에는 그런 문제가 그렇게 많이 문제가 안 되는데 지방 같은 데는 아주 30년, 40년 동안을 몸을 담고 70세 이상 대원으로 활동하다 보니까 연령을 하한선을 두어야 되겠다는 그런 측면에서 아마 연령 제한을 둔 것 같습니다.",['문제가 안 되는데'],[],[],[],[],0,0,0,0,0,1,0,
spoken_data_24331.json,532a8019-9898-418a-80e8-211c6475f178,368,○임호식 위원: 그렇다면 그냥 3년으로 똑같이 대장이나 부대장이나 이렇게 하는 것이 보 기에도 문제가 없게 보이는데 굳이 그렇게 한 이유가 있다면 몰라도 그렇지 않다면 뭐 하러 임원의 임기를 차등을 두어서 했느냐,[],['도 그렇지 않다면 뭐'],[],[],[],0,1,0,0,0,0,0,분류 애매
spoken_data_24331.json,532a8019-9898-418a-80e8-211c6475f178,381,"한곳에 몰리지 말고 지역단위로 우리가 얘기하고 있는 행정단 위 통단위, 반단 위가 있는데 적어도 반단 위 정도로 구분해서 해 주는 것이 효과가…….",[],[],[],[],['에 몰리지 말고 지역'],0,0,0,0,0,1,0,
spoken_data_24331.json,cf926084-c626-4ffe-a828-c20f96fb5bcf,415,"참 그동안에 우리 건설위원회 위원 님들이나 우리 소관부서인 기술심사담당관, 건설안전 관리 본부, 또 시설관리공단, 또 건설국, 또 월드컵 주경기장 건설단 관계 공무원 여러분께 먼저 진심으로 감사의 말씀을 드리고자 하는 것은 우리 위원들의 의정 활동에 많은 어려움이 있는 과정에서도 그토록 많이 협조를 해 주 시고, 또 위원님들의 질책이나 여러 가지 문제점에 대해서 지적한 사안에 대해서 긍정적인 방향으로 검토하고 반영해 주시고 또 이해를 해 주셔서 마무리하는 시간에 간사로서 진심으로 감사의 말씀을 드리지 않을 수 없습니다.",[],['을 드리지 않을 수'],[],[],[],1,0,0,0,0,0,0,
spoken_data_24331.json,cf926084-c626-4ffe-a828-c20f96fb5bcf,430,아직 금년에 다 쓰지는 않았습니다.,[],['다 쓰지는 않았습니다'],[],[],[],0,0,0,0,0,1,0,
spoken_data_24331.json,cf926084-c626-4ffe-a828-c20f96fb5bcf,441,"꼭 시비를 지원해서 마포구 땅으로 만들어 정말 나무 한 그루 손대지 않게 녹지가 그대로 보전될 수 있게 첫째는 해 주셔야 되겠고,
두 번째는 월드컵 구장 주변에 문화시설이 하나도 없습니다, 호수나 나무, 벤치 그런 것은 잘 돼 있습니다만.",[],['루 손대지 않게 녹지'],[],[],[],0,1,0,0,0,0,0,
spoken_data_24331.json,cf926084-c626-4ffe-a828-c20f96fb5bcf,446,그다음 네 번째는 지금 지하철 연계망이 잘 되어 있는데 강서와 마포가 연결이 안 되어 있습니다.,['연결이 안 되어 있'],[],[],[],[],0,0,0,0,0,1,0,
spoken_data_24331.json,cf926084-c626-4ffe-a828-c20f96fb5bcf,453,본위원도 전반기 때 기획경제 위원회에서 서울시의 모든 업무의 기획이나 예산에 대한 점을 집중적으로 의정 활동을 하다가 건설위원회에 와서 정말 여러분들에게 우문을 하는 경우 도 없지 않았을 것입니다.,[],['도 없지 않았을 것'],[],[],[],1,0,0,0,0,0,0,
spoken_data_24331.json,cf926084-c626-4ffe-a828-c20f96fb5bcf,455,"본위원이 집중적으로 거론했던 서울시 신기술 도입 문제, 이 문제는 오랫동안 제도적인 틀 이 변화되지 않으면 새로운 기술인들의 발전이 없다는 본인의 취지 아래 여러분들에게 집중 적으로 추궁했던 것도 사실입니다.",[],['변화되지 않으면 새'],[],[],[],0,0,0,0,1,0,0,
spoken_data_24331.json,cf926084-c626-4ffe-a828-c20f96fb5bcf,456,"그리고 또 지금도 변화되고 있지 않지만, 이것은 제도적인 문제입니다.",[],"['되고 있지 않지만,']",[],[],[],0,0,0,0,0,1,0,
spoken_data_24331.json,cf926084-c626-4ffe-a828-c20f96fb5bcf,457,"우리 서울시민들 이 사용하고 있는 주유소의 문제, 물론 이것은 중앙정부와 관계되는 일입니다만, 이것은 꼭 관철시켜서 여러분들이 서울시에서 직접 관리해서 조금 더 집적적이고 타이트한 석유품질을 갖추어서 시민들의 재산상 손해가 나지 않는 제도적인 방법으로 가야 되겠다는 그런 의정활 동도 제가 정말 굉장히 뜻이 깊었습니다.",[],['해가 나지 않는 제도'],[],[],[],1,0,0,0,0,0,0,
spoken_data_24331.json,cf926084-c626-4ffe-a828-c20f96fb5bcf,461,이 중 위약금과 기타 잡수입 내역이 상세하지 않은데 이것이 무엇인지 구체적으로 말씀해 주시고요.,[],['상세하지 않은데 이'],[],[],[],0,0,0,0,0,1,0,
spoken_data_24331.json,cf926084-c626-4ffe-a828-c20f96fb5bcf,468,우리 건설위원님 중에서 다음 의회로 또 계속 연결되시는 분도 계시지만 또 아까 <NAME> 위원님께서 말씀하신 바와 같이 연결이 되지 않는 위원님도 계십니다.,[],['결이 되지 않는 위원'],[],[],[],1,0,0,0,0,0,0,
spoken_data_24331.json,cf926084-c626-4ffe-a828-c20f96fb5bcf,474,"그래서 그 내용이, 11억 원이 거의 대부분이 공사의 준공기한에 맞추지 못한 지체상금이라 는 것을 말씀드리겠습니다.",[],[],[],['에 맞추지 못한 지체'],[],1,0,0,0,0,0,0,
spoken_data_24331.json,cf926084-c626-4ffe-a828-c20f96fb5bcf,480,그중 분할납부된 것 중에서 1억 500만 원이 아직 납부가 안 된 상태입니다.,['납부가 안 된 상태'],[],[],[],[],1,0,0,0,0,0,0,
spoken_data_24331.json,cf926084-c626-4ffe-a828-c20f96fb5bcf,487,"질의하실 위원님이 안 계시면, 혹시 서면으로라도 질의하실 위원님 계십니까?","['위원님이 안 계시면,']",[],[],[],[],0,0,0,0,1,0,0,
spoken_data_24331.json,cf926084-c626-4ffe-a828-c20f96fb5bcf,507,"우리 시의회에서 실시한 결산검사 내용을 보면 건설안전 관리 본부에서는 2001년 12월 복 정고 가교 신축이음부의 파손에 따라 긴급 보수가 필요하게 되자 별도의 보수공사 계약을 체 결하지 않고 신천 1,2교 보수·보강공사에 위 공사를 포함하는 변경계약을 체결하여 공사를 시행하였으며,
또한 증산지하차도∼성산 1교간 도로 개설공사 구간 중 홍제천변 도로 모래내 지하차도 공사에 저촉되는 남가좌 파출소의 신축공사를 별도의 공사 계약을 체결하지 않고 증산지하차도∼ 성산 1교간 도로 개설공사 계약에 포함하여 시행한 사실이 지적된 것으로 알고 있습니다.",[],"['체 결하지 않고 신천', '체결하지 않고 증산']",[],[],[],0,0,0,0,0,2,0,
spoken_data_24331.json,cf926084-c626-4ffe-a828-c20f96fb5bcf,509,지금 의회 일정이 일주일 정도밖에 남지 않았습니다만 마지막까지 의정 활동을 포기하지 않고 진지하게 의정 활동에 임해 주신 위원님 여러분께 진심으로 감사드립니다.,[],"['밖에 남지 않았습니다', '포기하지 않고 진지']",[],[],[],0,1,0,0,0,1,0,
spoken_data_24331.json,cf926084-c626-4ffe-a828-c20f96fb5bcf,510,그리고 집행부 공무원 여러분들께서도 며칠밖에 남지 않은 의정 활동 기간임에도 불구하고 성실하게 진지한 자세로 함께 임해 주셔서 대단히 감사합니다.,[],['밖에 남지 않은 의정'],[],[],[],1,0,0,0,0,0,0,
spoken_data_24331.json,36d58892-3eea-4dc3-ae01-14c03d5a0c07,562,○<NAME> 위원: 그러면 남녀 구분 안 된 것은 남녀가 장애인만 쓰는 화장실을 얘기하는 건가요?,['녀 구분 안 된 것은'],[],[],[],[],1,0,0,0,0,0,0,
spoken_data_24331.json,36d58892-3eea-4dc3-ae01-14c03d5a0c07,585,"○<NAME> 위원: 아니, 저는 제가 맞는다는 것이 아니라 지금 초ㆍ중ㆍ고등 학교에서 장애인 등급에 따라서 분리 안 합니다.",['서 분리 안 합니다.'],[],[],[],[],0,0,0,0,0,1,0,
spoken_data_24331.json,36d58892-3eea-4dc3-ae01-14c03d5a0c07,593,환승역 외에는 바쁠 때 외에는 화장실 밀리지 않습니다.,[],['실 밀리지 않습니다.'],[],[],[],0,0,0,0,0,1,0,
spoken_data_24331.json,36d58892-3eea-4dc3-ae01-14c03d5a0c07,608,○<NAME> 위원: 이것 사장님 보고 못 받으셨어요?,[],[],['님 보고 못 받으셨어'],[],[],0,0,0,0,0,1,0,
spoken_data_24331.json,36d58892-3eea-4dc3-ae01-14c03d5a0c07,610,○<NAME> 위원: 이런 사항을 보고를 못 받으셨어요?,[],[],['보고를 못 받으셨어'],[],[],0,0,0,0,0,1,0,
spoken_data_24331.json,36d58892-3eea-4dc3-ae01-14c03d5a0c07,630,○<NAME> 위원: 이게 아직 사장님한테 보고가 안 되었어요?,['보고가 안 되었어요'],[],[],[],[],0,0,0,0,0,1,0,
spoken_data_24331.json,36d58892-3eea-4dc3-ae01-14c03d5a0c07,632,○서울메트로 사장 <NAME>: 제가 전체 사항보다 주요 아이템별로 구체적인 조치계획을 보고를 받고 있어서 전체적인 건수에 대해서는 기억을 못 하고 있었습니다.,[],[],['기억을 못 하고 있'],[],[],0,0,0,0,0,1,0,
spoken_data_24331.json,36d58892-3eea-4dc3-ae01-14c03d5a0c07,652,"그래서 앞으로 조치사항 아직 그것은 안 왔어요, 회의는 하고 있더라고요.","['그것은 안 왔어요,']",[],[],[],[],0,0,0,0,0,1,0,
spoken_data_24331.json,36d58892-3eea-4dc3-ae01-14c03d5a0c07,656,"제가 사장님을 존경하고 좋아하는 만큼 이 부분에 대해서 각별히 신경을 써주시고 제가 유관업체 협력업체 회의록을 안 보더라도 이런 부분들은 실질적으로 도움이 될 수 있도록 그렇게 회의에 임해 주시고, 모여서 그냥 회의했다가 아니라 우리가 어떤 결과물을 만들어 내면서 앞으로 문제점을 지적하고 향후 나갈 수 있도록, 사장님?",['회의록을 안 보더라도'],[],[],[],[],0,1,0,0,0,0,0,
spoken_data_24331.json,36d58892-3eea-4dc3-ae01-14c03d5a0c07,686,"○<NAME> 위원: 죄송한 것이 아니라 기본이 안 되어 있잖아요, 오늘 행정감사하는 날인데.",['기본이 안 되어 있'],[],[],[],[],0,0,0,0,0,1,0,
spoken_data_24331.json,36d58892-3eea-4dc3-ae01-14c03d5a0c07,690,거기에 청소 불량으로 해서 민원이 많은데 사장이 그것도 숙지 못한다는 것이 말이 됩니까?,[],[],[],['것도 숙지 못한다는'],[],1,0,0,0,0,0,0,
spoken_data_24331.json,36d58892-3eea-4dc3-ae01-14c03d5a0c07,696,○(주) 서울메트로 환경 사장 <NAME> 정규직화되어서 정당한 사유 없이는 함부로 해고하지 않습니다.,[],['해고하지 않습니다.'],[],[],[],0,0,0,0,0,1,0,
spoken_data_24331.json,36d58892-3eea-4dc3-ae01-14c03d5a0c07,704,○(주) 서울메트로 환경 사장 <NAME> 그렇지는 않습니다.,[],['> 그렇지는 않습니다.'],[],[],[],0,0,0,0,0,1,0,
spoken_data_24331.json,36d58892-3eea-4dc3-ae01-14c03d5a0c07,728,"못했고, 다만 봄철과 가을철에 역 차원에서 또 서울메트로 차원에서 환경정리들을 하고 있기 때문에 제가 판단컨대 위원님의 기대만큼은 안 되지만 평균적 수준을 유지하고 있다고는 생각이 듭니다.",['대만큼은 안 되지만'],[],[],[],[],0,0,0,0,0,1,0,
spoken_data_24331.json,36d58892-3eea-4dc3-ae01-14c03d5a0c07,751,그렇게 자주 안 해도 되는데 보면 항상 흥건히 고여 있는 데도 그것 하나 닦는 사람이 없는 거야.,['게 자주 안 해도 되'],[],[],[],[],0,0,0,0,0,1,0,
spoken_data_24331.json,36d58892-3eea-4dc3-ae01-14c03d5a0c07,759,요산이나 암모니아 냄새들을 제거해야 되는데 낮 시간에는 또 특히 붐비는 역 같은 경우에는 물청소할 짬이 나지 않습니다.,[],['짬이 나지 않습니다.'],[],[],[],0,0,0,0,0,1,0,
spoken_data_24331.json,36d58892-3eea-4dc3-ae01-14c03d5a0c07,760,"특히 물이 있을 때는 또 미끄러지거나 그런 위험들이 있기 때문에, 심지어 붐비는 역에서는 마포걸레를 가져가서 훔칠 시간도 안 돼서…….",['시간도 안 돼서……'],[],[],[],[],0,0,0,0,0,1,0,문장 마무리 안 됨
spoken_data_24331.json,36d58892-3eea-4dc3-ae01-14c03d5a0c07,785,"보니까 누가 열차 안에 오줌을 쏴놔서 그것이 지저분하니까 안 타는 거야, 그 칸에서 전부 다 나왔어.",['분하니까 안 타는 거'],[],[],[],[],1,0,0,0,0,0,0,
spoken_data_24331.json,36d58892-3eea-4dc3-ae01-14c03d5a0c07,796,그것을 내가 볼 때는 30초도 안 될 것 같아.,['30초도 안 될 것'],[],[],[],[],1,0,0,0,0,0,0,
spoken_data_24331.json,36d58892-3eea-4dc3-ae01-14c03d5a0c07,821,"○<NAME> 위원: 예산서 의회에 제출하게 되어 있어요, 안 되어 있어요?","['있어요, 안 되어 있']",[],[],[],[],0,0,0,0,0,1,0,
spoken_data_24331.json,36d58892-3eea-4dc3-ae01-14c03d5a0c07,825,"○<NAME> 위원: 그러니까 예산을 편성해서 이사회를 거쳐서 의회에 보고하게 되어 있나요, 안 되어 있나요?","['있나요, 안 되어 있']",[],[],[],[],0,0,0,0,0,1,0,
spoken_data_24331.json,36d58892-3eea-4dc3-ae01-14c03d5a0c07,834,○<NAME> 위원: 그런데 위원들한테는 안 주던데요?,['들한테는 안 주던데요'],[],[],[],[],0,0,0,0,0,1,0,
spoken_data_24331.json,36d58892-3eea-4dc3-ae01-14c03d5a0c07,847,"그다음에 또 이것이 영업수익이 맞냐고 물어보니까 “오타 났습니다”, 운수사업 수익이 뭐고 이것이 세세 항목이 어떻게 이렇게 이루어지는지 나는 이해가 안 가요.",['이해가 안 가요.'],[],[],[],[],0,0,0,0,0,1,0,
spoken_data_24331.json,36d58892-3eea-4dc3-ae01-14c03d5a0c07,872,"2014년도에 운영한다는 이야기예요, 지금은 운영을 안 한다?",['운영을 안 한다?'],[],[],[],[],0,0,0,0,0,1,0,
spoken_data_24331.json,36d58892-3eea-4dc3-ae01-14c03d5a0c07,901,"시간이 여기서 질의 답변을 통해서 이것을 확인하기에는 너무 안 될 것 같고 따로 한번 사장님이 직접 보고를 하시든지, 아니면 자료로 만들어주든지 좀 구체적으로 해 주시기 바랍니다.",['는 너무 안 될 것'],[],[],[],[],1,0,0,0,0,0,0,
spoken_data_24331.json,36d58892-3eea-4dc3-ae01-14c03d5a0c07,915,그런데 제가 보는 시각은 기존 예산으로는 절대 안 될 것이다,['는 절대 안 될 것이'],[],[],[],[],1,0,0,0,0,0,0,
spoken_data_24331.json,36d58892-3eea-4dc3-ae01-14c03d5a0c07,933,"거기에 대한 정확한 자료를 제시해 달라는 얘기이고, 기타 다른 부분에 있어서 생산성이 저하된다거나 비정규직이 정규직화되었으니까 이제는 안 움직일 겁니다, 사실은.",['이제는 안 움직일'],[],[],[],[],1,0,0,0,0,0,0,
spoken_data_24331.json,36d58892-3eea-4dc3-ae01-14c03d5a0c07,934,"통제에 안 따를 거예요, 성과가 없을 겁니다.",['통제에 안 따를 거'],[],[],[],[],1,0,0,0,0,0,0,
spoken_data_24331.json,36d58892-3eea-4dc3-ae01-14c03d5a0c07,938,"이렇게 해 주시든지 해야지, 하라고 한다고 따라가고 그냥 좋은 점만 순기능적인 요소만 가지고 주장해서는 안 된단 얘기지요.",['장해서는 안 된단 얘'],[],[],[],[],1,0,0,0,0,0,0,
spoken_data_24331.json,36d58892-3eea-4dc3-ae01-14c03d5a0c07,950,그래서 우리가 부분 승소를 해서 당산 철교와 관련되어서 우리가 받을 돈을 우리가 그것을 남광토건에 안 주기 시작한 시점이 제 기억에 작년 상반기부터 안 주기 시작해서 제가 간 시점에 한 8개월 이상 공사가 중단되어 있는 상태였습니다.,"['광토건에 안 주기 시', '반기부터 안 주기 시']",[],[],[],[],0,0,2,0,0,0,0,
spoken_data_24331.json,36d58892-3eea-4dc3-ae01-14c03d5a0c07,964,시민들이 장기간 동안 4년째 하고 있다는 것은 말이 안 됩니다.,['은 말이 안 됩니다.'],[],[],[],[],0,0,0,0,0,1,0,
spoken_data_24331.json,36d58892-3eea-4dc3-ae01-14c03d5a0c07,981,결국은 어떤 방향으로 가야 되느냐면 전적자 문제가 복직이 되든 그분들이 신분 정리가 되든 별도 계약을 바꿔서 근본적으로 해결하지 않으면 이 문제는 오래가겠다 하는 것이 제 생각이고요.,[],['해결하지 않으면 이'],[],[],[],0,0,0,0,1,0,0,
spoken_data_24331.json,36d58892-3eea-4dc3-ae01-14c03d5a0c07,983,"○<NAME> 위원: 알겠습니다, 시간이 많지 않기 때문에.",[],['간이 많지 않기 때문'],[],[],[],0,0,1,0,0,0,0,
spoken_data_24331.json,36d58892-3eea-4dc3-ae01-14c03d5a0c07,985,"그다음에 성보 같은 경우도 전적자가 63명이고 자체가 15명밖에 안 돼, 그리고 전적률이 80.8%가…….","['5명밖에 안 돼, 그']",[],[],[],[],0,0,0,0,0,1,0,
spoken_data_24331.json,36d58892-3eea-4dc3-ae01-14c03d5a0c07,988,"○서울메트로 사장 <NAME>: 사실상은 퇴직을 시켜서 어제 말씀드린 대로 퇴직자가 지분을 갖는 회사끼리 경쟁을 붙여서 그 내에 받는, 다 퇴직을 했기 때문에 전적이란 표현을 쓰지 않고요, 퇴직을 했기 때문에 순수하게…….",[],"['현을 쓰지 않고요,']",[],[],[],0,0,0,0,0,1,0,
spoken_data_24619.json,ccb1d7b1-c1cc-4c02-930c-b60be66dd278,15,"서울시장이 제출한 본 안건은 11월 30일 제264회 정기와 제3차 행정 자치위원회 회의 시 집행부의 회의 준비 등에 답변이 미비하여 현재 보류된 안건으로 소관부서의 제안설명, 수석전문위원의 검토보고는 이미 진행하였기에 별도로 하지 않겠습니다.",[],['도로 하지 않겠습니다'],[],[],[],0,0,0,0,0,1,0,
spoken_data_24619.json,ccb1d7b1-c1cc-4c02-930c-b60be66dd278,32,"○ <NAME> 위원:그런데 제가 받은 보고에 보면 전체 연면적 28만 9,000㎡ 가운데서 환승센터의 면적은 7.3%밖에 안 돼요.",['3%밖에 안 돼요.'],[],[],[],[],0,0,0,0,0,1,0,
spoken_data_24619.json,ccb1d7b1-c1cc-4c02-930c-b60be66dd278,45,그런 것 지금 하나도 못 되어 있잖아요.,[],[],['하나도 못 되어 있'],[],[],0,0,0,0,0,1,0,
spoken_data_24619.json,ccb1d7b1-c1cc-4c02-930c-b60be66dd278,49,말씀하신 대로 이 땅의 경우에 그 사업이 구체화되어 있지도 않아요.,[],['되어 있지도 않아요.'],[],[],[],0,0,0,0,0,1,0,
spoken_data_24619.json,ccb1d7b1-c1cc-4c02-930c-b60be66dd278,60,○교통기획관 <NAME> :땅의 소유권이 있고 안 되면 그 기본계획 계획을 세울 수가 없습니다.,['이 있고 안 되면 그'],[],[],[],[],0,0,0,0,1,0,0,
spoken_data_24619.json,ccb1d7b1-c1cc-4c02-930c-b60be66dd278,66,복개천을 기준으로 해서 한 쪽은 복합환승센터와 백화점을 짓고 한 쪽은 아파트와 아웃렛을 지어서 그 업자가 분양해서 대금을 챙겨가게 하기 위한 이런 것 그런데 사업내용도 확정이 안 되어서 계약금을 못 준다는 것이에요.,['확정이 안 되어서'],[],['계약금을 못 준다는'],[],[],1,1,0,0,0,0,0,
spoken_data_24619.json,ccb1d7b1-c1cc-4c02-930c-b60be66dd278,68,그것도 하나도 안 되었잖아요.,['하나도 안 되었잖아'],[],[],[],[],0,0,0,0,0,1,0,
spoken_data_24619.json,ccb1d7b1-c1cc-4c02-930c-b60be66dd278,77,전혀 구체화되어 나가지 않아요.,[],['어 나가지 않아요.'],[],[],[],0,0,0,0,0,1,0,
spoken_data_24619.json,ccb1d7b1-c1cc-4c02-930c-b60be66dd278,78,"분양할지 임대할지, 분양을 몇%할지, 1안, 2안, BTO 방식으로 할지, BTL<NAME>으로 할지, PFV 방식으로 할지도 정하지도 않았어요.",[],['도 정하지도 않았어요.'],[],[],[],0,0,0,0,0,1,0,
spoken_data_24619.json,ccb1d7b1-c1cc-4c02-930c-b60be66dd278,79,아무런 내용도 구체화되지도 않았는데 민간사업자가 자유롭게 분양사업이든 개발사업을 할 수도 있도록 소유권을 한에 먼저 내놓으라는 것이에요.,[],['구체화되지도 않았는데'],[],[],[],0,1,0,0,0,0,0,부사절? 주절?
spoken_data_24619.json,ccb1d7b1-c1cc-4c02-930c-b60be66dd278,84,사업이 구체화되지도 않았는데 민간사업자가 사업적 계획을 세울 수 있도록 토지를 무상 처분을 용인해 달라는 것은 의회의 입장에서는 전혀 납득이 안 가고요.,['납득이 안 가고요.'],['구체화되지도 않았는데'],[],[],[],0,1,0,0,0,1,0,
spoken_data_24619.json,ccb1d7b1-c1cc-4c02-930c-b60be66dd278,102,○ <NAME> 위원장은 사업 진행 능력에 대해서 어찌 되었든 지금 계획을 수도 없고 구체적인 계획도 돼 있지 않고요.,[],['돼 있지 않고요.'],[],[],[],0,0,0,0,0,1,0,
spoken_data_24619.json,ccb1d7b1-c1cc-4c02-930c-b60be66dd278,103,그 PFV 방식인지 BTL 방식인지 하에 얼마가 나올지 그것도 없는 상태에서 토지만을 소유권 이전하라는 것은 공유재산 및 물품 등을 무상 사용할 수도 있는 문제가 있는데도 불구하고 재산 처분에 대한 승인을 못 하라는 것은 서울시민의 재산에 대한 관리에서 저희들이 의무를 해태하는 것이 아닐까 싶고요.,[],[],['승인을 못 하라는'],[],[],1,0,0,0,0,0,0,
spoken_data_24619.json,ccb1d7b1-c1cc-4c02-930c-b60be66dd278,112,"우리는 SH공사하고 어디하고 컨소시엄을 할 것입니까? 7,400억 원 사업을 할 능력이면 전국에서 10개 내지는 5개밖에 못 됩니다, 자본금이라든지 자산능력이라든지 사업 수행능력으로 할 때.",[],[],"['5개밖에 못 됩니다,']",[],[],0,0,0,0,0,1,0,
spoken_data_24619.json,ccb1d7b1-c1cc-4c02-930c-b60be66dd278,126,그 절차도 양쪽이 아까 말씀하신 국가 교통 기본법 그것하고 두 개 법을 혼재하면서 어떤 것도 법에 부합하지도 않아요.,[],['부합하지도 않아요.'],[],[],[],0,0,0,0,0,1,0,
spoken_data_24619.json,ccb1d7b1-c1cc-4c02-930c-b60be66dd278,128,그러면서 땅부터 주라는 것은 어떤 위원은 동의가 안 되는 바입니다.,['동의가 안 되는 바'],[],[],[],[],1,0,0,0,0,0,0,
spoken_data_24619.json,ccb1d7b1-c1cc-4c02-930c-b60be66dd278,132,"우리 시장님이 매번 감사원에 시정질문하면 가용재원 예산이 5,000억밖에 되지 않는다, 그래서 재정여건이 어려운 상황이다",[],"['밖에 되지 않는다,']",[],[],[],0,0,0,0,0,1,0,
spoken_data_24619.json,ccb1d7b1-c1cc-4c02-930c-b60be66dd278,136,"그런 의구심이 들고, 시민의 입장에서 세금이 헛되이 쓰이지 않도록 철저한 준비와 준비가 필요하다고 봅니다는
 <NAME> 위원님이 여러 가지 지적을 하셨는데 사당역 복합환승센터 민간투자사업으로 7,469억 정도나 되고 시유지로 감정평가하는 비용에 대한 금액도 1,628억이나 됩니다.",[],['이 쓰이지 않도록 철'],[],[],[],0,1,0,0,0,0,0,
spoken_data_24619.json,ccb1d7b1-c1cc-4c02-930c-b60be66dd278,139,"그런 부분들을 현물출자를 한다고 그러고, 복합환승센터라고 하기에는 비용이 7.5%밖에 안 되고, 그리고 환승센터라고 보기에는 한 가지 부족하다는 지적을 했습니다.","['5%밖에 안 되고,']",[],[],[],[],0,0,0,0,0,1,0,
spoken_data_24619.json,ccb1d7b1-c1cc-4c02-930c-b60be66dd278,140,그러나 사업이 구체화되어 있지 않고 투자심사 및 타당성조사가 미이행되고 사업 진행도 안 됐다는 지적을 했습니다.,['진행도 안 됐다는'],['되어 있지 않고 투자'],[],[],[],1,0,0,0,0,1,0,
spoken_data_24619.json,ccb1d7b1-c1cc-4c02-930c-b60be66dd278,155,부시장이 처음에 의도했던 방식과는 전혀 다른 모습으로 가고 있는데 납득이 안 됩니다고 그리고 또 지난번에 2차 공모전 심사 위원장을 했는 <NAME> 교수 그분은 지금 여러 가지로 당위성에 대한 부족함이 있어서 그럴이 있다,['납득이 안 됩니다고'],[],[],[],[],0,0,0,0,0,1,0,원문이 좀 이상해
spoken_data_24619.json,ccb1d7b1-c1cc-4c02-930c-b60be66dd278,157,"○ <NAME> 위원:그렇게 보면 기본계획상의 계획과도 일치하지 않고 노들섬의 지리적 배경을 활용할 여러 가지 사업 계획이 많지 않다고 보고 있어요, 본 위원 생각에는.",[],"['일치하지 않고 노들', '획이 많지 않다고 보']",[],[],[],0,0,0,1,0,1,0,
spoken_data_24619.json,ccb1d7b1-c1cc-4c02-930c-b60be66dd278,162,"○ <NAME> 위원:그리고 또 하나 하나는 공유재산 관리 계획 수립할 경우에는 사업목적이나 용도, 사업시기, 소요 이런 부분이 명확해야 되는데 그렇지도 않고 법령도 위반을 하고 있어요.",[],['데 그렇지도 않고 법령'],[],[],[],0,0,0,0,0,1,0,
spoken_data_24619.json,ccb1d7b1-c1cc-4c02-930c-b60be66dd278,182,○재생정책기획관 <NAME> :두 가지다인데 방금 말씀드렸듯이 두 가지 다는 중투에서 분리해서 추진하라는 조건이 부여되어 보입니다는데 일단 곤돌라 사업은 현재 환경단체랄지 많은 시민들로부터 공감대가 아직은 형성되지 않은 상태이기 때문에 먼저 이곳을 주차장하고 지상 주차장을 1단계로 추진하는 그런 내용이 되겠습니다.,[],['형성되지 않은 상태'],[],[],[],1,0,0,0,0,0,0,
spoken_data_24619.json,ccb1d7b1-c1cc-4c02-930c-b60be66dd278,195,"그것으로 부족합니까, 제가 보기에는 부족하지도 않을 거 같은데?",[],['부족하지도 않을 거'],[],[],[],1,0,0,0,0,0,0,
spoken_data_24619.json,ccb1d7b1-c1cc-4c02-930c-b60be66dd278,198,그런데 현재 남산케이블 카와 문제점이나 이런 부분들을 해결해야 되는데 혹시는 주차장 건립해 놓고 협의가 안 됐을 경우 그러면 주차장 건립은 타당성이 맞는다고 생각합니까?,['협의가 안 됐을 경'],[],[],[],[],1,0,0,0,0,0,0,
spoken_data_24619.json,ccb1d7b1-c1cc-4c02-930c-b60be66dd278,201,○ <NAME> 위원:형성이 안 되면요?,[':형성이 안 되면요?'],[],[],[],[],0,0,0,0,0,1,0,
spoken_data_24619.json,ccb1d7b1-c1cc-4c02-930c-b60be66dd278,205,○ <NAME> :님 그러니까 앞뒤의 논리가 맞지 않다는 얘기지요.,[],['리가 맞지 않다는 얘'],[],[],[],1,0,0,0,0,0,0,
spoken_data_24619.json,ccb1d7b1-c1cc-4c02-930c-b60be66dd278,208,○ <NAME> :님 그리고 지난번에 을지로 별 관 앞은 경우 사무실이 부족해서 하려다가 타당성조사에 문제가 있다고 해서 안 한 것 아시지요.,['고 해서 안 한 것'],[],[],[],[],1,0,0,0,0,0,0,
spoken_data_24619.json,ccb1d7b1-c1cc-4c02-930c-b60be66dd278,209,그리고 교통센터 같은 경우도 굳이 이런 사업하지 않더라도 얼마든지 이런 용도로 이용할 수 있었는데 굳이 그것을 폐지하는 방안은 무엇인가요?,[],['사업하지 않더라도'],[],[],[],0,1,0,0,0,0,0,
spoken_data_24619.json,ccb1d7b1-c1cc-4c02-930c-b60be66dd278,220,"○ <NAME> 위원:방금 말씀하신 것은 아까 저한테 얘기한 것과 똑같은 얘기인데 만약에 이 사업이 우리 국민에 동의를 받지 못하면 결국 그 사업을 않겠다고 얘기를 했잖아요, 주차장만 놔두고.",[],[],[],['의를 받지 못하면 결'],[],0,1,0,0,0,0,0,
spoken_data_24619.json,ccb1d7b1-c1cc-4c02-930c-b60be66dd278,222,그런 사업을 왜 추진하는 건지는 이해가 가지 않습니다.,[],['해가 가지 않습니다.'],[],[],[],0,0,0,0,0,1,0,
spoken_data_24619.json,ccb1d7b1-c1cc-4c02-930c-b60be66dd278,227,"노들섬 명소화 공사와 관련해서 약 500억 정도의 사업비가 소요되는데 이 사업과 관련해서 역사성을 중시하고 있는 시민들의 휴식처를 제공한다는 취지로 시작했다고 하는데 투자심사 때 건축계획 수립 후에 재조건 부로 다시 심의를 받으라고 조건이 붙어있었고, 또한 공유재산 관리 대책 수립 시에는 사업목적이나 용도, 사업 기간, 소요예산, 예산 규모 이런 부분을 명시하도록 명시가 있는데 이런 부분들을 명시하지 않고, 관계 법령에 어긋나는 소지도 있습니다.",[],"['명시하지 않고, 관']",[],[],[],0,0,0,0,0,1,0,
spoken_data_24619.json,ccb1d7b1-c1cc-4c02-930c-b60be66dd278,252,○ <NAME> 위원장님 그런데 왜 안 되고 있습니까?,['런데 왜 안 되고 있'],[],[],[],[],0,0,0,0,0,1,0,
spoken_data_24619.json,ccb1d7b1-c1cc-4c02-930c-b60be66dd278,265,그래서 바이어들이 기피해서 안 오려고 한답니다.,['기피해서 안 오려고'],[],[],[],[],0,1,0,0,0,0,0,
spoken_data_24619.json,ccb1d7b1-c1cc-4c02-930c-b60be66dd278,266,"그래서 거기서 요구한 대로의 컨테이너 주차장 그것을 확보해 주라 이런 요구가 계속 있는데도 거기에 대해서는 아무 대꾸도 없고 대책도 안 세우고, 이런 1년 만에 바뀌는 사업이나 추진하려고 하는 그런 요구사항이 있다는 것 알고 계세요?","['대책도 안 세우고,']",[],[],[],[],0,0,0,0,0,1,0,
spoken_data_24619.json,ccb1d7b1-c1cc-4c02-930c-b60be66dd278,276,"당초에 자동차 산업 문화관을 건립하려고 하다가 다시 자동차 정보 센터 건립으로 명칭이 변경되었는데 아직까지 성동구 의회에서 공유재산 관리 계획안을 받지 못했고, 또 언제 받을지 언제 통과될지도 안는는 그런 부분들이 있습니다.",[],[],[],"['안을 받지 못했고,']",[],0,0,0,0,0,1,0,
spoken_data_24619.json,ccb1d7b1-c1cc-4c02-930c-b60be66dd278,277,"그리고 이 사업과 관련해서도 비전이나 사업이나 사업내용이 구체적이지 못하고 계획되어 있지 않고, 또 사업 계획이나 발전 계획도 없는 부분들이 있는 것 같습니다.",[],"['되어 있지 않고, 또']",[],['구체적이지 못하고 계'],[],0,0,0,0,0,2,0,
spoken_data_24619.json,ccb1d7b1-c1cc-4c02-930c-b60be66dd278,281,"○ <NAME> 위원장은 그게 정기적으로 열립니까, 수시로 열립니까?
○재무국장 <NAME> :날짜가 정해져 있지는 않은데요",[],['해져 있지는 않은데요'],[],[],[],0,0,0,0,0,1,0,
spoken_data_24619.json,ccb1d7b1-c1cc-4c02-930c-b60be66dd278,319,○ <NAME> 위원:그러니까 시장님께서는 보고를 받자마자 바로 그게 안 돼서 1월 12일에 성지중고 부지에 대해 종합적인 조사와 의견을 수렴한 후 그것에 무엇으로 활용할 것인지 결정되어야 한다,['로 그게 안 돼서 1'],[],[],[],[],0,1,0,0,0,0,0,
spoken_data_24619.json,ccb1d7b1-c1cc-4c02-930c-b60be66dd278,323,이렇게 시장님께서 얘기하셨는데 전혀 시장님의 요청사항이 받아들여지지 아니하고 2월 9일부터 다시 성지중고 부지 활용 실무 검토회의라는 것을 만들던 것이 아닙니다를 짓는 방안으로만 계속 검토 회의를 하셨습니다.,[],['아들여지지 아니하고 2'],[],[],[],0,0,0,0,0,1,0,
spoken_data_24619.json,ccb1d7b1-c1cc-4c02-930c-b60be66dd278,326,○ <NAME> 위원:그러니까 지역주민의 경우 여태까지 의견수렴 안 했다는 것은 문제가 있는 거고요.,['의견수렴 안 했다는'],[],[],[],[],1,0,0,0,0,0,0,
spoken_data_24619.json,ccb1d7b1-c1cc-4c02-930c-b60be66dd278,327,그래서 계획을 세울 때는 무조건 일방적으로 편의적으로 아파트만 8만 호 건설해야 된다는 강박관념에서 무조건 쉽게 임대주택을 지으려고 하는 자세에서 출발하시면 안 될고 일입니다.,['발하시면 안 될고 일'],[],[],[],[],1,0,0,0,0,0,0,
spoken_data_24619.json,ccb1d7b1-c1cc-4c02-930c-b60be66dd278,337,그러나 주민들의 의견은 하나도 들어보지 아니하고 일방적으로 거기 임대주택 지어질 계획을 세워서 계속 임대주택 짓는 방안만 검토하고 회의하신다는 것은 너무 제 사정을 모르시는 거지요.,[],['들어보지 아니하고 일'],[],[],[],0,1,0,0,0,0,0,
spoken_data_24619.json,ccb1d7b1-c1cc-4c02-930c-b60be66dd278,341,그래서 지역이 굉장히 노후화되고 시장이 활성화되지 않고 있어서 그런 차원에서 저희가 주로 저소득층보다는 중산층을 위한 … ….,[],['활성화되지 않고 있어'],[],[],[],0,0,0,0,1,0,0,
spoken_data_24619.json,ccb1d7b1-c1cc-4c02-930c-b60be66dd278,345,그래서 오히려 주민센터를 거기에다 지어 달라 이런 얘기들을 하는데 강서구청의 의견과 서울시는 의견 전혀 받아들여지지 않고 있어서 주민들이 얼마 전에 시청 앞에 나와서 데모했지요?,[],['아들여지지 않고 있어'],[],[],[],0,0,0,0,1,0,0,
spoken_data_24619.json,ccb1d7b1-c1cc-4c02-930c-b60be66dd278,347,○ <NAME> 위원:그것은 받아들이지 않습니다.,[],['받아들이지 않습니다.'],[],[],[],0,0,0,0,0,1,0,
spoken_data_24619.json,ccb1d7b1-c1cc-4c02-930c-b60be66dd278,351,그런 것을 무시하고 너무 편의적으로 임대주택 8만 호 짓기 위해서 쉽게 지으려고 합니다고 그렇게 사업을 하시면 안 됩니다.,['하시면 안 됩니다.'],[],[],[],[],0,0,0,0,0,1,0,
spoken_data_24619.json,ccb1d7b1-c1cc-4c02-930c-b60be66dd278,366,"중간에 더 할 것 같을
○위원장 <NAME> :좀 이해가 안 갑니다는데 이렇게 구성이 되어 있어요.",['이해가 안 갑니다는'],[],[],[],[],0,0,0,0,0,1,0,
spoken_data_24619.json,ccb1d7b1-c1cc-4c02-930c-b60be66dd278,397,이런 것을 감안하다 보면 집중적으로 입주하는 시기라든가 이렇게 공공산업지원시설 준공 예정 때랑 일치하지 않거든요.,[],['일치하지 않거든요.'],[],[],[],0,0,0,0,0,1,0,
spoken_data_24619.json,ccb1d7b1-c1cc-4c02-930c-b60be66dd278,415,다시 좀을 검토하셔서 정말 공실이 발생하지 않도록 아니면 아까 말한 이런 틀의 그런 연구계획이 세워졌으면 공실이 발생하지 않는 방안을 잘 했으면 좋겠습니다.,[],"['발생하지 않도록 아', '발생하지 않는 방안']",[],[],[],1,1,0,0,0,0,0,
spoken_data_24619.json,ccb1d7b1-c1cc-4c02-930c-b60be66dd278,429,특별히 시급해 지지 않는데 어떠세요?,[],['급해 지지 않는데 어'],[],[],[],0,1,0,0,0,0,0,
spoken_data_24619.json,ccb1d7b1-c1cc-4c02-930c-b60be66dd278,436,○ <NAME> 위원장님 이것이 2020년도 7월 1일 시효가 있기 때문에 도시계획시설로 지정되지 않은 차고지보다는 시급성이 적다고 저는 판단되거든요.,[],['지정되지 않은 차고'],[],[],[],1,0,0,0,0,0,0,
spoken_data_24619.json,ccb1d7b1-c1cc-4c02-930c-b60be66dd278,441,○ <NAME> 위원:저는 그곳을 이미 차고지로 활용하고 있기 보다고 지금 다른 곳에 비해서 서울시 재정상황을 살펴보면 적은 돈이 아니기 땜으로 좀 시급하지 않다,[],['시급하지 않다'],[],[],[],0,0,0,0,0,1,0,
spoken_data_24619.json,ccb1d7b1-c1cc-4c02-930c-b60be66dd278,453,지금 서울시에서는 계속 채무 감축을 위해서 노력하고 있는데 이런 사업들 마곡산업단지 조성을 위해서 766억을 투자하고 또 시내버스 차고지 조성해서 버스회사한테 데려다 주는데 174억을 한다 좀 하면 납득이 안 됩니다.,['납득이 안 됩니다.'],[],[],[],[],0,0,0,0,0,1,0,
spoken_data_24619.json,ccb1d7b1-c1cc-4c02-930c-b60be66dd278,464,거듭 말씀드리지만 나는 이곳에 건립 반대하지 않습니다.,[],['반대하지 않습니다.'],[],[],[],0,0,0,0,0,1,0,
spoken_data_24619.json,ccb1d7b1-c1cc-4c02-930c-b60be66dd278,470,제 장래가 촉망되는 공무원이 불의가 눈앞에 있는데 합리적이지도 않고 합목적적이지도 않는 행복주택 짓겠다는데 나서지 않다는 것 내 이해합니다.,[],"['데 나서지 않다는 것', '합리적이지도 않고 합목', '목적적이지도 않는 행복']",[],[],[],3,0,0,0,0,0,0,
spoken_data_24619.json,ccb1d7b1-c1cc-4c02-930c-b60be66dd278,476,"두 번째 검토를 때는 공청회도 실시 안 했다, 주민의 뜻이 충분히 수렴되지 않았다","['도 실시 안 했다,']",['수렴되지 않았다'],[],[],[],0,0,0,0,0,2,0,
spoken_data_24619.json,ccb1d7b1-c1cc-4c02-930c-b60be66dd278,483,"마치 보고서 제출해 주면 공청회 두 차례 실시, 이런 검토 보고서 앞으로 쓰지 말아요.",[],[],[],[],['으로 쓰지 말아요.'],0,0,0,0,0,1,0,
spoken_data_24619.json,ccb1d7b1-c1cc-4c02-930c-b60be66dd278,484,주민이 두 명도 안 갔습니다.,['두 명도 안 갔습니다'],[],[],[],[],0,0,0,0,0,1,0,
spoken_data_24619.json,ccb1d7b1-c1cc-4c02-930c-b60be66dd278,485,"그래서 마치 공청회 한 것처럼 의회에 보고를 하고, 전문위원 검토하는 데 그런 자료 주시면 안 됩니다고 들어가세요.",['주시면 안 됩니다고'],[],[],[],[],0,0,0,0,0,1,0,원문 이상
spoken_data_24619.json,ccb1d7b1-c1cc-4c02-930c-b60be66dd278,522,따라서 토지의 효율적 운영 측면에서 수서역사거리에 지어질 44가구는 안 된다 하는 말씀을 하시는 저는 반대합니다.,['4가구는 안 된다 하'],[],[],[],[],0,0,0,1,0,0,0,
spoken_data_24619.json,ccb1d7b1-c1cc-4c02-930c-b60be66dd278,529,○ <NAME> 위원:어떻게든 택시 안 하는 것입니까?,['든 택시 안 하는 것'],[],[],[],[],1,0,0,0,0,0,0,
spoken_data_24619.json,ccb1d7b1-c1cc-4c02-930c-b60be66dd278,539,앞서 <NAME> 위원님께서 강서구의 임대주택 과다 분양에 대해서 지적을 하셨고 <NAME> 위원장님도 토지의 효율적 측면에서 보면 제대로 분석이 이루어지지 않았다는 비판을 한 바가 있어요.,[],['이루어지지 않았다는'],[],[],[],1,0,0,0,0,0,0,
spoken_data_24619.json,ccb1d7b1-c1cc-4c02-930c-b60be66dd278,546,왜냐 지역적 형평성이 있지 않기 때문입니다.,[],['성이 있지 않기 때문'],[],[],[],0,0,1,0,0,0,0,
spoken_data_24619.json,ccb1d7b1-c1cc-4c02-930c-b60be66dd278,558,데 저도 그 얘기를 언급하지 않는 거예요.,[],['언급하지 않는 거예'],[],[],[],1,0,0,0,0,0,0,
spoken_data_24619.json,ccb1d7b1-c1cc-4c02-930c-b60be66dd278,564,여기서 19건 있고 1건이라도 통과가 안 되면 그 예산에 반영되는 것은 다 삭감되는 겁니까이 재무국 장님?,['통과가 안 되면 그'],[],[],[],[],0,0,0,0,1,0,0,
spoken_data_24619.json,ccb1d7b1-c1cc-4c02-930c-b60be66dd278,568,그런데 예산편성 다해서 제출해 놓고 예산심의 바로 코앞에서 제출을 해 주시는 여기서 만약 이것 처리 안 되면 어떻게 할 거예요?,['것 처리 안 되면 어'],[],[],[],[],0,1,0,0,0,0,0,종속절? 부사절?
spoken_data_24619.json,ccb1d7b1-c1cc-4c02-930c-b60be66dd278,575,○재무국장 <NAME> :투융자심사하고는 선후관계가 지금 규정은 되어 가지지 않고요.,[],['어 가지지 않고요.'],[],[],[],0,0,0,0,0,1,0,
spoken_data_24619.json,ccb1d7b1-c1cc-4c02-930c-b60be66dd278,595,"그러나 몇 년 동안 행정 하셨던 실ㆍ국장님들, 본부장님들이 이런 체계 를 제대로 서울시 공무원들이 못 한다는 것이 말이나 됩니까?",[],[],['무원들이 못 한다는'],[],[],1,0,0,0,0,0,0,
spoken_data_24619.json,ccb1d7b1-c1cc-4c02-930c-b60be66dd278,605,○ <NAME> 위원장은 이런<NAME>적 절차를 거치지 않아도 진심을 가지고 주민들을 만나면 여러분들 다 이해를 합니다.,[],['를 거치지 않아도 진'],[],[],[],0,1,0,0,0,0,0,
spoken_data_24619.json,ccb1d7b1-c1cc-4c02-930c-b60be66dd278,616,그러나 수령이 오래됐다고 헬기를 사용 못 하는 것은 아닙니다.,[],[],[],['를 사용 못하는 것'],[],1,0,0,0,0,0,0,
spoken_data_24619.json,ccb1d7b1-c1cc-4c02-930c-b60be66dd278,641,그래서 삼지건설이 이어받는 과정에서 사업이 정리되지 못한 부분들이 있습니다.,[],[],[],['정리되지 못한 부분'],[],1,0,0,0,0,0,0,
spoken_data_24619.json,ccb1d7b1-c1cc-4c02-930c-b60be66dd278,657,정말 용납도 안 되는 행정행위를 하고 있습니다.,['용납도 안 되는 행'],[],[],[],[],1,0,0,0,0,0,0,
spoken_data_24619.json,ccb1d7b1-c1cc-4c02-930c-b60be66dd278,661,"이 사업과 관련해서 예산 계획이 제대로 되었는지, 사업목적이 무엇인지, 또 소요예산은 얼마나 되는지, 제대로 계획되고 무엇이 되었을까 하는 의문점이 있지 않을 수가 없습니다.",[],['점이 있지 않을 수가'],[],[],[],1,0,0,0,0,0,0,
spoken_data_24619.json,ccb1d7b1-c1cc-4c02-930c-b60be66dd278,667,"특히 앞서 제가 질의한 내용 <ADDRESS> 같은 경우는 그야말로 정당한 행정이, 특정인을 얘기하지 않습니다, 행정을 얘기합니다.",[],"['얘기하지 않습니다,']",[],[],[],0,0,0,0,0,1,0,
spoken_data_24619.json,ccb1d7b1-c1cc-4c02-930c-b60be66dd278,670,"대안을 제시는 충분한 분석과 그 토대로 정책결정을 해야 함에도 불구하고 여러분들은 지금 하고 있지 않아요, 매우 즉흥적입니다.",[],"['하고 있지 않아요,']",[],[],[],0,0,0,0,0,1,0,
spoken_data_24619.json,ccb1d7b1-c1cc-4c02-930c-b60be66dd278,675,하물며 강서에서 반대하던 사람을 염곡동에 갖다 넣겠다면서 이름도 택시 자는 하나도 쓰지 않고 들어와요.,[],['나도 쓰지 않고 들어'],[],[],[],0,1,0,0,0,0,0,
spoken_data_24619.json,ccb1d7b1-c1cc-4c02-930c-b60be66dd278,679,그래서 아무런 계획도 안 세운 상황에서 토지 등의 수용 용도에 해당하는 출자를<NAME>는 것은 부적합하고요.,['계획도 안 세운 상'],[],[],[],[],1,0,0,0,0,0,0,
spoken_data_24619.json,ccb1d7b1-c1cc-4c02-930c-b60be66dd278,681,"토지 등의 수용 사용이 어떤 시점에 이루어지는 것인가, 이 복합센터를 국가통합교통 체계 효율화 법에 의한 사업 절차 때문에 기재부에서 나온 자료에 따르면 우선 토지부터 먼저 수용을 하고 사업 계획이 이루어지지 않는다는 점을 말씀드리는 것이고요.",[],['이루어지지 않는다는'],[],[],[],1,0,0,0,0,0,0,
spoken_data_24619.json,ccb1d7b1-c1cc-4c02-930c-b60be66dd278,686,이 사업 여기 중기재정계획에도 포함되어 있지 않고요.,[],['되어 있지 않고요.'],[],[],[],0,0,0,0,0,1,0,
spoken_data_24619.json,ccb1d7b1-c1cc-4c02-930c-b60be66dd278,694,"그러면 거기에 곤충 없으면 새 안 갑니다, 농약 많고 그러면.","['으면 새 안 갑니다,']",[],[],[],[],0,0,0,0,0,1,0,
spoken_data_24619.json,ccb1d7b1-c1cc-4c02-930c-b60be66dd278,700,거기에 그런 것들이 들어가면 안 되는 이유에 대해서 지난번에 <NAME> 시장이 오페라하우스에 대한 질의 답변을 하면서 접근성을 높이기 위해서 다리를 하나를 주겠다는 얘기도 하고 그러셨어요.,['들어가면 안 되는 이'],[],[],[],[],1,0,0,0,0,0,0,
spoken_data_24619.json,ccb1d7b1-c1cc-4c02-930c-b60be66dd278,701,그런데 대중 접근이 안 되는 데다가 야외 음악당 만들고 문화콘텐츠 기업들 밸리 역할을 하게 해서 주겠다는 생각에 그분들 출퇴근용 주차장 만들고 이러다 보면 거기는 생태적 가치 다 포기해야 된다가 그래서 기본적으로 꼭 개발을 해야 된다는 발상에서 빠져 주실 것을 부탁드립니다.,['접근이 안 되는 데'],[],[],[],[],1,0,0,0,0,0,0,
spoken_data_24619.json,ccb1d7b1-c1cc-4c02-930c-b60be66dd278,703,그래서 앞으로는 이렇게 명확하지 않은 부분들은 사전에 저희 위원님들끼리 간담회를 해서 검증해서 그러한 사업들은 통과시키지 않는 것으로 총의를 모았습니다.,[],"['명확하지 않은 부분', '통과시키지 않는 것으']",[],[],[],2,0,0,0,0,0,0,
spoken_data_24619.json,ccb1d7b1-c1cc-4c02-930c-b60be66dd278,704,"참고해 주시기 바란다에
더 이상 질의하실 위원님이 안 계시므로 질의 답변을 잘 마치겠습니다.",['위원님이 안 계시므로'],[],[],[],[],0,1,0,0,0,0,0,
spoken_data_24619.json,ccb1d7b1-c1cc-4c02-930c-b60be66dd278,711,"향후 공유재산 관리 계획 제출 시 법적 효력과 근거 등이 미미한 안건에 대해서는 심사하지 않기로 하였음을 알려드립니다.
☆의 의사일정 제1항 서울특별시 2016년도 연차에 공유재산 관리 계획안 의결에 앞서 본 안건에 대하여 의견이 있으신 위원님께서는 발언 신청해 주십시오십시오는r
 <NAME> 위원님 발언해 주시기 바랍니다.",[],['심사하지 않기로 하'],[],[],[],0,0,1,0,0,0,0,
spoken_data_24619.json,ccb1d7b1-c1cc-4c02-930c-b60be66dd278,715,철저한 지도감독을 통해서 비리적한 비리라든지 부적절한 사업의 예로 남지 않도록 공무원들께서는 조치를 주시기 바랍니다.,[],['예로 남지 않도록 공'],[],[],[],0,1,0,0,0,0,0,
spoken_data_24619.json,ccb1d7b1-c1cc-4c02-930c-b60be66dd278,718,시민의 의견을 무시하고 시민의 의사를 수용하지 않는 결정을 하게 됐습니다.,[],['수용하지 않는 결정'],[],[],[],1,0,0,0,0,0,0,
spoken_data_24619.json,ccb1d7b1-c1cc-4c02-930c-b60be66dd278,722,시민의 의사를 제대로 수렴하지 않았기 때문에 그렇습니다.,[],['수렴하지 않았기 때'],[],[],[],0,0,1,0,0,0,0,
spoken_data_24619.json,ccb1d7b1-c1cc-4c02-930c-b60be66dd278,725,그 집회 장소에 시민이 한 명도 들어가지 않았습니다.,[],['들어가지 않았습니다'],[],[],[],0,0,0,0,0,1,0,
spoken_data_24619.json,ccb1d7b1-c1cc-4c02-930c-b60be66dd278,727,이런 것을 공청회 했다고 보고하는 후안무치한 처사에 분노를 갖지 않을 수 없습니다.,[],['노를 갖지 않을 수'],[],[],[],1,0,0,0,0,0,0,
spoken_data_24619.json,ccb1d7b1-c1cc-4c02-930c-b60be66dd278,729,그래서 비밀투표를 했습니다만 그만큼 여러분의 추진하는 이 사업이 정당성을 확보하지 못했고 온당하지 않다는 것 반증이 된 것이기도 합니다.,[],['온당하지 않다는 것'],[],['확보하지 못했고 온'],[],1,0,0,0,0,1,0,
spoken_data_24619.json,ccb1d7b1-c1cc-4c02-930c-b60be66dd278,736,그 건너편에 불과 30m 건너편에 행복주택을 건립한다면 절대 반대하지 않는다고 분명히 서울시에 의견을 전달했습니다.,[],['반대하지 않는다고'],[],[],[],0,0,0,1,0,0,0,
spoken_data_24619.json,ccb1d7b1-c1cc-4c02-930c-b60be66dd278,738,다시 한번 어려운 결론을 내려주신 동료 위원들께 한 말씀을 드리고 저는 이 진행에 더 이상의 참여하지 않겠습니다.,[],['참여하지 않겠습니다'],[],[],[],0,0,0,0,0,1,0,
spoken_data_24619.json,ccb1d7b1-c1cc-4c02-930c-b60be66dd278,812,그리고 지방재정법에 따라서 예산 출연하기 전에 미리 심의한 의결을 받아야 됨에도 불구하고 미리 의결하지 않고 출연하고 이런 것들 좀은 조치를 요망하는 얘기도 있었어요.,[],['의결하지 않고 출연'],[],[],[],1,0,0,0,0,0,0,
spoken_data_24619.json,ccb1d7b1-c1cc-4c02-930c-b60be66dd278,832,"○ <NAME> 위원:개인으로 쓸 때는 1건당 500원밖에 안 되는 것인데 사실상 83만 7,000건이 되니까 4억 2,000이라는 어마어마한 금액이 되네요.",['0원밖에 안 되는 것'],[],[],[],[],1,0,0,0,0,0,0,
spoken_data_24619.json,ccb1d7b1-c1cc-4c02-930c-b60be66dd278,833,500원이 되면 전자납부를 안 할까요?,['자납부를 안 할까요?'],[],[],[],[],0,0,0,0,0,1,0,
spoken_data_24619.json,ccb1d7b1-c1cc-4c02-930c-b60be66dd278,842,그래서 본인들이 세금 내는데 사실 500원 때문에 전자납부를 택하지는 못하고 그것이 편리하고 편의성이 있으니까 택하는 게 500원 때문에 택하는 것은 아니라고 생각되는데 국장님 의견은 어떠세요?,[],[],[],['를 택하지는 못하고 그'],[],0,0,0,0,0,1,0,
spoken_data_24619.json,ccb1d7b1-c1cc-4c02-930c-b60be66dd278,844,특히 점점은 층으로 갈수록 그런 데 익숙하기 때문에 굳이 종이고지서를 받지 않아도 된다는 생각을 할 수가 있을 거 같습니다.,[],['서를 받지 않아도 된'],[],[],[],1,0,0,0,0,0,0,
spoken_data_24619.json,ccb1d7b1-c1cc-4c02-930c-b60be66dd278,845,○ <NAME> 위원:그래서 제 생각에는 마일리지 지급하는 건데 굳이 4억이라는 돈 들이지 말고 그냥 마일리지 지급을 할 수 없는 방법을 찾아보는 것이 좋지 않을까 싶은데요.,[],[],[],[],['돈 들이지 말고 그냥'],0,1,0,0,0,0,0,
spoken_data_24619.json,ccb1d7b1-c1cc-4c02-930c-b60be66dd278,850,○ <NAME> 위원:그런데 예산안은 월등하게 증액이 이루어지고 있기 마련에 예산을 증액하기보다는 오히려 예산을 안 들이고 이 제도를 계속 유지할 수 있는 쪽으로 관련 연구를 해서 주셨으면 좋겠다는 생각입니다.,['예산을 안 들이고'],[],[],[],[],1,0,0,0,0,0,0,
spoken_data_24619.json,ccb1d7b1-c1cc-4c02-930c-b60be66dd278,857,그런데 지방 재정에 관한 법률하고 관련 법률을 검토해 본 결과 50%이상 출연하지 않았으면 그 부분을 감사한다거나 감사를 만한 근거가 없더라고요.,[],['출연하지 않았으면'],[],[],[],0,0,0,0,1,0,0,
spoken_data_24619.json,ccb1d7b1-c1cc-4c02-930c-b60be66dd278,868,그렇지만 우리는 그냥 출연금을 법에 안 주면 계속 줘야 돼요?,['을 법에 안 주면 계'],[],[],[],[],0,0,0,0,1,0,0,
spoken_data_24619.json,ccb1d7b1-c1cc-4c02-930c-b60be66dd278,873,○ <NAME> 위원장님 그러니까 실제로 이사로 참여하는 사람들 중에 광역자치단체 관계자의 비율이 많지 않아요.,[],['율이 많지 않아요.'],[],[],[],0,0,0,0,0,1,0,
spoken_data_24619.json,ccb1d7b1-c1cc-4c02-930c-b60be66dd278,878,○ <NAME> 위원:올해부터였기 때문에 안 계셨겠네요.,['때문에 안 계셨겠네'],[],[],[],[],0,0,0,0,0,1,0,
spoken_data_24619.json,ccb1d7b1-c1cc-4c02-930c-b60be66dd278,884,○ <NAME> 위원:그래서 자기들 조직에 해하는 정관 개정은 앞으로 안 할 것 아니에요.,['앞으로 안 할 것'],[],[],[],[],1,0,0,0,0,0,0,
spoken_data_24619.json,ccb1d7b1-c1cc-4c02-930c-b60be66dd278,887,"분명히 말씀하시더라고요, 거기서 물어볼 땐는 민간투자만 하고 그다음 주 그러니까 출자만 하고 사업은 안 한다고 했대요.",['사업은 안 한다고'],[],[],[],[],0,0,0,1,0,0,0,
spoken_data_24619.json,ccb1d7b1-c1cc-4c02-930c-b60be66dd278,890,그런데 보고서에는 그렇게 안 썼어요.,['그렇게 안 썼어요.'],[],[],[],[],0,0,0,0,0,1,0,
spoken_data_24619.json,ccb1d7b1-c1cc-4c02-930c-b60be66dd278,891,그런 식으로 일을 추진하려는 의도가 있을 때 그것을 정직하게 다하지 않잖아요.,[],['게 다하지 않잖아요.'],[],[],[],0,0,0,0,0,1,0,
spoken_data_24619.json,ccb1d7b1-c1cc-4c02-930c-b60be66dd278,894,제출된 예산서나 사업 계획하고 내용도 부합하지 않았어요.,[],['부합하지 않았어요.'],[],[],[],0,0,0,0,0,1,0,
spoken_data_24619.json,ccb1d7b1-c1cc-4c02-930c-b60be66dd278,896,그러니까 사업내용이 예산서하고 같지 않더라고요.,[],['하고 같지 않더라고요'],[],[],[],0,0,0,0,0,1,0,
spoken_data_24619.json,ccb1d7b1-c1cc-4c02-930c-b60be66dd278,897,그러니까 이사회가 사업내용을 일일이 검토해서 실제로 하는 것하고 대조를 볼 만큼 면밀하고 상시적이지 않은 문제도 있더라고요.,[],['상시적이지 않은 문제'],[],[],[],1,0,0,0,0,0,0,
spoken_data_24619.json,ccb1d7b1-c1cc-4c02-930c-b60be66dd278,906,그래서 이런 부분들 재정 운용에 따라서 우리가 출자하는 입장에서 출자자로서의 권리 이익이 강화될 수가 있는 방안이 모색되지 않으면 그에 대한 부분을 고려해야 되지 않을까 하는 생각이 듭니다.,[],['모색되지 않으면 그'],[],[],[],0,0,0,0,1,0,0,
spoken_data_24619.json,ccb1d7b1-c1cc-4c02-930c-b60be66dd278,910,"이렇게 나왔고 본회의가 부결 시 법률 충돌 가능성에 대해서 법률자문한 결과 세 군데에서 충돌하지 않음, 법률 조항 충돌 문제없음, 예산안 심의권, 출연 금액과 의결권이 우선시된다",[],"['충돌하지 않음, 법']",[],[],[],0,0,1,0,0,0,0,
spoken_data_24619.json,ccb1d7b1-c1cc-4c02-930c-b60be66dd278,960,○ <NAME> 위원:시민의 혈세가 낭비되지 않도록 잘 챙겨서 하도록 하세요.,[],['낭비되지 않도록 잘'],[],[],[],0,1,0,0,0,0,0,
spoken_data_24619.json,ccb1d7b1-c1cc-4c02-930c-b60be66dd278,983,그런데 밤중에 식당 운영 같은 데 전혀 관리가 안 되어 있더라고요.,['관리가 안 되어 있'],[],[],[],[],0,0,0,0,0,1,0,
spoken_data_24619.json,ccb1d7b1-c1cc-4c02-930c-b60be66dd278,987,그래서 거기를 어떻게 이용하고 그런 것들에 대해서 안내하는 것이 전혀 필요에 있지 않던데 혹시 그런 안내하는 안내판이나 또 세종홀인가 거기로 넘어가는 길도 복도를 따라가야 되고 굉장히 어렵게 되어 있더라고요.,[],['요에 있지 않던데 혹'],[],[],[],0,0,0,0,0,1,0,
spoken_data_24619.json,ccb1d7b1-c1cc-4c02-930c-b60be66dd278,991,○ <NAME> 위원:왜냐하면 모든 것들이 안내되어 있지 않고 주인 있은 집처럼 보이면 지금처럼 매번 탁자도 구입해야 돼는 의자도 고쳐야 되고 강의실도 훼손된 것 해야 되면 필요 없는 집에 아무렇게 쓰면 매일같이 이것 바꿔야 되잖아요.,[],['되어 있지 않고 주인'],[],[],[],0,0,0,0,1,0,0,
spoken_data_24619.json,ccb1d7b1-c1cc-4c02-930c-b60be66dd278,992,"이런 부분이 지금 문제로 계속 대두가 되니까 IT 교육장 같은 경우엔 전자교탁 프로그램 이것 2015년에 500만 원 2016년에는 예산 산출기초도 제출하지 않았는데 2,000만 원은 어떻게 편성했어요?",[],['제출하지 않았는데'],[],[],[],0,1,0,0,0,0,0,
spoken_data_37337.json,2a0d6b6c-322e-4100-bd4c-9c3f0f09ec6d,8,○ <NAME> 위원:예산은 정해져 있지 않다?,[],['해져 있지 않다?'],[],[],[],0,0,0,0,0,1,0,
spoken_data_37337.json,2a0d6b6c-322e-4100-bd4c-9c3f0f09ec6d,13,○소방재난본부장 <NAME> :무선페이징 시스템은 유선전화를 이용한도 것으로서 자기 집에 유선전화기가 설치된 장소로부터 50 내지 100m를 벗어나면 전화가 닿지 않습니다.,[],['화가 닿지 않습니다.'],[],[],[],0,0,0,0,0,1,0,
spoken_data_37337.json,2a0d6b6c-322e-4100-bd4c-9c3f0f09ec6d,22,○ <NAME> 위원:그게 어떻게 보면 무료가 되지 않아요?,[],['료가 되지 않아요?'],[],[],[],0,0,0,0,0,1,0,
spoken_data_37337.json,2a0d6b6c-322e-4100-bd4c-9c3f0f09ec6d,34,○소방재난본부장 <NAME> :무선페이징 시스템은 전년도에 국고보조를 받아서 시행하는 사업으로서 이월되는 바람에 내년까지 진행이 됩니다마는 이제 이 사업은 더 이상 안 할 겁니다.,['더 이상 안 할 겁니'],[],[],[],[],0,0,0,0,0,1,0,
spoken_data_37337.json,2a0d6b6c-322e-4100-bd4c-9c3f0f09ec6d,41,○소방재난본부장 <NAME> :그 점까지도 저가 고려하고 있습니다만 현재로서는 이것이 사업성이나 가치가 있는지에 대해서 이동통신사에서 검토가 안 끝난 상태에서 SK가 저희 의견에 따르면면 저희가 일단은 모험일지도 모르는 투자를 한 겁니다.,['검토가 안 끝난 상'],[],[],[],[],1,0,0,0,0,0,0,
spoken_data_37337.json,2a0d6b6c-322e-4100-bd4c-9c3f0f09ec6d,49,"○ <NAME> 위원장은 겉으로 제가 볼 때는 좋은 일 하는 것처럼, 기증하는 것처럼 하고 있지만 실제 내용은 이런 회선료까지 다 안 되면 기증이 되지, 점검료까지 안 받고 했다면 진짜 순수하게 기증을 했을니다는 노인들을 위해서 대기업이 복지에 참여하고 연간 전체하면 30억 이상만 그렇게 한다면 좋은 일 하는 거지만 실제 내용으로 볼 경우는 30억씩 도에서 지출하니까 제가 볼 경우는 SK가 됐든 어디가 됐든 이건 기업체에서 기증한 게 아니다, 결국은 저희들 장사를 막기 위한 수단에 족하다, 제가 할 때는 이렇게 판단하는 겁니다.","['까지 다 안 되면 기', '검료까지 안 받고 했']",[],[],[],[],0,1,0,0,1,0,0,
spoken_data_37337.json,2a0d6b6c-322e-4100-bd4c-9c3f0f09ec6d,63,"지금 도에서는 그걸 방치하고 도본부에서는 그런 상황을 만들을 안 하고 있지 않느냐, 그런 의미에서 제가 질의하는 것이 이거예요.",['만들을 안 하고 있'],[],[],[],[],0,1,0,0,0,0,0,
spoken_data_37337.json,2a0d6b6c-322e-4100-bd4c-9c3f0f09ec6d,68,○위원장 <NAME> :본예산은 아직 안 했습니다.,['은 아직 안 했습니다'],[],[],[],[],0,0,0,0,0,1,0,
spoken_data_37337.json,2a0d6b6c-322e-4100-bd4c-9c3f0f09ec6d,69,더 이하 질의하실 위원 안 계십니까?,['실 위원 안 계십니까'],[],[],[],[],0,0,0,0,0,1,0,
spoken_data_37337.json,2a0d6b6c-322e-4100-bd4c-9c3f0f09ec6d,70,더 이상 질의하실 위원이 안 계시므로 2005년도 7는 제3회 추가 추경 세입·세출 예산안 중 소방재난본부 소관사항에 대해서 질의 및 답변을 마치고 표결은 계수조정 소위원회 활동 결과에 대한 회신을 받은 후에 실시하도록 하겠습니다.,['위원이 안 계시므로'],[],[],[],[],0,0,0,0,1,0,0,
spoken_data_37337.json,2a0d6b6c-322e-4100-bd4c-9c3f0f09ec6d,149,"한편도 경상예산은 인건비, 기관운영 기본경비, 소방공무원의 선택적 복지제도 운영과 직무수행경비, 장기근속 소방공무원 수당도 등의 포상금, 도 지사기 소방가족 체육대회를 위한 민간행사 보조 및비 등 총 125억 9,607만 원이 계상되었는바, 이는 통상적인 조직 활동과 관련한 경비를 계상한 것으로서 많은 문제점을 발견하지 못하였습니다.",[],[],[],['발견하지 못하였습니'],[],0,0,0,0,0,1,0,
spoken_data_37337.json,2a0d6b6c-322e-4100-bd4c-9c3f0f09ec6d,162,"기타 예산은 인명구조용품 구입 등의 재료비, 무선페이징 및 시설 위탁관리비 등 5개 소방정보통신사업비, 자산 획득도 등 총 58억 7,410만 원이 계상되었는바, 이는 선진 응급의료체계 유지 및 노인 등의 소외계층에 대한 응급의료 지원을 제공코자 하는 것으로 사업의 타당성은 인정되나 소방정보통신사업의 납기, 준공시기 등이 불명확한 수 있으므로 예산집행에 차질이 발생되지 않도록 노력을 할 것입니다.",[],['발생되지 않도록 노'],[],[],[],0,1,0,0,0,0,0,
spoken_data_37337.json,2a0d6b6c-322e-4100-bd4c-9c3f0f09ec6d,164,"이중 경상예산은 인건비, 일반운영비, 직무수행경비 등 38억 5,722만 원이 계상되었는바, 예산은 조직운영과 같은 통상적 경비로 별다른 문제점을 발견하지 못하였습니다.",[],[],[],['발견하지 못하였습니'],[],0,0,0,0,0,1,0,
spoken_data_37337.json,2a0d6b6c-322e-4100-bd4c-9c3f0f09ec6d,168,"이중 경상예산은 인건비, 일반운영비, 직무수행경비, 일반보상금 약 2,589억 1,500만 원이 계상되었는바, 공무원은 소방공무원 정원 451명 증가 등에 따른 것으로 보아 소방관서 조직운영에 필수적인 경비로 문제점을 발견하지 못하였습니다.",[],[],[],['발견하지 못하였습니'],[],0,0,0,0,0,1,0,
spoken_data_37337.json,2a0d6b6c-322e-4100-bd4c-9c3f0f09ec6d,182,아직은 자세히 나와 있지 않은 사항을 묻겠습니다.,[],['나와 있지 않은 사항'],[],[],[],1,0,0,0,0,0,0,
spoken_data_37337.json,2a0d6b6c-322e-4100-bd4c-9c3f0f09ec6d,187,"○ <NAME> 위원:그런데 보상액이라고 하기에는 너무 작을 것 같은데, 어떤 재해가 일어날 수도 있고 안 일어날 수도 계시는 618만 6,000원으로 되어 있잖아요?",['도 있고 안 일어날'],[],[],[],[],1,0,0,0,0,0,0,
spoken_data_37337.json,2a0d6b6c-322e-4100-bd4c-9c3f0f09ec6d,199,"그런데 예산이 부족해서 그것밖에 안 하기 때문에 그것밖에 못 세우고 있지, 가령 요즘에 들어서 경추 보호대 같은 것은 병원에서는 의사가 떼어도 좋다고 말하기 전에는 떼지 말고 병원에 들여보내야 하는데 저희 직원들은 그것이 부족하니까 회수해서 오려고 기다리는 경우가 있습니다.",['그것밖에 안 하기 때'],[],['그것밖에 못 세우고'],[],['에는 떼지 말고 병원'],0,1,1,0,0,1,0,
spoken_data_37337.json,2a0d6b6c-322e-4100-bd4c-9c3f0f09ec6d,214,잘 쓰지는 않습니다 마는 한 번 쓰면 100만 원이 되다고 봐야 되는데 30개 소방서 같으면 한 소방 서당 평균치로 따지면 얼마 되지 않습니다.,[],"['얼마 되지 않습니다.', '잘 쓰지는 않습니다']",[],[],[],0,0,0,0,0,2,0,
spoken_data_37337.json,2a0d6b6c-322e-4100-bd4c-9c3f0f09ec6d,246,"○소방재난본부장 <NAME> :예산에이 이미 확보돼 있고 변동이 없기 때문에 안 올린 겁니까는
○ <NAME> 위원:그리고 내년도에 소방본부에서 소방차 129대를 교체하는 법으로 돼있습니다.",['때문에 안 올린 겁'],[],[],[],[],1,0,0,0,0,0,0,
spoken_data_37337.json,2a0d6b6c-322e-4100-bd4c-9c3f0f09ec6d,250,○ <NAME> 위원장님 제가 따져보니까 대당 100만 원꼴밖에 안 되더라고요.,['원꼴밖에 안 되더라고'],[],[],[],[],0,0,0,0,0,1,0,
spoken_data_37337.json,2a0d6b6c-322e-4100-bd4c-9c3f0f09ec6d,261,○ <NAME> 위원:저희는 소방서 직원들이 하니까 예산을 안 잡는다.,['예산을 안 잡는다.'],[],[],[],[],0,0,0,0,0,1,0,
spoken_data_37337.json,2a0d6b6c-322e-4100-bd4c-9c3f0f09ec6d,280,"○소방재난본부장 <NAME> :7,800원에는 부가세가 포함되어 나오지 않습니다.",[],['어 나오지 않습니다.'],[],[],[],0,0,0,0,0,1,0,
spoken_data_37337.json,2a0d6b6c-322e-4100-bd4c-9c3f0f09ec6d,289,○ <NAME> 위원:그러나한 시점에는 요금 협정이 안 됐다.,['협정이 안 됐다.'],[],[],[],[],0,0,0,0,0,1,0,
spoken_data_37337.json,2a0d6b6c-322e-4100-bd4c-9c3f0f09ec6d,292,"그 8,000원도 개략적으로 예산을 세우는 시점에는 사업성이 검토가 안 될 상태였기 때문에 약 8,000원 수준으로 하자.",['검토가 안 될 상태'],[],[],[],[],1,0,0,0,0,0,0,
spoken_data_37337.json,2a0d6b6c-322e-4100-bd4c-9c3f0f09ec6d,293,"○ <NAME> 위원:부가세가 어떤 거예요, 안 된 거예요?","['거예요, 안 된 거예']",[],[],[],[],0,0,0,0,0,1,0,
spoken_data_37337.json,2a0d6b6c-322e-4100-bd4c-9c3f0f09ec6d,321,"○ <NAME> 위원:헬기별로 어느 회사에 얼마큼 돼 있는지 하는 간단하죠, 복잡하지 않죠?",[],['복잡하지 않죠?'],[],[],[],0,0,0,0,0,1,0,
spoken_data_37337.json,2a0d6b6c-322e-4100-bd4c-9c3f0f09ec6d,341,○소방재난본부장 <NAME> :비슷한 경우도 있었기 때문에 이렇게 못 잡은 겁니다.,[],[],['이렇게 못 잡은 겁'],[],[],1,0,0,0,0,0,0,
spoken_data_37337.json,2a0d6b6c-322e-4100-bd4c-9c3f0f09ec6d,353,다음 설명자료 109쪽에 보면 본부에서 지침을 안 주시는지 소방서별로 살펴보는 재미있는 자료가 나와 있어요.,['지침을 안 주시는지'],[],[],[],[],0,1,0,0,0,0,0,
spoken_data_37337.json,2a0d6b6c-322e-4100-bd4c-9c3f0f09ec6d,364,"연천 소방서만, 이런 데는 안 나와있고.",['런 데는 안 나와있고'],[],[],[],[],0,0,0,0,0,1,0,
spoken_data_37337.json,2a0d6b6c-322e-4100-bd4c-9c3f0f09ec6d,365,○소방재난본부장 <NAME> :예산 서에도 비슷한 방법으로 계상을 했을 텐데 제는 표현 방법의 통일을 못 시켰습니다.,[],[],['통일을 못 시켰습니'],[],[],0,0,0,0,0,1,0,
spoken_data_37337.json,2a0d6b6c-322e-4100-bd4c-9c3f0f09ec6d,366,○ <NAME> 위원:통일을 못 시켰지만 예산이 기준의 몇%보장돼야 하지는 겁니까?,[],[],[':통일을 못 시켰지만'],[],[],0,0,0,0,0,1,0,
spoken_data_37337.json,2a0d6b6c-322e-4100-bd4c-9c3f0f09ec6d,368,"○ <NAME> 위원:그건 아니고 다른 데 소방청사, 물론 손해 안을 수는 없지만 이렇게 여기는 딱 튀어나와 가지고 안 드러나고 하는데 예산편성할 텐데 그러면 이윤을 최대 몇%까지 보장하게 돼 있어요?",['가지고 안 드러나고'],[],[],[],[],0,1,0,0,0,0,0,
spoken_data_37337.json,2a0d6b6c-322e-4100-bd4c-9c3f0f09ec6d,373,포천 소방서만 딱 나와있으니까 다른 데는 안 하고 있는데.,['른 데는 안 하고 있'],[],[],[],[],0,0,0,0,0,1,0,
spoken_data_37337.json,2a0d6b6c-322e-4100-bd4c-9c3f0f09ec6d,375,○ <NAME> :는 원래 나오면 안 되는 거죠?,['나오면 안 되는 거'],[],[],[],[],1,0,0,0,0,0,0,
spoken_data_37337.json,2a0d6b6c-322e-4100-bd4c-9c3f0f09ec6d,378,"예산만 사업비 계산을 할 적에는 적정이윤을 포함해서 산출하도록 돼 있고 각 서별로 표기하는 방법에 따라서 이윤을 표기한 적도 있고 안 한 곳도, 나머지도 이렇게 포함되도록 산출한답니다.",['도 있고 안 한 곳도'],[],[],[],[],1,0,0,0,0,0,0,
spoken_data_37337.json,2a0d6b6c-322e-4100-bd4c-9c3f0f09ec6d,379,"○ <NAME> :는 이윤을 별도로 나타내도 상관은 없다, 예산편성기준에 맞지 않는다?",[],['준에 맞지 않는다?'],[],[],[],0,0,0,0,0,1,0,
spoken_data_37337.json,2a0d6b6c-322e-4100-bd4c-9c3f0f09ec6d,380,"○김남성 위원:그럼 옆의 108쪽에 있는 김포, 화성 파출소 신축 계획은 경우에도 표현을 안 했지만 설계비, 건축비, 감리비, 부대비 등을돼 있다.",['표현을 안 했지만'],[],[],[],[],0,0,0,0,0,1,0,
spoken_data_37337.json,2a0d6b6c-322e-4100-bd4c-9c3f0f09ec6d,381,상식적으로 납득이 잘 안 가는데요.,['득이 잘 안 가는데요'],[],[],[],[],0,0,0,0,0,1,0,
spoken_data_37337.json,2a0d6b6c-322e-4100-bd4c-9c3f0f09ec6d,385,"○ <NAME> 위원:믿고, 그렇지만 제가 예산서를 쭉 보니까 제2소방 본부 관련 예산은 아직도 안 세우셨어요.",['아직도 안 세우셨어'],[],[],[],[],0,0,0,0,0,1,0,
spoken_data_37337.json,2a0d6b6c-322e-4100-bd4c-9c3f0f09ec6d,387,○ <NAME> 위원:이것도 내년 추가경정예산 때 세워주실 것으로 믿고 안 하셨어요?,['로 믿고 안 하셨어요'],[],[],[],[],0,0,0,0,0,1,0,
spoken_data_37337.json,2a0d6b6c-322e-4100-bd4c-9c3f0f09ec6d,402,어려운 영세업자의 경우에 과태료까지 내야에 요즘 장사도 안 되는데 어려움을 덜어주는 측면에서 바로 하지 말고 하든지 아니면 계도할 수 잇는 방법을 연구했으면 해서 말씀을 드린 거고요.,['장사도 안 되는데'],[],[],[],['바로 하지 말고 하든'],0,2,0,0,0,0,0,
spoken_data_37337.json,2a0d6b6c-322e-4100-bd4c-9c3f0f09ec6d,403,○소방재난본부장 <NAME> :제도적으로 법적으로는 어떤 업체가 어렵다고 해도 지적됐으면 과태료 처분을 제대로 할 수 없기 때문에 본부장이 지시를 안 할 수는 없습니다만 집행하는 일선 소방서장들이 업체의 사정을 봐가면서 이렇게<NAME>는 것으로 알고 있습니다.,['지시를 안 할 수는'],[],[],[],[],1,0,0,0,0,0,0,
spoken_data_37337.json,2a0d6b6c-322e-4100-bd4c-9c3f0f09ec6d,423,○ <NAME> 위원:그러면 구조변경할 사람에 돈 안 줘요?,['람에 돈 안 줘요?'],[],[],[],[],0,0,0,0,0,1,0,
spoken_data_37337.json,2a0d6b6c-322e-4100-bd4c-9c3f0f09ec6d,440,○ <NAME> 위원장은 구조변경하는 데는 돈을 안 줬다.,['는 돈을 안 줬다.'],[],[],[],[],0,0,0,0,0,1,0,
spoken_data_37337.json,2a0d6b6c-322e-4100-bd4c-9c3f0f09ec6d,458,○소방재난본부장 <NAME> :위성채널의 경우에 주파수 사용료를 내는 것하고 결국은 같은 사업도 중복되는 부분도 있을 수 있겠습니다만 위성채널 사용료는 못 내고 있는 겁니다.,[],[],['사용료는 못 내고 있'],[],[],1,0,0,0,0,0,0,
spoken_data_37337.json,2a0d6b6c-322e-4100-bd4c-9c3f0f09ec6d,468,꼭 필수불가결한 것 같지는 않은데.,[],['것 같지는 않은데.'],[],[],[],0,0,0,0,0,1,0,
spoken_data_37337.json,2a0d6b6c-322e-4100-bd4c-9c3f0f09ec6d,488,○소방재난본부장 <NAME> :위탁관리비는 점점 줄일 수 있겠지만 무선페이징 시스템 등 기계가 완전히 나가서 내용연수가 끝에 못 쓰게 될 때까지는 계속 사용할 계획입니다.,[],[],['가 끝에 못 쓰게 될'],[],[],1,0,0,0,0,0,0,
spoken_data_37337.json,2a0d6b6c-322e-4100-bd4c-9c3f0f09ec6d,498,"그러니까 진짜 확실하게 지역사회에 공헌하려면 확실하게 하고 그렇게 포장만 해놓고 조치를 취하는 건 떳떳하지 않다, 기업체로서.",[],"['떳떳하지 않다, 기']",[],[],[],0,0,0,0,0,1,0,
spoken_data_37337.json,2a0d6b6c-322e-4100-bd4c-9c3f0f09ec6d,500,"그렇지 않다면 객관적인 자료를 가지고 와봐라, 그렇지 않습니까? 라는 뜻에서 말씀드린 것이고요.",[],['그렇지 않다면 객'],[],[],[],0,0,0,0,1,0,0,
spoken_data_37337.json,2a0d6b6c-322e-4100-bd4c-9c3f0f09ec6d,520,○ <NAME> 위원장님 그래서 교통비도 못 주는 겁니까?,[],[],['교통비도 못 주는 겁'],[],[],1,0,0,0,0,0,0,
spoken_data_37337.json,2a0d6b6c-322e-4100-bd4c-9c3f0f09ec6d,526,왜 자기가 여기 안 속해 있다고 해서 소방서가 불이익을 받는 것 아닌가 이런 생각을 가질 수 있어요.,['가 여기 안 속해 있'],[],[],[],[],0,0,0,1,0,0,0,
spoken_data_37337.json,2a0d6b6c-322e-4100-bd4c-9c3f0f09ec6d,528,"물론 중장기 계획을 짜놓고 계시지만 여기 보면 예산이 모자라서 될지 모르지만 9개 경찰서 파출소는 아직 반영이 안 됐다는데 그런저런 것들을 볼 때 차근차근 1개년, 2개년, 3개년, 5개년 정도에 계획에 맞춰서 움직일 수 있는 틀을 만들어 주는 것이 도민들에 대한 예의다, 제가 볼 때는 ▲다
○소방재난본부장 <NAME> :지난번 행정사무감사 결과에 존경하는 <NAME> 위원님께서 이런 부분을 지적해 주셔서 저희 나름대로 소방서 부지 기준이나 면적이나 파출소 기준 문제에 대해서 지금 생각을 다시 하고 있는 중입니다만",['반영이 안 됐다는데'],[],[],[],[],0,0,0,0,0,1,0,
spoken_data_37337.json,2a0d6b6c-322e-4100-bd4c-9c3f0f09ec6d,541,부천 소사는 데는 시가 도와주니까 부지매입비가 56억 원밖에 안 되지만 광명 소방서에 경우는 거의 두 배가 됩니다.,['원밖에 안 되지만'],[],[],[],[],0,0,0,0,0,1,0,
spoken_data_37337.json,2a0d6b6c-322e-4100-bd4c-9c3f0f09ec6d,544,"시가 협조를 안 해 줄면 굳이 우리가 두 배, 세 배 비싼 땅을 더 해줄 필요가 있겠느냐, 이 시설은 우리가 해주지만 시 군 시설이거든요.",['협조를 안 해 줄면'],[],[],[],[],0,0,0,0,1,0,0,
spoken_data_37337.json,2a0d6b6c-322e-4100-bd4c-9c3f0f09ec6d,545,그래서 조례 제정을 하자 이런 말씀을 드렸는데 우리 본부장님께서는 이 지역이 가장 어느 시 군하고 차이를 안 보이는 정확한 조례 제정이 필요하다고 생각합니다.,['차이를 안 보이는'],[],[],[],[],1,0,0,0,0,0,0,
spoken_data_37337.json,2a0d6b6c-322e-4100-bd4c-9c3f0f09ec6d,552,이런 부분들을 알고 있음에도 불구하고 실질적으로 화재가 나면 그게 해결이 안 되더라는 걸 행정사무감사 가서 봤습니다.,['해결이 안 되더라는'],[],[],[],[],1,0,0,0,0,0,0,
spoken_data_37337.json,2a0d6b6c-322e-4100-bd4c-9c3f0f09ec6d,556,"이런 것들을 어떻게 전혀 효율적이지 못한 훈련을 유사시에 하지 못하는 이런 것들을 계속해야 되는지 난 그런 부분들을 일선 소방서장님들한테 말씀드리고 싶어서 지금 당장에을 참아달라고 했던 건데, 어떻게 생각하십니까?",[],[],[],"['효율적이지 못한 훈련', '시에 하지 못하는 이']",[],2,0,0,0,0,0,0,
spoken_data_37337.json,2a0d6b6c-322e-4100-bd4c-9c3f0f09ec6d,561,그런 것들을 계속 유사시에 펼칠지 못하는 것을 계속 훈련을 시켜야 되느냐 아니면 에어매트를 줄여야 되느냐 이런 부분을 확실히 관할 하는 2006년도 훈련부터는 그렇게 현실에 맞는 훈련을 시켜야 되지 않겠느냐,[],[],[],['에 펼칠지 못하는 것'],[],1,0,0,0,0,0,0,
spoken_data_37337.json,2a0d6b6c-322e-4100-bd4c-9c3f0f09ec6d,564,○ <NAME> 위원:그은 예산 가지고 정말 그 지역에 일단 화재가 났고 효율적으로 쓸 수가 있는 장비가 있어야 되는데 어떨 때는 사이즈가 좀 커서 못 쓴다만 어떨 때는 용량이 작아서 못 쓴다고 하면 그걸 위해에 예산을 들여서 훈련할 이유가 없지 않으냐 그런 생각으로 말씀드리는 겁니다.,[],[],"['좀 커서 못 쓴다만', '작아서 못 쓴다고']",[],[],0,1,0,1,0,,0,
spoken_data_37337.json,2a0d6b6c-322e-4100-bd4c-9c3f0f09ec6d,570,무조건 훈련이 돼서는 안 된다는 건 행정사무감사 때 저의 생각이었습니다.,['돼서는 안 된다는'],[],[],[],[],1,0,0,0,0,0,0,
spoken_data_37337.json,2a0d6b6c-322e-4100-bd4c-9c3f0f09ec6d,572,그러한 소방인력을 양성하는 소방학교의 주요 목표가 우수한 인력을 배출해 주는 것이고 우리 일천만 경기도민을 대상으로 화재가 가지 않도록 교육하는 것 아니겠습니까?,[],['재가 가지 않도록 교'],[],[],[],0,1,0,0,0,0,0,
spoken_data_37337.json,2a0d6b6c-322e-4100-bd4c-9c3f0f09ec6d,587,그다음에 뽑힌 사람들이 12주 교육받는 것은 실무에서 바로 적응할 수 있을 정도의 충분한 교육은 못 됩니다.,[],[],['교육은 못 됩니다.'],[],[],0,0,0,0,0,1,0,
spoken_data_37337.json,2a0d6b6c-322e-4100-bd4c-9c3f0f09ec6d,589,그렇다고 하더라도 충분한 교육을 받지 못했다고 그 사람들이 리포트 하는 걸 들은 적이 있었는데요.,[],[],[],['육을 받지 못했다고'],[],0,0,0,1,0,0,0,
spoken_data_37337.json,2a0d6b6c-322e-4100-bd4c-9c3f0f09ec6d,590,12주 정도에 많은 예산이 들어가고 오랜 기간이긴 합니다만 그래도는 실제로 나와서 선배들 쫓아다니면서 연찬을 하면서 불을 꺼야 되고 인명구조를 해도 되는 정도의 교육 수준밖에는 안 된다고 제는 이해하고 있습니다.,['준밖에는 안 된다고'],[],[],[],[],0,0,0,1,0,0,0,
spoken_data_37337.json,2a0d6b6c-322e-4100-bd4c-9c3f0f09ec6d,591,○ <NAME> :님 그렇게 말씀하시면 글자 그대로 전시적이고 의무적이고 그냥 12주만 시키면 된다는 얘기로밖에 안 들리는데 참 답답합니다.,['기로밖에 안 들리는데'],[],[],[],[],0,0,0,0,0,1,0,
spoken_data_37337.json,2a0d6b6c-322e-4100-bd4c-9c3f0f09ec6d,596,○소방재난본부장 <NAME> :예산이 부족해서 12주밖에 못 시키는 겁니다.,[],[],['2주밖에 못 시키는'],[],[],1,0,0,0,0,0,0,
spoken_data_37337.json,2a0d6b6c-322e-4100-bd4c-9c3f0f09ec6d,603,○소방재난본부장 <NAME> :그런데 국비보조가 줄은 것 중에는 소방차량의 경우에는 국비보조가 전혀 안 되고 있습니다.,['가 전혀 안 되고 있'],[],[],[],[],0,0,0,0,0,1,0,
spoken_data_37337.json,2a0d6b6c-322e-4100-bd4c-9c3f0f09ec6d,606,예산처에서 소방업무가 소관 업무이기 때문에 국비보조는 안 주겠다는 겁니다.,['비보조는 안 주겠다는'],[],[],[],[],1,0,0,0,0,0,0,
spoken_data_37337.json,2a0d6b6c-322e-4100-bd4c-9c3f0f09ec6d,618,○ <NAME> :의 장비 보강이 갑자기 법이 개정되지 않았음에도 불구하고 이렇게 갑자기 국고보조를 안 한다면 얼마나 원활하게 돌아갈 수가 있나요?,['고보조를 안 한다면'],['개정되지 않았음에도'],[],[],[],0,0,1,0,1,0,0,
spoken_data_37337.json,2a0d6b6c-322e-4100-bd4c-9c3f0f09ec6d,630,그리고 또 증액을 요구했는데 반영이 안 돼서 그렇습니다.,['반영이 안 돼서 그'],[],[],[],[],0,1,0,0,0,0,0,
spoken_data_37337.json,2a0d6b6c-322e-4100-bd4c-9c3f0f09ec6d,632,○소방재난본부장 제진주:금액은 정해져서 늘어나지 못하고 그래서 단가를 … ….,[],[],[],['늘어나지 못하고 그'],[],0,0,0,0,1,0,0,문장 완성 안 됨
spoken_data_37337.json,2a0d6b6c-322e-4100-bd4c-9c3f0f09ec6d,638,10명밖에 못 가는데 13명 주자 그런 뜻으로 말씀하시는 것 아닙니까?,[],[],['0명밖에 못 가는데'],[],[],0,0,0,0,0,1,0,
spoken_data_37337.json,2a0d6b6c-322e-4100-bd4c-9c3f0f09ec6d,640,지금 3명분을 증액 요구를 하는데 예산상 증액이 안 됐습니다.,['증액이 안 됐습니다'],[],[],[],[],0,0,0,0,0,1,0,
spoken_data_37337.json,2a0d6b6c-322e-4100-bd4c-9c3f0f09ec6d,645,○ <NAME> 위원:그럼 어느 사람은 아니고 어떤 사람은 안 입습니까?,['사람은 안 입습니까'],[],[],[],[],0,0,0,0,0,1,0,
spoken_data_37337.json,2a0d6b6c-322e-4100-bd4c-9c3f0f09ec6d,646,"○소방재난본부장 <NAME> :기왕에 신규대원이나 보조금을 지급받은 사람들을 교체하고 신규 보급하는 순으로 하는 것이기 보다가 첫째, 복제가 개정이 안 됐다면 누구는 입고 있고 안 입고하는 차이는 없습니다.","['개정이 안 됐다면', '고 있고 안 입고하는']",[],[],[],[],1,0,0,0,1,0,0,
spoken_data_37337.json,2a0d6b6c-322e-4100-bd4c-9c3f0f09ec6d,651,○소방재난본부장 <NAME> :위원님들께서는 좀 걱정을 하셨고 제가 못 할 걸로 하겠습니다.,[],[],['고 제가 못 할 걸로'],[],[],1,0,0,0,0,0,0,
spoken_data_37337.json,2a0d6b6c-322e-4100-bd4c-9c3f0f09ec6d,666,○ <NAME> 위원장은 그런 쪽으로 질의를 드린 게 아니고 우리가 일선 소방서를 직접 가보지는 못합니다.,[],[],[],['접 가보지는 못합니다.'],[],0,0,0,0,0,1,0,
spoken_data_37337.json,2a0d6b6c-322e-4100-bd4c-9c3f0f09ec6d,674,그러면 틀에 이렇게 분별을 가지 말고 필요한 예산이 적정치 안게 올려서라도 하나라도 제대로 해야 되지 않냐는 그런 생각을 말씀드리는 겁니다.,[],[],[],[],['별을 가지 말고 필요'],0,0,0,0,0,1,0,인용절?부사절?
spoken_data_37337.json,2a0d6b6c-322e-4100-bd4c-9c3f0f09ec6d,676,"예산편성지침에 그렇게 돼 있어서 더 이상 못 보고 있는 것은
○ <NAME> 위원:예산편성지침에는 이렇게 나누는 식으로, 잘못되면 잘못됐다고 지적을 하고 그래야지 한 번도 건의를 좀 해보잖아요.",[],[],['더 이상 못 보고 있'],[],[],1,0,0,0,0,0,0,
spoken_data_37337.json,2a0d6b6c-322e-4100-bd4c-9c3f0f09ec6d,692,"그렇게만 본다면 더 대우는 못 받을망정 같은 대우를 받아야 되는데 그러지 않는 것이 여기저기서 보인다, 는 것을 응원해 주고 뒷받침해 주는 분은 누구냐, 자치행정 위원들이에요.",[],['데 그러지 않는 것이'],['대우는 못 받을망정'],[],[],2,0,0,0,0,0,0,
spoken_data_37337.json,2a0d6b6c-322e-4100-bd4c-9c3f0f09ec6d,693,"○ <NAME> 위원:제님 본부장님은 여기서 본부장님한테 힘을 실어드리려고 하는 입장에서 말씀을 드리면 답변을 분명히 해주셔야 된다가 지사의 입장에서 본다면 지 사를 편애해서는 안 된다, 이거예요.","['애해서는 안 된다,']",[],[],[],[],0,0,0,0,0,1,0,
spoken_data_37337.json,2a0d6b6c-322e-4100-bd4c-9c3f0f09ec6d,694,어디까지나 독립된 기관의 장으로서의 소방공무원을 못 안고 소방공무원의 자격증을 따는데 그래도 지사한테는 욕을 먹을망정 그래도 공무원들이나 … ….,[],[],['공무원을 못 안고 소'],[],[],0,1,0,0,0,0,0,
spoken_data_37337.json,2a0d6b6c-322e-4100-bd4c-9c3f0f09ec6d,698,본 위원은 여기서 무슨 질문을 드리고 싶냐하면 벤치마킹으로 다 커버할 수 있는 겁니다이지 소방정책관리자 반 해외 정책연수라는 게 더는 필요하지 않다고 이렇게 생각하는 사람입니다.,[],['필요하지 않다고 이'],[],[],[],0,0,0,1,0,0,0,
spoken_data_37337.json,2a0d6b6c-322e-4100-bd4c-9c3f0f09ec6d,726,그래서 119대축제 운영비 관계는 아마 다른 위원님들이 생각을 안 하신 것 같아서 내가 지적을 하는데 우리는 그날 몇 번씩 갔다 왔어요.,['생각을 안 하신 것'],[],[],[],[],1,0,0,0,0,0,0,
spoken_data_37337.json,2a0d6b6c-322e-4100-bd4c-9c3f0f09ec6d,738,"○ <NAME> 위원장님 앞으로 이렇게 가지 말자고, 우리.",[],[],[],[],"['렇게 가지 말자고,']",0,0,0,1,0,0,0,
spoken_data_37337.json,2a0d6b6c-322e-4100-bd4c-9c3f0f09ec6d,759,소방공무원에 대해서는 따로 보고받은 게 아니고 개별적으로 취합되지 아니한 직원들의 이야기를 들어보니까 체육시설을 이용한다든지 학원 수강하거나 도서구입한다든지 또 여행 비용이나 자녀교육에 쓰겠다는 사람들이 꽤 있었습니다.,[],['취합되지 아니한 직원'],[],[],[],1,0,0,0,0,0,0,
spoken_data_37337.json,2a0d6b6c-322e-4100-bd4c-9c3f0f09ec6d,760,○ <NAME> 위원:어떤 정책을 세울 때 지금까지는 수혜자 위주의 복지였다면 수혜자 위주의 복지로 간다고 하면 당연히 선행돼야 할 것들이 설문조사에 의해서 욕구조사가 밝혀지지 않으면 안 된 것 같거든요.,['않으면 안 된 것'],['밝혀지지 않으면 안'],[],[],[],1,1,0,0,0,0,0,
spoken_data_37337.json,2a0d6b6c-322e-4100-bd4c-9c3f0f09ec6d,772,"○ <NAME> 위원:그러면 출퇴근 시 군별로, 근무상황별로, 연령대별로, 분명히 그 수혜자의 욕구가 다를 거라고 생각이 되는데 지금까지의 공급자 여러분은 이 복지예산을 쓰지 않고 맞춤형 복지제도를 꼭 할 수 있도록 배려해 달라를 바랍니다.",[],['산을 쓰지 않고 맞춤'],[],[],[],0,1,0,0,0,0,0,
spoken_data_37337.json,2a0d6b6c-322e-4100-bd4c-9c3f0f09ec6d,783,○소방재난본부장 <NAME> :아직까지 그런 혜택을 못 받았습니다.,[],[],['혜택을 못 받았습니'],[],[],0,0,0,0,0,1,0,
spoken_data_37337.json,2a0d6b6c-322e-4100-bd4c-9c3f0f09ec6d,788,"○ <NAME> 위원:지난번 행정사무감사 당시 <NAME> 위원님께서 말씀하신 적이 있는데 소방공무원이 불을 끌고 갈 땐 부모한테 안부전화할 때는 불을 끄러 가지 않는다고 말씀을 하셨다는 얘기가 나옵니다는데 참으로 소방공무원 부모님들께서는 자식에 대한 안전사고에 관해서 굉장히 마음을 졸이기 때문에 이러한 모범 공무원으로서 선발이 되면 저희의 부모님도 모시고 다닐 수 있는 여건을 조성해 주셨으면 하는 생각이 됩니다다
○소방재난본부장 <NAME> :네, 알겠습니다.",[],['끄러 가지 않는다고'],[],[],[],0,0,0,1,0,0,0,
spoken_data_37337.json,2a0d6b6c-322e-4100-bd4c-9c3f0f09ec6d,804,"○소방재난본부장 <NAME> :이제 얼른 기억은 안 하겠습니다만 약 1,500여 명 된답니다.",['기억은 안 하겠습니'],[],[],[],[],0,0,0,0,0,1,0,
spoken_data_37337.json,2a0d6b6c-322e-4100-bd4c-9c3f0f09ec6d,817,따로 예산은 안 세웠지만 소방학교에서 민간교육할 때 같이 부담도 일단 해소될 수 있을 것으로 이해됩니다.,['예산은 안 세웠지만'],[],[],[],[],0,0,0,0,0,1,0,
spoken_data_37337.json,2a0d6b6c-322e-4100-bd4c-9c3f0f09ec6d,822,○소방재난본부장 <NAME> :지역별로 소외된다는 오해를 받을 수도 있을 꺼 같아서 내부적으로 고참순으로 주는 겁니다을 가장 그나마 한 번에 다 주지 못할 때에는 … ….,[],[],[],['다 주지 못할 때에'],[],1,0,0,0,0,0,0,
spoken_data_37337.json,2a0d6b6c-322e-4100-bd4c-9c3f0f09ec6d,825,제를 들어 안양시 지역 대원들은 다 준다기에 평택시 대원은 안 준다고 그러면 지역별로 편차가 있다고 의심을 받을 수 있는 소지도 충분히 있고요.,['대원은 안 준다고'],[],[],[],[],0,0,0,1,0,0,0,
spoken_data_37337.json,2a0d6b6c-322e-4100-bd4c-9c3f0f09ec6d,834,지난번 행정감사 때 거의 전부다 안 올라와서 질의를 했더니 안 올라온 곳도 있다고 그렇게 답변을 하셨거든요.,"['전부다 안 올라와서', '했더니 안 올라온']",[],[],[],[],1,0,1,0,0,0,0,
spoken_data_37337.json,2a0d6b6c-322e-4100-bd4c-9c3f0f09ec6d,835,○소방재난본부장 <NAME> :원칙적으로는 다 하도록 지침은 있지만 거기에서 전년도에 참석해서 우수한 데는 할 것이 없다든지 이렇게 해서 일부 안 올라온 데도 있습니다.,['서 일부 안 올라온'],[],[],[],[],1,0,0,0,0,0,0,
spoken_data_37337.json,2a0d6b6c-322e-4100-bd4c-9c3f0f09ec6d,849,○소방재난본부장 <NAME> :그건 제가 보지 못했는데요.,[],[],[],['제가 보지 못했는데요'],[],0,0,0,0,0,1,0,
spoken_data_37337.json,2a0d6b6c-322e-4100-bd4c-9c3f0f09ec6d,852,○ <NAME> 위원:요즘 아이들이 항상 현장에서 느끼는 게 성교육이라든지 아니면 이런 화재예방이라든지 그런 부분들이 흔히 우리가 알고 있는 일상적인 지식 이상의 것을 알고 싶어 하는데 이런 교육기관에 가서 보지 않아도 그 정도는 알고 있는데 우리가 갈 때나 받을 때는 더 크는 기대를 가지고 새로운 지식을 하고 싶어서 가는데 그런 교육 비디오 제작들이 국가나 지자체에서 사전 준비가 잘 안되어 있더라고요.,[],['가서 보지 않아도 그'],[],[],[],0,1,0,0,0,0,0,
spoken_data_37337.json,2a0d6b6c-322e-4100-bd4c-9c3f0f09ec6d,853,"항상 일상적인 내용 이외에는 전문적인 내용을 해서 제작해야 됨에도 불구하고 지금 이것도 그러지 않나, 제가 그 홍보물을 보지 못해서 단적으로 말씀을 못 드렸는데고 관에서 홍보물들이 전문적인 부분에서 많이 떨어진다는 생각을 가지고 있거든요.",[],[],['말씀을 못 드렸는데'],['물을 보지 못해서 단'],[],0,1,0,0,0,1,0,
spoken_data_37337.json,2a0d6b6c-322e-4100-bd4c-9c3f0f09ec6d,854,○소방재난본부장 <NAME> :유치원이나 초등학생 수준에 맞추게 제작하고 활용하고 있습니다만 지적해 주신 대로 혹시 천편일률적이고 제대로 정보가 전달되지 않는지를 다시 점검을하고 그런 부분이 있다면 시정해서 제작토록 하겠습니다.,[],['전달되지 않는지를'],[],[],[],0,0,1,0,0,0,0,
spoken_data_37337.json,2a0d6b6c-322e-4100-bd4c-9c3f0f09ec6d,855,"○ <NAME> :는 이왕이면 예산을 집행하면서 효과를 높여야 되기 때문에 호기심이 가고 새로운 부분을 담길 수 있고 그리고 연령에 맞게끔, 아이는 부모들이나 일상에서 보지 않는 새로운 부분을 담을 수가 있도록 연구해 주시기를 부탁드립니다.",[],['에서 보지 않는 새로'],[],[],[],1,0,0,0,0,0,0,
spoken_data_37337.json,2a0d6b6c-322e-4100-bd4c-9c3f0f09ec6d,859,"그런데 이것은 그렇게 가야 되지 않느냐라고 고개를 들고 사실 우리가 핸드폰이 안 나왔을 때는 핸드폰 값을 받지 않고 매월 받는 이용료에서 회사 이윤을 남기려고 무상으로 주다가 그게 공정거래위원회에 걸려서 그러는데, 이 부분도 사실 우리가 정부에 지원을 받았다고 하지만 어찌 보면 이용료만 가지고도 그 회사 이윤이 남는 않을까라고 생각되는데 어떻게 생각하십니까?",['핸드폰이 안 나왔을'],['값을 받지 않고 매월'],[],[],[],1,0,0,0,0,1,0,
spoken_data_37337.json,2a0d6b6c-322e-4100-bd4c-9c3f0f09ec6d,860,"○소방재난본부장 <NAME> :아까 여러 위원님께서도 역시 마찬가지 얘기를 해주셨습니다만 이용료만 가지고도, 기기값을 안 물고도 사용료를 받을 수 없을 거라고도 생각이 됩니다.",['기기값을 안 물고도'],[],[],[],[],0,1,0,0,0,0,0,
spoken_data_37337.json,2a0d6b6c-322e-4100-bd4c-9c3f0f09ec6d,861,아무튼 분석해서 도비가 낭비되지 않도록 하겠습니다.,[],['낭비되지 않도록 하'],[],[],[],0,1,0,0,0,0,0,
spoken_data_37337.json,2a0d6b6c-322e-4100-bd4c-9c3f0f09ec6d,865,"그런데 관리라는 것이 수리하는 수준까지는, 가벼운 것은 몰라도 사용하시는 분들이 제대로 사용하는 방법을 몰라서 소리 내는 것을 확인하는 수준까지밖에 안 됐었는데 위탁관리를 한다를 해서 모든 사람들이 사소한 것까지 다 수리해 주는 위탁관리 시스템으로 가는 걸 이해하고 있습니다.",['까지밖에 안 됐었는데'],[],[],[],[],0,1,0,0,0,0,0,
spoken_data_37337.json,2a0d6b6c-322e-4100-bd4c-9c3f0f09ec6d,871,"단말기를 가지고 오신 분들에게 저희 직원들이 구급대원들이 아닌 전 소방공무원 5,000명이 관리한다고 해도 정작 저희 직원들이 타고 났는지를 확인할 수 있는 손이 안 됩니다.",['는 손이 안 됩니다.'],[],[],[],[],0,0,0,0,0,1,0,
spoken_data_37337.json,2a0d6b6c-322e-4100-bd4c-9c3f0f09ec6d,874,"갑자기 언어소통이 안 되는 당뇨병 환자가 무선페이징 단추를 누르면 급하게 인접한 데서 구조할 수 있도록 도입됐는데 우리나라 사람은 경우는 무작위로 도입되면서 말을 할 수 없는 사람, 전화를 걸 수가 있는 사람 모든 사람들한테 그걸 줬습니다.",['어소통이 안 되는 당'],[],[],[],[],1,0,0,0,0,0,0,
spoken_data_37337.json,2a0d6b6c-322e-4100-bd4c-9c3f0f09ec6d,894,"체력 보강이 되고 위험한 상황에서 재산과 생명을 지키고 우리 남의 재산과 인명을 지키려면 내 생명을 먼저 지켜서 이런 부분에 있어서는 바람직한데 여태껏 그게 없었나 싶어서 제가 질의를 하는 겁니까는
○소방재난본부장 <NAME> :시설이 있어야 될 것인데 설치를 못 했었습니다.",[],[],['설치를 못 했었습니'],[],[],0,0,0,0,0,1,0,
spoken_data_37337.json,2a0d6b6c-322e-4100-bd4c-9c3f0f09ec6d,897,○소방재난본부장 <NAME> :시민안전체험시설이 대두가 된 겁니다은 작년 대구 지하철 화재 시에 재난 상황에서의 자구 방안을 시민들이 못 갖추어서 많이 죽었다고 이해하고 있어서 중앙에서부터 시민이 화재 등의 상황을 직접 체험함으로 인해 위기 상황에서 자기 자신의 생명을 구할 수 있는 방안을 강구해야 되겠다는 생각이 시작됐었습니다.,[],[],['시민들이 못 갖추어서'],[],[],0,1,0,0,0,0,0,
spoken_data_37337.json,2a0d6b6c-322e-4100-bd4c-9c3f0f09ec6d,920,그러니까 구조구급 인원은 화재진압요원들보다 3분의 1 내지 2분의 1 정도 숫자밖에 못 됩니다.,[],[],['숫자밖에 못 됩니다.'],[],[],0,0,0,0,0,1,0,
spoken_data_37337.json,2a0d6b6c-322e-4100-bd4c-9c3f0f09ec6d,924,○소방재난본부장 <NAME> :여태까지 구조구급 대원들은 못 다녀왔습니다.,[],[],['대원들은 못 다녀왔습'],[],[],0,0,0,0,0,1,0,
spoken_data_37337.json,2a0d6b6c-322e-4100-bd4c-9c3f0f09ec6d,932,"하는 30명분의 예산밖에 없다, 나머지는 금액을 깎아서 한다고 한다가 건 이론에 전혀 맞지 않고 무조건 30년 이상 근무자는 일반행정직도 350만 원에서 보내기 어렵지",[],['전혀 맞지 않고 무조'],[],[],[],0,0,0,0,0,1,0,
spoken_data_37337.json,2a0d6b6c-322e-4100-bd4c-9c3f0f09ec6d,934,여기서 깎아서 한다는 건 본부장님 생각이 전혀 어울리지 않는다고 생각하는데 어떻게 생각하세요?,[],['어울리지 않는다고'],[],[],[],0,0,0,1,0,0,0,
spoken_data_37337.json,2a0d6b6c-322e-4100-bd4c-9c3f0f09ec6d,952,일선 의용소방대장으로 하는 사람들이 3년 하고 그만두는 경우 있고 열심히 하는 사람이 6년을 하는데 그런 사람들이 15년을 하다고 비교하면 안 된다.,['비교하면 안 된다.'],[],[],[],[],0,0,0,0,0,1,0,
spoken_data_37337.json,2a0d6b6c-322e-4100-bd4c-9c3f0f09ec6d,953,그래서 의용소방대 장하는 사람은 대원들 관리나 몇 가지를 봐서 보통 의용소방대원들보다 두 배 더 노력하고 또 대원 생활을 위해서 관혼상제에 참여한다든지 해서 고생을 많이 했기 때문에 이런 대장 출신들은 특히 연한에 구애받지 말고 보내줘야 하지 않겠느냐,[],[],[],[],['구애받지 말고 보내'],0,1,0,0,0,0,0,부사절? 인용절?
spoken_data_37337.json,2a0d6b6c-322e-4100-bd4c-9c3f0f09ec6d,957,그<NAME> 자리에서 우제항 의원이 국비를 27억 원이나 갖다 줘도 평택항에 소방정이 안 되면 되겠느냐 해서 많은 문제 제기가 있었고 그런데 이 얘기를 하면 장금상선이라고 하는 평택항의 고객 중에 있는 그러니까 중국과 항로 개설을 제일 많이 하고 있는 회사입니다.,['소방정이 안 되면 되'],[],[],[],[],0,1,0,0,0,0,0,
spoken_data_37337.json,2a0d6b6c-322e-4100-bd4c-9c3f0f09ec6d,958,"그래서 그 회사 대표이사가 저한테 건의하기를 또 한석규 경제투자관리실장한테도 제안을 했습니다만 소방정으로도 활용하고 예인선 비슷한 것으로 활용하는 것으로 하면 자기네들이 평택항 안을 떠나지 않기 때문에 제조비용의 절반 부분, 반이면 반, 그 이상이면 그 이상을 부담하고 겸용으로 하면 좋겠다.",[],['을 떠나지 않기 때문'],[],[],[],0,0,1,0,0,0,0,
spoken_data_37337.json,2a0d6b6c-322e-4100-bd4c-9c3f0f09ec6d,959,"소방정 대가 화재 때는 게 1년에 한 건 날까, 안 나는 해가 많은 거니까, 최대한 활용하고 운영비도 긴급요원, 기술요원, 소방요원, 필수요원만 탑재하고 나머지 기름을 사용도 운영비의 상당 부분, 반 이하는 다 부담하겠다는 제안이 왔었습니다.","['날까, 안 나는 해']",[],[],[],[],1,0,0,0,0,0,0,
spoken_data_37337.json,2a0d6b6c-322e-4100-bd4c-9c3f0f09ec6d,986,○ <NAME> 위원:비용은 얼마 안 됩니다만 이게 어느 소방서는 해주고 어느 소방관은 못 해주면 형평에 안 맞는단 말입니다.,"['은 얼마 안 됩니다만', '형평에 안 맞는단']",[],['소방관은 못 해주면'],[],[],1,1,0,0,0,1,0,
spoken_data_37337.json,2a0d6b6c-322e-4100-bd4c-9c3f0f09ec6d,987,차라리 그 부분은 좀을 해주십사 하는 부탁이고 지금 우리 위원님들이 이 문제는 말씀 안 하시려고 하는데 우리 본부장님께서 있을 때 의용소방대를 자원봉사자로 보시겠습니까?,['는 말씀 안 하시려고'],[],[],[],[],0,1,0,0,0,0,0,
spoken_data_15205.json,3f37cd60-de8b-487b-9905-508a7b042380,2,연 1회만 해 가지고 위생관리가 제대로 된다고 보지 못하지요.,[],[],[],['다고 보지 못하지요.'],[],0,0,0,0,0,1,0,
spoken_data_15205.json,3f37cd60-de8b-487b-9905-508a7b042380,7,○李寅九 委員: 대략적이라고 하는 그것은 말이 안 되는 얘기 아닙니까?,['은 말이 안 되는 얘'],[],[],[],[],1,0,0,0,0,0,0,
spoken_data_15205.json,3f37cd60-de8b-487b-9905-508a7b042380,36,"세균이 감염이 되었어요, 그렇지 않으면 뭐 때문에 부적합 판정을 내린 거예요?",[],"[', 그렇지 않으면 뭐']",[],[],[],0,1,0,0,0,0,0,
spoken_data_15205.json,3f37cd60-de8b-487b-9905-508a7b042380,51,"○李寅九 委員: 그러니까 탁도인데, 탁도는 일반 목욕탕도 물 데워서 한 것은 그렇게 안 돼요, 일반 목욕탕도 물 데워서 금방 나오는 물들은 탁도가 그렇게 안 나옵니다.","['그렇게 안 돼요,', '그렇게 안 나옵니다']",[],[],[],[],0,0,0,0,0,2,0,
spoken_data_15205.json,3f37cd60-de8b-487b-9905-508a7b042380,53,"그래서 본 위원 말씀은 270건을 갖다가 이렇게 했을 때는 이게 13건 밖에 안 나왔다, 또 289건 했는데 14건 밖에 부적합 건수가 안 나왔다고 하는데 그러니까 아까 이 상태 위원이 제기를 잘 하대요.","['건 밖에 안 나왔다,', '건수가 안 나왔다고']",[],[],[],[],0,2,0,0,0,0,0,
spoken_data_15205.json,3f37cd60-de8b-487b-9905-508a7b042380,57,"한 번 해주세요, 직접.
그건 안 됩니까?",['.\n그건 안 됩니까?'],[],[],[],[],0,0,0,0,0,1,0,
spoken_data_15205.json,3f37cd60-de8b-487b-9905-508a7b042380,63,"○李寅九 委員: 아니, 수거할 때 합동으로 안 해요?",['합동으로 안 해요?'],[],[],[],[],0,0,0,0,0,1,0,
spoken_data_15205.json,3f37cd60-de8b-487b-9905-508a7b042380,65,"○李寅九 委員: 이런 목욕탕은 날마다 쓰는 거예요, 여름철뿐만이 아니라 날마다 목욕탕을 하는 건데, 사우나탕이나 일반 목욕탕이나 날마다 하는 건데 합동으로 나와서 같이 수거를 한 번 해봐야지 정확한 데이터가 나오든지 검사 결과가 나오는 것이지 그냥 구청에서 해 주는 거 갖다 해 가지고 그건 안 되는 거예요.",['고 그건 안 되는 거'],[],[],[],[],1,0,0,0,0,0,0,
spoken_data_15205.json,3f37cd60-de8b-487b-9905-508a7b042380,102,"그러면 좋은 물 떠다 주는데 보건환경연구원에서 검사할 때 나쁘다고 할 이유도 없는 것이고 판결대로 얘기를 해 줄 테고, 안 그래요?","['테고, 안 그래요?']",[],[],[],[],0,0,0,0,0,1,0,
spoken_data_15205.json,3f37cd60-de8b-487b-9905-508a7b042380,103,혹시 또 좋지 않은 것도 좋다고 판결 내려서 보내 주는 거 아니에요?,[],['또 좋지 않은 것도'],[],[],[],1,0,0,0,0,0,0,
spoken_data_15205.json,3f37cd60-de8b-487b-9905-508a7b042380,106,3대 하천이 갈수록 오염이 되는 원인을 내가 생각해 보니까 3대 하천 오염이 안 되게끔 차집관거를 환경국에서 지금 하고 있습니다.,['오염이 안 되게끔'],[],[],[],[],0,1,0,0,0,0,0,
spoken_data_15205.json,3f37cd60-de8b-487b-9905-508a7b042380,145,"물량은 다 대전의 어떤 데는 비가 더 오고, 덜 오고 하지는 않았을 테니까, 그렇잖아요?",[],['오고 하지는 않았을 테'],[],[],[],1,0,0,0,0,0,0,
spoken_data_15205.json,3f37cd60-de8b-487b-9905-508a7b042380,157,이런 생각 안 해 보시고 그냥 오셨습니까?,['런 생각 안 해 보시'],[],[],[],[],0,1,0,0,0,0,0,
spoken_data_15205.json,3f37cd60-de8b-487b-9905-508a7b042380,173,제가 앞에서부터 끝까지 다 읽어보고 훑어봐도 그것이 많지 않은데 한번 그 부분에 대해서 정확한 말씀 해 주십시오.,[],['것이 많지 않은데 한'],[],[],[],0,0,0,0,0,1,0,
spoken_data_15205.json,3f37cd60-de8b-487b-9905-508a7b042380,177,"○韓基溫 委員: 그러면 조사연구한 업무 그 부분에 대한 실적, 정확한 실적들이 이 자리에는 제대로 안 나와 있지요?",['제대로 안 나와 있'],[],[],[],[],0,0,0,0,0,1,0,
spoken_data_15205.json,3f37cd60-de8b-487b-9905-508a7b042380,182,"○保健環境硏究院長 韓寅洙: 아, 감사 요구자료 제가 내드린 거기에는 조사연구 사업 실적은 안 나와 있습니다.",['실적은 안 나와 있'],[],[],[],[],0,0,0,0,0,1,0,
spoken_data_15205.json,3f37cd60-de8b-487b-9905-508a7b042380,184,바로 이게 커뮤니케이션이 안 이루어지는 겁니다.,['케이션이 안 이루어지'],[],[],[],[],1,0,0,0,0,0,0,
spoken_data_15205.json,3f37cd60-de8b-487b-9905-508a7b042380,185,"여기서 보고 있는 부분은 감사연구 자료 보다시피 우리 나와 있는 내용, 전부 검사한 내용, 그것을 가지고 우리는 이것을 쳐다보고 그리고 이거에 대해서 우리가 같이 질의 토론을 하면 이것은 통보해 주는 것에 불과하고 그 속에 있는 내용은 각 소관 부서에서 하는 업무이지, 보건환경연구원하고 해야 될 얘기가 하나도 아닌 꼴이 되어 버리는 것입니다, 이게 지금.
그 부분이 지금 저희 동료 위원들이 말씀하시는 바로 검사업무하고 행정업무가 일원화가 안 되어 있다는 것이죠.",['일원화가 안 되어 있'],[],[],[],[],1,0,0,0,0,0,0,
spoken_data_15205.json,3f37cd60-de8b-487b-9905-508a7b042380,216,"이원화가 분명히 되어 있어서 객관성을<NAME>다든가, 하나의 주관에 흐르지 않도록 이 기능이 이원화가 되어 있어요.",[],['에 흐르지 않도록 이'],[],[],[],0,1,0,0,0,0,0,
spoken_data_15205.json,3f37cd60-de8b-487b-9905-508a7b042380,229,더 이상 감사하실 위원님이 안 계시므로 감사 종료를 하고자 하는데 이의 있으십니까?,['위원님이 안 계시므로'],[],[],[],[],0,0,0,0,1,0,0,
spoken_data_15205.json,783c87e1-6af0-46b6-a0b3-f2e2bff4c102,256,보고 내용 중 혹 미흡한 점이 있더라도 널리 양해해 주시고 이번 행정감사를 통하여 저희가 미처 생각하지 못한 사항이나 잘못 추진되고 있는 내용을 지적해 주셔서 우리 대전의 환경이 크게 개선되도록 많은 지도편달해 주시기 바라면서 보고를 모두 마치겠습니다.,[],[],[],['생각하지 못한 사항'],[],1,0,0,0,0,0,0,
spoken_data_15205.json,783c87e1-6af0-46b6-a0b3-f2e2bff4c102,267,"제가 지금 죄송스럽게도 하천별 비율을 못 가지고 있어서 바로 제출을 해 드리도록 하겠고요, 전체적으로는 84%가…….",[],[],['비율을 못 가지고'],[],[],0,1,0,0,0,0,0,
spoken_data_15205.json,783c87e1-6af0-46b6-a0b3-f2e2bff4c102,282,그래서 시설을 할 때 그것도 신경을 써 가지고 우수가 많이 들어가지 않게끔.,[],['들어가지 않게끔.'],[],[],[],0,1,0,0,0,0,0,
spoken_data_15205.json,783c87e1-6af0-46b6-a0b3-f2e2bff4c102,285,"○李寅九 委員: 예, 그 정비를 신경을 좀 바짝 써 가지고 하천에 오염이 되지 않게끔, 항상 맑은 물이 하천을 유지할 수 있게끔 항상 신경을 써 주십시오.",[],"['염이 되지 않게끔,']",[],[],[],0,1,0,0,0,0,0,
spoken_data_15205.json,783c87e1-6af0-46b6-a0b3-f2e2bff4c102,291,"그 보호덮개판이 그게 해롭지, 그게 이롭지는 않다",[],['게 이롭지는 않다'],[],[],[],0,0,0,0,0,1,0,
spoken_data_15205.json,783c87e1-6af0-46b6-a0b3-f2e2bff4c102,298,공공 근로들을 시켜서 하다 보니까 도저히 안 되겠고.,['도저히 안 되겠고.'],[],[],[],[],0,0,0,0,0,1,0,
spoken_data_15205.json,783c87e1-6af0-46b6-a0b3-f2e2bff4c102,299,그 나무 크지 못하게 얽매어 놓고 녹지 기금은 뭐 하러 만들어 놉니까?,[],[],[],['나무 크지 못하게 얽'],[],0,1,0,0,0,0,0,
spoken_data_15205.json,783c87e1-6af0-46b6-a0b3-f2e2bff4c102,301,○李寅九 委員: 그러면 나무가 클 수 있게끔 하려면은 나무를 그렇게 목을 조이지 말고 거기에 비료 관리를 잘 해 가지고 그 나무가 풍성하게 잘 자랄 수 있어야 되는데 이 계룡로에 있는 느티나무만 봐도 심은 것보다 줄어들었어요.,[],[],[],[],['을 조이지 말고 거기'],0,1,0,0,0,0,0,
spoken_data_15205.json,783c87e1-6af0-46b6-a0b3-f2e2bff4c102,304,그런데 그것은 비료를 안 줬기 때문에.,['비료를 안 줬기 때'],[],[],[],[],0,0,1,0,0,0,0,
spoken_data_15205.json,783c87e1-6af0-46b6-a0b3-f2e2bff4c102,313,"○李寅九 委員: 그거 검토해 가지고 녹지 기금을 각 구청에다가 지원을 좀 해줘요, 해서 완전 철거 시켜 버리고, 아마 건설 파트에서 설치해 가지고 환경국에서는 거기 관여를 안 하잖아요?",['관여를 안 하잖아요'],[],[],[],[],0,0,0,0,0,1,0,
spoken_data_15205.json,783c87e1-6af0-46b6-a0b3-f2e2bff4c102,315,"○李寅九 委員: 건설 본부에서 아마 설계를 해 가지고 한 모양이기 때문에 본 위원이 그쪽 위원님들한테 얘기를 할 거예요, 그래서 이거 지적 좀 해달라고 할 것이지만 이거 하면 안 돼요.",['거 하면 안 돼요.'],[],[],[],[],0,0,0,0,0,1,0,
spoken_data_15205.json,783c87e1-6af0-46b6-a0b3-f2e2bff4c102,324,"시범사업 추진하지 말고 사업을 추진하세요, 왜 그러냐면 지금 현재 수은, 카드뮴, 납성분이 함유되어서 환경오염이 초래된다고 분명히 말씀하셨잖아요?",[],[],[],[],['추진하지 말고 사업'],0,0,0,0,0,1,0,
spoken_data_15205.json,783c87e1-6af0-46b6-a0b3-f2e2bff4c102,326,"시범사업 추진하시지 말고, 아예 업무 추진하세요.",[],[],[],[],"['추진하시지 말고, 아']",0,0,0,0,0,1,0,
spoken_data_15205.json,783c87e1-6af0-46b6-a0b3-f2e2bff4c102,333,"그러니까 그 긴 형광등 말고, 20와트 40와트짜리 긴 것 말고, 이렇게 절전형 형광등으로 쓸 수 있게끔 홍보해 주시면 나중에 수거해서 처분하는 데도 양이 얼마 안 되니까 이렇게 할 수 있게끔 좀 해주세요.",['이 얼마 안 되니까'],[],[],[],[],0,1,0,0,0,0,0,
spoken_data_15205.json,783c87e1-6af0-46b6-a0b3-f2e2bff4c102,389,"○李寅九 委員: 905억인데 그거 몇 억 안 가지면 사겠더라고, 땅값 보니까.",['몇 억 안 가지면'],[],[],[],[],0,1,0,0,0,0,0,
spoken_data_15205.json,783c87e1-6af0-46b6-a0b3-f2e2bff4c102,390,"그렇잖아요, 905억을 투자하는데 그거 몇 억 안 가지면 매수해서 주민들 속 안 상하게 만들어주고 할 수 있는 것인데, 905억을 투자하면서 그걸 나 몰라라 할 것 같으면 주민 위해서 하는 행정이 아니에요.","['몇 억 안 가지면', '민들 속 안 상하게']",[],[],[],[],0,2,0,0,0,0,0,
spoken_data_15205.json,783c87e1-6af0-46b6-a0b3-f2e2bff4c102,402,"○環境局長 全義秀: 그 시설이 아까 보고서에서 말씀드렸습니다만 쓰레기 매립장에서 발생되는 침출수를 쓰레기 매립장에서 전처리하라고 하는 지적이 있기 때문에 저희들이 거기다가 전처리를 하려고, 하수종말처리장으로 이수하지 않고 전처리를 하는 시설을 하기 위해서…….",[],['이수하지 않고 전처'],[],[],[],1,0,0,0,0,0,0,
spoken_data_15205.json,783c87e1-6af0-46b6-a0b3-f2e2bff4c102,411,"○李相泰 委員: 그것은 진짜 너무 잘못된 것 아니에요, 예산이 얼마나 수반되었는지는 본 위원이 아직 판단을 못해 보았는데 그런 장기적인 계획까지 수립하지 않고 이송관로 매설한지도 불과 1, 2년밖에 안된 것으로 알고 있는데.",[],['수립하지 않고 이송'],[],[],[],1,0,0,0,0,0,0,
spoken_data_15205.json,783c87e1-6af0-46b6-a0b3-f2e2bff4c102,420,"○環境局長 全義秀: 당초에 지금 말씀드린 대로 자체에서 다 처리를 해야 되는데 그것이 안되기 때문에 이송을 하고 있었습니다만 그동안 저희들이 아까 보고에서도 말씀드렸지만 환경부와의 협의 때 시설을 저희들이 다 설치하는 것으로 협약이 되었거든요, 그것이 저희들의 사정에 의해서 사실 지금까지 안 되고 있는 것이고요, 그것을 이 행해야 될 그런 입장에 있는 것이고, 지금 말씀하신 그 시설을 예산을 과다 투입한 것이 아니냐 하는 부분에 대해서…….",['지금까지 안 되고 있'],[],[],[],[],1,0,0,0,0,0,0,
spoken_data_15205.json,783c87e1-6af0-46b6-a0b3-f2e2bff4c102,421,○李相泰 委員: 과다 투입이 아니라 하지 말아야 하는 사업을 했기 때문에 이미 문제가 되는 것이지요.,[],[],[],[],['니라 하지 말아야 하'],1,0,0,0,0,0,0,
spoken_data_15205.json,783c87e1-6af0-46b6-a0b3-f2e2bff4c102,422,○環境局長 全義秀: 그때 당시로는 제가 당시에 그 업무를 안 해서 이런 답변이 어떨지 모르겠습니다만 그때 당시로는 저희들이 아시는 바와 같이 자체 용량 가지고 다 처리가 안 되니까 그것을 처리는 해야 되겠고 그냥 금강으로 보낼 수는 없고…….,"['업무를 안 해서 이', '처리가 안 되니까']",[],[],[],[],0,2,0,0,0,0,0,
spoken_data_15205.json,783c87e1-6af0-46b6-a0b3-f2e2bff4c102,428,○李寅九 委員: 침출수 이송관로가 상서동까지 밖에 안 되어 있지요?,['지 밖에 안 되어 있'],[],[],[],[],0,0,0,0,0,1,0,
spoken_data_15205.json,783c87e1-6af0-46b6-a0b3-f2e2bff4c102,431,○環境局長 全義秀: 그렇지 않습니다.,[],[': 그렇지 않습니다.'],[],[],[],0,0,0,0,0,1,0,
spoken_data_15205.json,783c87e1-6af0-46b6-a0b3-f2e2bff4c102,438,○環境局長 全義秀: <NAME> 위원님 그것은 그렇지 않습니다.,[],['은 그렇지 않습니다.'],[],[],[],0,0,0,0,0,1,0,
spoken_data_15205.json,783c87e1-6af0-46b6-a0b3-f2e2bff4c102,441,시설용량이 모자라지는 않습니다.,[],['모자라지는 않습니다.'],[],[],[],0,0,0,0,0,1,0,
spoken_data_15205.json,783c87e1-6af0-46b6-a0b3-f2e2bff4c102,456,"○環境局長 全義秀: <NAME>위원님께서 말씀하신 협의는 '93년도에 이루어진 것으로 파악됩니다.
○韓基溫 委員: 방금 말씀대로 '93년도에 환경부하고 시하고 전처리하겠다고 지금 협의를 했다면서요, 그 이후에 전처리가 안 되어서 금고동하고 원촌동 하수종말처리장하고 이송관로 만든 것이 언제입니까?",['전처리가 안 되어서'],[],[],[],[],0,1,0,0,0,0,0,
spoken_data_15205.json,783c87e1-6af0-46b6-a0b3-f2e2bff4c102,464,○韓基溫 委員: 그러면 유입 부하량에 하자가 없었으면 이것 설치 안 하는 것입니까?,['것 설치 안 하는 것'],[],[],[],[],1,0,0,0,0,0,0,
spoken_data_15205.json,783c87e1-6af0-46b6-a0b3-f2e2bff4c102,465,○環境局長 全義秀: 사실 잘 아시지만 저희 재정이 여건만 좋다면 모든 시설 기준을 협의나 법정 수준치 내로 애초부터 거기에서 300여 톤의 침출수가 다 처리되도록 해야 되는데 재정여건이 그렇지 못하다 보니까 일부 200톤 시설을 했다가 그것 가지고 처리가 안 되니까 관로를 통해서 그쪽 하수종말처리장에서 처리하도록 하다가 또 이런 지침이 내려오니까 전처리를 위해서 자체 시설을 해야 되겠다,['처리가 안 되니까'],[],[],['이 그렇지 못하다 보'],[],0,2,0,0,0,0,0,
spoken_data_15205.json,783c87e1-6af0-46b6-a0b3-f2e2bff4c102,468,○環境局長 全義秀: 그런데 죄송합니다만 이 관로는 예를 들어서 그럴리가 없어야 되겠습니다만 저희들 금고동에 있는 자체 처리장이 만에 하나 운영이 부득이한 형편으로 인해서 운영을 못 하게 된다든지 고장이 난다든지 그럴 경우에는 금고동에서 생기는 침출수가 하수처리장으로 이송하는 그런 수단으로 활용될 수도 있겠습니다.,[],[],['운영을 못 하게 된'],[],[],1,0,0,0,0,0,0,
spoken_data_15205.json,783c87e1-6af0-46b6-a0b3-f2e2bff4c102,489,"○李相泰 委員: 지금 현재 애매한 것인지 아니면 본 위원이 몇 번씩이나 금고동, 도시개발공사와 원촌동의 시설관리공단과의 관계에서 몇 번 강조하고 지적도 했습니다만 이것을 쉽게 얘기해서 조례를 안 만들어 주기 때문에 질의를 드리는 것입니다.",['조례를 안 만들어'],[],[],[],[],0,0,1,0,0,0,0,
spoken_data_15205.json,783c87e1-6af0-46b6-a0b3-f2e2bff4c102,506,"○李相泰 委員: 같은 기관에 있는 그런 곳에서도 사용료를 회계 처리를 정확하게 하고 있는데 사기업도 아닌 공기업에서 도시개발공사와 시설관리공단 간에 1년에 2억 8,000만 원 정도의 차액이 발생되는 데도 조례 하나 정하지 않고 협약에 의해서 이루어진다는 것은 이것은 있을 수 없는 일입니다, 이것.",[],['나 정하지 않고 협약'],[],[],[],0,1,0,0,0,0,0,
spoken_data_15205.json,783c87e1-6af0-46b6-a0b3-f2e2bff4c102,535,○環境局長 全義秀: 민자 13억은 아직 확실하게 확보되었다고 말씀을 못 드리겠습니다만…….,[],[],['말씀을 못 드리겠습'],[],[],0,0,0,0,0,1,0,
spoken_data_15205.json,783c87e1-6af0-46b6-a0b3-f2e2bff4c102,581,"○環境局長 全義秀: 이용면을 지적을 하시기에 따라서는 아까 말씀드린 대로 필요하지 않은 것으로 또 시설을 해놓고 제대로 투자한 만큼의 효과를 거두지 못할 것으로 우려하시는 분도 있을 것으로 생각이 됩니다만 저희는 아까 말씀드린 바와 같이 둔산 수목원을 어떻게 보면 대전을 떠나서 중부지역의 어떤 자연 생태계의 모습을 그대로 국민들이나 시민들에게 보여줄 수 있는 그런 학습의 장 또 휴식공간 이러한 어떤 생태 박물관, 소규모가 될 수도 있겠습니다만 그것은 일련의 자연 생태계와 수목학습원으로서의 가치를 충분히 이행할 수 있는 그런 기본설계가 되어 있고 또 그 설계를 토대로 공사가 이루어지고 있습니다.",[],['필요하지 않은 것으'],[],['를 거두지 못할 것으'],[],2,0,0,0,0,0,0,
spoken_data_15205.json,783c87e1-6af0-46b6-a0b3-f2e2bff4c102,612,그런 생각을 하고 나름대로는 단위 시설별 환경오염 최소화 방안 노력을 강구하고 있습니다만 주민들의 입장에서 보면 역시 기대치에 미치지 못하는 불만들이 항상 표출되고 있다고 말씀을 드릴 수 있겠습니다.,[],[],[],['에 미치지 못하는 불'],[],1,0,0,0,0,0,0,
spoken_data_15205.json,783c87e1-6af0-46b6-a0b3-f2e2bff4c102,628,그것을 적극적으로 나서지 않으면 시간이 갑니다.,[],['로 나서지 않으면 시'],[],[],[],0,1,0,0,0,0,0,
spoken_data_15205.json,783c87e1-6af0-46b6-a0b3-f2e2bff4c102,633,행정은 그렇게 가는 것인지 모르겠지만 실질적으로 우리가 돌아가는 현상은 그렇지 않습니다.,[],['은 그렇지 않습니다.'],[],[],[],0,0,0,0,0,1,0,
spoken_data_15205.json,783c87e1-6af0-46b6-a0b3-f2e2bff4c102,635,"똑같은 얘기를 여러 번 자꾸 반복하지 않아도 예를 들면 신대동 문제, 아무런 문제가 없을 것이라고 수없이 답변했어요.",[],['반복하지 않아도 예'],[],[],[],0,1,0,0,0,0,0,
spoken_data_15205.json,783c87e1-6af0-46b6-a0b3-f2e2bff4c102,636,"평가 결과 보니까 그렇지 않았어요, 그제야 예산 세웁니다.",[],"['까 그렇지 않았어요,']",[],[],[],0,0,0,0,0,1,0,
spoken_data_15205.json,783c87e1-6af0-46b6-a0b3-f2e2bff4c102,638,"문제는 서둘러서 할 것은 서둘러 달라는 얘기입니다, 그렇지 않고 세월아 네월아 가서 곤란한 것 아니냐?",[],"[', 그렇지 않고 세월']",[],[],[],0,1,0,0,0,0,0,
spoken_data_15205.json,783c87e1-6af0-46b6-a0b3-f2e2bff4c102,661,순환으로 그렇게 가 주는 모습이 되기 때문에 어쩌면 국장께서 이 자리에 그전부터 계셨다면 저희들이 똑같은 이야기를 같이 여러 번 반복하지 않아도 되는 겁니다.,[],['반복하지 않아도 되'],[],[],[],0,1,0,0,0,0,0,
spoken_data_15205.json,783c87e1-6af0-46b6-a0b3-f2e2bff4c102,662,"똑같은 얘기하고 있습니다, 우리 또.
그래서 해야 될지 말아야 될지.",[],[],[],[],['해야 될지 말아야 될'],0,0,1,0,0,0,0,
spoken_data_15205.json,783c87e1-6af0-46b6-a0b3-f2e2bff4c102,687,"첫째는 시에서 많은 돈을 들여서 이 땅을 사 가지고 지금 아시다시피 대덕밸리를 육성을 하고 있는데 여기에다 또 벤처 단지를 지금 당장 만든다는 것이 제가 말씀드리기 조금 조심스럽습니다만 용이하지는 않을 것 같고 그래서 지금 말씀하신 내용을 장기적으로 한번 시가 수용하는 그런 방안을 아까 말씀드린 대로 어떤 시스템을 갖추는 문제, 지금 말씀하신 그런 산업시설을 도입을 해서 집적 시설로 활용하는 방안, 이런 것을 포함한 어떤 용역 같은 것을 한번 해볼 가치가 있다고 생각이 돼서 그런 것을 한번 검토를 해보겠습니다.",[],['용이하지는 않을 것'],[],[],[],1,0,0,0,0,0,0,
spoken_data_15205.json,783c87e1-6af0-46b6-a0b3-f2e2bff4c102,723,"○韓基溫 委員: 그렇게 해서 퇴비·사료가 나오면 그것에 대한 수요가 과연 있을까, 만약에 그 수요처가 명확지 않으면 결국은 또 쓰레기화할 수밖에 없는 것인데 그 생각은 어떻게 대책을 세우고 계신지, 그런 부분에 대한 가능성에 대해서는.",[],['가 명확지 않으면 결'],[],[],[],0,1,0,0,0,0,0,
spoken_data_15205.json,783c87e1-6af0-46b6-a0b3-f2e2bff4c102,725,"○環境局長 全義秀: 다른 시·도에 견학을 해본 실무선에서의 의견을 들어보면 '충분히 가능할 것이다'라고 판단을 하는데요, 과연 그것이 저희들이 예측한 대로 다 소화가 될지에 대해서는 그 후에 안 팔릴 경우 소위 다 소화가 안될 경우까지는 제가 미처 생각을 못 해 보았습니다만 가능성이 있을 것으로 일단 판단을 합니다.",['그 후에 안 팔릴 경'],[],['생각을 못 해 보았'],[],[],1,0,0,0,0,1,0,
spoken_data_15205.json,783c87e1-6af0-46b6-a0b3-f2e2bff4c102,726,○韓基溫 委員: 본 위원이 그 말씀을 드린 부분 다 100% 수요가 있을 것이라면 큰 문제가 없겠지만 그렇지 않을 것에 대비해서 다른 시설에 대한 가능성을 생각해 본 적은 없는가?,[],['만 그렇지 않을 것에'],[],[],[],1,0,0,0,0,0,0,
spoken_data_15205.json,783c87e1-6af0-46b6-a0b3-f2e2bff4c102,739,그래서 농가에서 사료가 많이 필요할 때에는 공정을 더 거쳐서 사료를 만들어내고 사료가 많이 필요하지 않을 경우에는 퇴비로 만들어 내는 그런 시스템을 갖춘 복합시설을 할 계획 구상을 가지고 있습니다.,[],['필요하지 않을 경우'],[],[],[],1,0,0,0,0,0,0,
spoken_data_15205.json,783c87e1-6af0-46b6-a0b3-f2e2bff4c102,740,"○韓基溫 委員: 예, 지금 말씀하신 부분으로는 수요에 대한 대책은 똑떨어지지 못하네요, 그러면?
○淸掃行政課長 李垠魯: 예, 그렇습니다.",[],[],[],"['똑떨어지지 못하네요,']",[],0,0,0,0,0,1,0,
spoken_data_15205.json,783c87e1-6af0-46b6-a0b3-f2e2bff4c102,742,○韓基溫 委員: 100톤 정도가 소비될 수 있다고 그렇게 장담을 하시면 본 위원이 더 이상 말씀 안 드려도 됩니다.,['상 말씀 안 드려도'],[],[],[],[],0,0,0,0,0,1,0,
spoken_data_15205.json,783c87e1-6af0-46b6-a0b3-f2e2bff4c102,745,"한 번 더 확인하셔서 이 부분을 지금 말씀하신, 답변 주신 그것이 다 정확한 답인지 그렇지 않고 또 한 번 여러 가지 대안을 생각해 볼 수 있는지에 대한 부분은 이 자리에서 답변 안 주셔도 좋습니다.",['서 답변 안 주셔도'],['지 그렇지 않고 또'],[],[],[],0,1,0,0,0,1,0,
spoken_data_15205.json,783c87e1-6af0-46b6-a0b3-f2e2bff4c102,756,"그랬을 때 본 위원이 구태여 그것에 대한 구체적인 설명을 하지 않더라도 이 오존의 피해에 대한 부분은 그 자료 가지고 계실 테니까, 가지고 계시지요?",[],['명을 하지 않더라도'],[],[],[],0,1,0,0,0,0,0,
spoken_data_15205.json,783c87e1-6af0-46b6-a0b3-f2e2bff4c102,761,"제가 저희 국에서 하는 업무를 가지고 말씀을 드리면 앞에서 업무보고 때 말씀드린 대로 대기오염에 가장 영향을 주고 있는 자동차, 특히 시내버스 같은 경우 전체 오존 발생 원인의 79%를<NAME>다고 그렇습니다만 이것을 개선하기 위해서 CNG 버스를 저희들이 연차적으로 도입을 해서 지금 현재 35대가 운영을 하고 있고 내년 6월 이전에 153대가 도입 운행하기로 버스업계와 버스 생산업체 또 저희들이 계약을 하고 협의 추진을 하고 있어서 아시는 대로 CNG 버스를 운행할 경우 전혀 오염원이 배출되지 않는 그런 이점이 있습니다.",[],['배출되지 않는 그런'],[],[],[],0,1,0,0,0,0,0,
spoken_data_15205.json,783c87e1-6af0-46b6-a0b3-f2e2bff4c102,762,"이 사업을 추진하면서 또 업무보고 내용에도 있습니다만 저희들이 배출가스 오염원 저감 대책으로 그동안 여러 차례 배출가스 자동차 단속을 해 가지고 금년 같은 경우 793대, 한 800여 대를 적발해서 개선을 시키는 등의 노력을 하고 있습니다만 따라서 그 교통부서에서는 시민들이 자가용을 운행하지 않고 대중교통을 이용하도록 한다든지 또 10부제를 운영한다든지 수도권의 경우 월드컵 개최 기간 중에 2부제 운영을 검토한다고 합니다만 그 많은 시민들한테 불편을 주기 때문에 이 문제는 계속 검토를 하는 것으로 알고 있습니다.",[],['운행하지 않고 대중'],[],[],[],0,1,0,0,0,0,0,
spoken_data_15205.json,783c87e1-6af0-46b6-a0b3-f2e2bff4c102,767,"○韓基溫 委員: 시민의식을 일깨워 줄 수 있는 캠페인을 어떻게 해결할 것이냐, 본 위원은 항상 저희들이 행정감사를 통해서도 그렇고 그다음에 그 업무 확인하는 과정에서도 그런 내용을 여러 번 느꼈기 때문에 전부 수치 맞추기 또 그때그때 방안은 만들어지지만 그것이 적극적으로 실천에 옮겨지지 않는 문제들, 그런 부분들에 대한 답답함을 많이 느꼈기 때문에 지금 이 부분도 월드컵 대비 오존 문제, 아마 지금부터 고민들을 하고 계시겠지만 정작 그때 다가가서 실천이 되지 않는다면 이것이야말로 국제적인 망신 아닙니까?",[],"['옮겨지지 않는 문제', '천이 되지 않는다면']",[],[],[],1,1,0,0,0,0,0,
spoken_data_15205.json,783c87e1-6af0-46b6-a0b3-f2e2bff4c102,786,"좀 자세한 경위를 말씀드리면 지금 말씀하신 바와 같이 저희들이 설계에 의해서 이쪽 매립장, 이쪽 매립장, 이쪽에도 5매립장이 있습니다 만 이 3군데의 매립장에 안정화 공사를 추진하는 과정에서 이 땅을 소유한 소유주가 다른 사람에게 사용권을 주어 가지고 여기 이 지역 안정화 공사를 자기들이 하겠다, 회사 이름이 지금 청도산업으로 제가 압니다만 청도산업이라는 데서 자기들이 여기에 안정화 공사를 하고 여기다가 골프 연습장을 하겠다, 그런 계획이라고 할까, 의사를 표시해 와서 저희는 저희 예산을 들이지 않고 안정화 공사가 되기 때문에 승낙을 했던 겁니다.",[],['을 들이지 않고 안정'],[],[],[],0,0,0,0,0,1,0,
spoken_data_15205.json,783c87e1-6af0-46b6-a0b3-f2e2bff4c102,789,"그러면서 원래 땅 소유주가 이제 안정화 공사를 청도에다 맡길 수 없으니 당초 계획대로 시에서 안정화 공사를 해달라고 하는 민원이 제기가 돼서 지금 현재 저희들이 1 내지 3, 4매립장, 5매립장에 안정화 공사로 책정된 예산 중에서 집행 안 된 예산이 있어서 그 부분으로 여기를 안정화 공사를 하고, 여기 이 청도에서 훼손한 부분, 여기는 이행보증금 받아 놓은 게 있기 때문에 그 이행보증금을 사용해서 원상복구를 하는 그런 절차를 지금 이행하고 있습니다.",['서 집행 안 된 예산'],[],[],[],[],1,0,0,0,0,0,0,
spoken_data_15205.json,783c87e1-6af0-46b6-a0b3-f2e2bff4c102,795,"그래서 이런 일이 앞으로 일어날 일도 없고, 일어나지도 않겠지만 이 안정화 사업으로 인해 가지고 계속 봐요.",[],['일어나지도 않겠지만'],[],[],[],0,1,0,0,0,0,0,
spoken_data_15205.json,783c87e1-6af0-46b6-a0b3-f2e2bff4c102,796,"그 대리인 <NAME> 씨, 내가 이름을 안 잊어버릴 정도인데 특히 청소과 직원들은 <NAME> 씨 이름 모르는 사람이 없을 거예요.",['이름을 안 잊어버릴'],[],[],[],[],1,0,0,0,0,0,0,
spoken_data_15205.json,783c87e1-6af0-46b6-a0b3-f2e2bff4c102,806,"○呂運相 委員: 그러니까 이 안정화 공사가 그렇게 되면 1년 넘게 진행이 되는데 일반적으로 봐서는 이해가 안 가요, 그렇지 않아요?","['이해가 안 가요,']",[],[],[],[],0,0,0,0,0,1,0,
spoken_data_15205.json,783c87e1-6af0-46b6-a0b3-f2e2bff4c102,818,지금은 안정화 공사가 안 되어 있어서 그것을 추진하는 과정에서 이런 지금 말씀드린 민원 때문에 오락가락하고…….,['공사가 안 되어 있'],[],[],[],[],0,1,0,0,0,0,0,
spoken_data_15205.json,783c87e1-6af0-46b6-a0b3-f2e2bff4c102,824,"○呂運相 委員: 하여튼 대책을 좀 세우셔야 돼요, 이 문제는 이것으로 안 끌날 거라고.",['이것으로 안 끌날 거'],[],[],[],[],1,0,0,0,0,0,0,
spoken_data_15205.json,783c87e1-6af0-46b6-a0b3-f2e2bff4c102,825,"모르겠습니다, 본 위원이 또<NAME>이 돼서 이 문제를 안 건드렸으면 좋겠는데<NAME>이 된다는 전제하에 이거 또 건드리게 될 것 같아요, 내년 6월인데.
○環境局長 全義秀: 저희도 이 지구가 여러 가지 복합적인 민원이 얽혀 있는 내용에 대해서는 상당한 관심을 가지고 관리를 해 나가겠습니다.",['문제를 안 건드렸으'],[],[],[],[],0,1,0,0,0,0,0,
spoken_data_15205.json,783c87e1-6af0-46b6-a0b3-f2e2bff4c102,839,그래서 사실상 쓰지 않고 있는 폐공을 찾는다는 것이 실질적으로 어려움이 있는 것이 사실입니다,[],['실상 쓰지 않고 있는'],[],[],[],1,0,0,0,0,0,0,
spoken_data_15205.json,783c87e1-6af0-46b6-a0b3-f2e2bff4c102,840,"○李相泰 委員: 소형이나 중형관정 중에서 폐공을 하지 않아야 될 관정도 있습니까, 없지요?",[],['공을 하지 않아야 될'],[],[],[],1,0,0,0,0,0,0,
spoken_data_15205.json,783c87e1-6af0-46b6-a0b3-f2e2bff4c102,848,○環境局長 全義秀: 거기까지는 생각을 못 했습니다,[],[],['생각을 못 했습니다'],[],[],0,0,0,0,0,1,0,
spoken_data_15205.json,783c87e1-6af0-46b6-a0b3-f2e2bff4c102,849,○李相泰 委員: 생각을 못 하시면 안 되지요.,['하시면 안 되지요.'],[],['생각을 못 하시면'],[],[],0,1,0,0,0,1,0,
spoken_data_15205.json,783c87e1-6af0-46b6-a0b3-f2e2bff4c102,850,○環境局長 全義秀: 그것을 몇 개소나 되는지 조사를 제가 안 해 보았고요.,['를 제가 안 해 보았'],[],[],[],[],0,0,0,0,0,1,0,
spoken_data_15205.json,783c87e1-6af0-46b6-a0b3-f2e2bff4c102,853,○李相泰 委員: 하고 있는데 지금 우리 시에서는 거기에 관련해서 아무런 대응도 하지 않고 있다는 것입니까?,[],['응도 하지 않고 있다'],[],[],[],1,0,0,0,0,0,0,
written_data_5420.json,e33c5784-284a-41b4-b91c-7b003306282c,1,소독제를 묻혀 있는 장난감 등은 깨끗한 천으로 닦아 건조한 후 아이들의 손과 손에 닿으면 안 됨.,['닿으면 안 됨.'],[],[],[],[],0,0,0,0,0,1,0,
written_data_5420.json,e33c5784-284a-41b4-b91c-7b003306282c,8,"가족, 친척 및 간병인 등 호흡기 증상이 있거나 몸이 아픈 사람은 어르신 및 고위험군을 방문하지 않음.",[],['방문하지 않음.'],[],[],[],0,0,0,0,0,1,0,
written_data_5420.json,e33c5784-284a-41b4-b91c-7b003306282c,9,만성질환이 있으신 분은 평소 복용하던 약을 중단하지 말고 주치의와 상의하여 필요한 약을 확보해 두는 것이 좋음.,[],[],[],[],['중단하지 말고 주치'],1,0,0,0,0,0,0,마는 것이 좋음
written_data_5420.json,e33c5784-284a-41b4-b91c-7b003306282c,12,"그 외 외출이나 모임, 여행은 꼭 필요한 경우에 하지 않음.",[],['우에 하지 않음.'],[],[],[],0,0,0,0,0,1,0,
written_data_5420.json,e33c5784-284a-41b4-b91c-7b003306282c,17,마스크를 착용할 때 호흡이 곤란하거나 주변 사람의 도움 없이 혼자 없애기 어려운 사람은 마스크를 착용하지 않음.,[],['착용하지 않음.'],[],[],[],0,0,0,0,0,1,0,
written_data_5420.json,e33c5784-284a-41b4-b91c-7b003306282c,24,"식기를 다른 사람과<NAME>여 음식을 같이 먹지 말고, 수저나 수건 등은 개인 물품을 사용함.",[],[],[],[],"['같이 먹지 말고, 수']",0,0,0,0,0,1,0,
written_data_5420.json,e33c5784-284a-41b4-b91c-7b003306282c,28,"의심스러운 정보를 접했을 때 신뢰할 수 있는지 출처를 확인하고, 잘못된 소문은<NAME>지 않으며, 지나친 미디어 몰입은 삼감.",[],"['AME>지 않으며,']",[],[],[],0,0,0,0,0,1,0,
written_data_5420.json,e33c5784-284a-41b4-b91c-7b003306282c,35,"컴퓨터, 스마트폰 사용, 텔레비전 시청 등 깨어있으나 움직이지 않고 보내는 여가 시간(일일 2시간 이내)을 하루 2시간 이내로 줄이는 것이 좋음.",[],['움직이지 않고 보내'],[],[],[],0,1,0,0,0,0,0,
written_data_5420.json,e33c5784-284a-41b4-b91c-7b003306282c,40,갑작스러운 신체활동 및 운동은 무리하게 오래 하지 않도록 함.,[],['오래 하지 않도록 함'],[],[],[],0,1,0,0,0,0,0,
written_data_5420.json,e33c5784-284a-41b4-b91c-7b003306282c,56,"감염병 관련 기사의 경우 전문가 자문을 반드시 받도록 하고, 지나친 보도 경쟁으로 피해자들의 사생활이 침해되지 않도록 최대한 노력함.",[],['침해되지 않도록 최'],[],[],[],0,1,0,0,0,0,0,
written_data_5420.json,e33c5784-284a-41b4-b91c-7b003306282c,60,"감염병과 관련된 의학적 용어를 일반인들이 이해하기 쉽게 풀어쓴다. 가. 신종 감염병의 발생 원인이나 감염 경로 등이 확실하지 않은 신종 감염병의 보도는 명확하게 의학적으로 밝혀진 것과 알려지지 않은 것을 구분하여 전달함. 나. 현재의 불확실한 상황에 대해 의과학 분야 전문가의 의견을 전하고, 추측, 과장 보도를 하지 않음. 다.",[],"['확실하지 않은 신종', '알려지지 않은 것을', '도를 하지 않음. 다']",[],[],[],2,0,0,0,0,1,0,
written_data_5420.json,e33c5784-284a-41b4-b91c-7b003306282c,64,"불확실한 감염병의 경우, 기자를 매개로 한 전파의 우려가 있기 때문에 감염인을 직접 대면 취재하지 않음.",[],['취재하지 않음.'],[],[],[],0,0,0,0,0,1,0,
written_data_5420.json,e33c5784-284a-41b4-b91c-7b003306282c,66,감염인에 대한 사진이나 영상을 취재·보도에 사용할 때는 본인 동의 없이 사용하지 않음.,[],['사용하지 않음.'],[],[],[],0,0,0,0,0,1,0,
written_data_5420.json,e33c5784-284a-41b4-b91c-7b003306282c,74,"1. 감염병이 발생했을 때, 각 언론사는 특별취재팀을 구성해 감염병에 대한 충분한 사전 교육을 받지 않은 기자들이 무분별하게 현장에 접근하는 일이 없도록 해야 함.",[],['육을 받지 않은 기자'],[],[],[],1,0,0,0,0,0,0,
written_data_5420.json,ffec3ad0-6432-497b-a571-e151f5ceaf12,187,"텍스트 데이터는 공공누리 출처 표시의 조건에 따라 자유이용이 가능하지만, 사진, 이미지, 일러스트, 등 일부 자료는 해양수산부가 저작권 전부를 소유하고 있지 아니하므로 해당 저작권자의 허락을 받아야 함.",[],['하고 있지 아니하므로'],[],[],[],0,1,0,0,0,0,0,
written_data_5420.json,9ac0e84c-bb3e-4a10-b65d-957ce091e550,232,"* 법인카드로 신용구매를 한 것처럼 하고, 실제로는 현금을 돌려받는 행위 또한 이러한 리베이트 제공행위가 드러나지 않게 하기 위해 광고선전비, 판매촉진비, 회의비, 복리후생비 등 여러 계정으로 분산하여 회계장부를 작성하기도 하였음.",[],['드러나지 않게 하기'],[],[],[],0,1,0,0,0,0,0,
written_data_5420.json,c28b5a2e-3b22-43ef-8a14-3abfa28fe1ff,264,일찍 심어서 웃자람 증상이 보이거나 일찍 심지 않았어도 평년보다 기온이 높아 휴면하지 않고 계속 자람,[],"['일찍 심지 않았어도', '휴면하지 않고 계속']",[],[],[],0,1,0,0,0,1,0,
written_data_5420.json,c28b5a2e-3b22-43ef-8a14-3abfa28fe1ff,272,"하지만 토양에 수분이 많거나 자람이 좋지 않을 때, 마디 사이가 길어지면 밟아주기를 피하는 것이 좋다.",[],"['람이 좋지 않을 때,']",[],[],[],1,0,0,0,0,0,0,
written_data_5420.json,c28b5a2e-3b22-43ef-8a14-3abfa28fe1ff,289,황화 현상이 발생한 맥류 포장은 뿌리의 양분을 흡수하지 못해 양분이 있어도 흡수가 되지 않음.,[],['수가 되지 않음.'],[],['흡수하지 못해 양분'],[],0,1,0,0,0,1,0,
written_data_5420.json,8e80e474-8b49-4cf2-b507-8da545f16e08,301,"경찰청이 '디지털포렌식 자문단'을 구성한 것은, 눈에 보이지 않는 디지털 증거를 다루는 디지털포렌식의 특성상 절차의 공정성과 신뢰성이 특히 중요하여 외부 전문가들의 조언과 도움이 필요하다는 판단에 따라 구성되었음.",[],['에 보이지 않는 디지'],[],[],[],1,0,0,0,0,0,0,
written_data_5420.json,b99e4f21-c436-4836-af38-6ae2c81b54cb,316,유해 물질 등 안전성은 제품 모두 기준에 적합했으며 일부 업체는 사용 연령을 표시해야 하지만 이를 지키지 않아 개선이 필요했음.,[],['를 지키지 않아 개선'],[],[],[],0,1,0,0,0,0,0,
written_data_5420.json,b99e4f21-c436-4836-af38-6ae2c81b54cb,322,햇빛에 의해 색이 변하지 않는 정도인 일광 견뢰도는 3개 제품*의 일부 색상이 섬유제품 권장 품질 기준*에 부족했음.,[],['이 변하지 않는 정도'],[],[],[],1,0,0,0,0,0,0,
written_data_5420.json,b99e4f21-c436-4836-af38-6ae2c81b54cb,324,"** 한국소비자원이 자체적으로 제정·운영하는 섬유제품 권장 품질기준(이하 권장기준)  (마찰 견뢰도) 3개 제품*의 로고 부위(상의)가 권장기준에 미치지 못했는데, 이는 마찰에 의해 색이 묻히지 않는 정도인 마찰 견뢰도를 의미함.",[],['이 묻히지 않는 정도'],[],"['에 미치지 못했는데,']",[],1,0,0,0,0,1,0,
written_data_5420.json,b99e4f21-c436-4836-af38-6ae2c81b54cb,326,염소가 함유된 물에 젖었을 때 색상이 변하는 정도를 나타내는 염소 처리수 견뢰도는 1개 제품*이 권장기준에 미치지 못했음.,[],[],[],['에 미치지 못했음.'],[],0,0,0,0,0,1,0,
written_data_5420.json,b99e4f21-c436-4836-af38-6ae2c81b54cb,334,"제품 2개에는 사용 연령이 의무사항으로 표시되지 않아 개선 필요(세부내용, 붙임 자료 12페이지)임.  (표시사항)",[],['표시되지 않아 개선'],[],[],[],0,0,0,0,1,0,0,
written_data_5420.json,b99e4f21-c436-4836-af38-6ae2c81b54cb,335,"어린이가 사용하는 제품은 사용 연령을 반드시 표시해야 하지만, 2개 제품**은 사용 연령을 표시하지 않아 개선이 요구되었음.",[],['표시하지 않아 개선'],[],[],[],1,0,0,0,0,0,0,
written_data_5420.json,00bb95dc-46bf-4530-8879-37e9a67c67ca,350,"법인 전환한 개인사업자의 과거 실적 서류를 '허위서류'로 볼 수 없어 권익위는 계약 당시 문제 삼지 않은 개인 사업자 실적 제출로 입찰제 한은 부당하다고 판단, 행정심판을 청구했음.",[],['문제 삼지 않은 개인'],[],[],[],1,0,0,0,0,0,0,
written_data_5420.json,00bb95dc-46bf-4530-8879-37e9a67c67ca,357,"하지만, 이후 국방부장관은 2013년 12월 국방홍보원장이 광고대행사 자격을 법인사업자로 한정했는데도 O 씨가 자사의 유료 광고 수주실적과 표준재무제표증명 등 개인사업자 시절의 자료를 입찰 서류로 제출하여 광고 수주 대행사로 선정된 만큼 이는 입찰 또는 계약에 관한 서류를 위조․변조․부정행사하거나 허위서류를 제출한 것에 해당한다며 1년간 입찰에 참여하지 못하도록 하는 부정당업자 제재처분을 내린 바 있음.",[],[],[],['참여하지 못하도록'],[],0,1,0,0,0,0,0,
written_data_5420.json,16484068-7d8d-47f0-b4a7-884f64efce8f,391,"페니실린을 필두로 한 각종 항생제의 등장으로 감염병은 치료의 영역이 되었으나, 항생제에 듣지 않는 내성균의 출현 및 확산은 사망률 증가, 치료기간 연장, 의료비용 상승 등으로 인류의 생존과 지속가능한 발전을 위협하는 실정임.",[],['제에 듣지 않는 내성'],[],[],[],1,0,0,0,0,0,0,
written_data_5420.json,16484068-7d8d-47f0-b4a7-884f64efce8f,392,"○ 올해 5월 발표된 영국 정부의 보고서에 따르면 항생제 내성에 적절히 대응하지 못할 경우 2050년에는 전 세계적으로 연간 1,000만 명이 내성균에 의해 사망할 것으로 예측되는 등, 국제 사회도 신종감염병 이상의 파급력을 가진 항생제 내성의 심각성을 강력히 경고하고 있으며,
○ 또한 올해 9월에 개최된 유엔 총회에서 항생제 내성 해결을 위한 결의안이 채택(붙임 1)될 정도로 글로벌 보건 이슈의 최우선 순위를 차지하고 있음.",[],[],[],['대응하지 못할 경우'],[],1,0,0,0,0,0,0,
written_data_5420.json,16484068-7d8d-47f0-b4a7-884f64efce8f,398,"넷째, 항생제를 남겨둔 채로 섭취하지 않겠음.",[],['섭취하지 않겠음.'],[],[],[],0,0,0,0,0,1,0,
written_data_5420.json,b7bbe182-dc16-4360-b1df-f9262bde5573,420,"강원도를 포함한 미사용 군사시설 8,299개소 철거 완료 - 국민권익위, 사용되지 않는 철조망 등 군사시설 철거 현황 점검 및 의견청취 자리 마련",[],['사용되지 않는 철조'],[],[],[],1,0,0,0,0,0,0,
written_data_5420.json,b7bbe182-dc16-4360-b1df-f9262bde5573,422,"이날 위원장은 강원도 내 사용하지 않는 군사시설의 개선 현황을 점검하고 향후 원활한 사업 진행을 위해 주민들과 지방자치단체, 군의 의견을 수렴하기 위해 현장을 방문함.",[],['사용하지 않는 군사'],[],[],[],1,0,0,0,0,0,0,
written_data_5420.json,b7bbe182-dc16-4360-b1df-f9262bde5573,423,"앞서 국민권익위는 2017년에 총 8,693km의 해안선을 중심으로 실태조사를 실시했는데, 사용되지 않는 철조망 등 군사시설물이 설치된 토지를 돌려달라는 민원이 지속적으로 발생했기 때문임. 이어 '2018년에는 '유휴 국방 군사시설 정리 개선' 방안을 마련해 국방부에 제도 개선을 권고했음. 군이 '작전성'을 검토해 군사시설의 계속 사용이 필요한 경우 토지를 매입하거나 임차계약 등으로 법적 권원을 확보하고 군사시설의 계속 사용이 필요한 경우 시설을 철거하는 등 원상 회복해 토지주에게 반환하도록 한 것이 당시 국민권익위에 의해 권고된 제도 개선의 주요 내용이었음.",[],['사용되지 않는 철조'],[],[],[],1,0,0,0,0,0,0,
written_data_5420.json,b7bbe182-dc16-4360-b1df-f9262bde5573,426,"특히 강원도와 제8군단 등은 2022년 상반기까지 감시장비로 대체 가능한 경계 철책 36km를 모두 철거할 계획이며, 사용하지 않은 관사와 사무실 등 미사용 군사시설물 3,199개소를 철거했음.",[],['사용하지 않은 관사'],[],[],[],1,0,0,0,0,0,0,
written_data_5420.json,b7bbe182-dc16-4360-b1df-f9262bde5573,427,"어려운 여건 속에서도 사용하지 않는 철조망 등 군사시설 정리에 힘써주신 관계 기관에 진심으로 감사드리며, 앞으로도 사용할 필요가 없는 군사시설이라면 적극적으로 정리하고 개선해 국민들께 돌려드리도록 노력해야 함.""라고 국민권익위 <NAME> 위원장은 말했음. 이어 ""계획대로 철조망 등 군사시설이 철거되면 지역개발사업과 관광사업 활성화에 큰 도움이 될 것으로 기대함.""라고 말했음.",[],['사용하지 않는 철조'],[],[],[],1,0,0,0,0,0,0,
written_data_5420.json,599791dd-c7c9-4785-9305-e71c21d478b5,564,"매년 대마·양귀비를 밀경작하는 행위가 끊이지 않는 등 마약범죄가 끊이지 않자, 각 지방해양경찰청 마약 수사반 및 마약 수사대 등 가용경력을 총동원하여 도서지역을 중심으로 집중 단속을 실시함.",[],"['가 끊이지 않는 등', '가 끊이지 않자, 각']",[],[],[],1,0,0,0,1,0,0,
written_data_5420.json,56ecd039-7d3e-4003-b434-27423e67131f,616,- 제조업계는 종이박스 대신 재사용 및 환불 표시가 강화된 표준 라벨을 도입하고 종이박스 대신 빈 용기가 훼손되지 않고 회수가 쉬운 플라스틱 박스의 판매를 확대함.,[],['훼손되지 않고 회수'],[],[],[],1,0,0,0,0,0,0,
written_data_5420.json,96f7e3b5-f338-44a3-bdb1-8c011ae804b7,644,* 고용개선 조치를 이행하지 않은 것은 2017.5.22 이후 명단이 공개된 자부터 적용됨.,[],['이행하지 않은 것은'],[],[],[],1,0,0,0,0,0,0,
written_data_5420.json,ad49cf7e-0f74-4f69-a766-1405fb0191b9,653,"충청 이남 특장차 안전점검하러 경기도 안 가고 '김제 특장차 자기인증 지원센터'가 전라북도 김제시에 문을 열고, 성능시험 시설도 갖추어  냉동 탑차, 탱크로리 등 특장차 안 점 검사와 성능시험을 할 수 있음.",[],[],[],[],[],0,0,0,0,0,0,0,부정 아님
written_data_5420.json,77b5e8ab-a871-408e-a789-8febbffc6f9e,661,"□ 이 자리에서 <NAME> 본부장은 학원, 유흥시설에서 감염이 전파되는 일이 다시는 발생해서는 안 된다며, 강화된 사회적 거리 두기 기간에 좀 더 확실하게 위험을 줄여야 한다고 강조하였음.","['생해서는 안 된다며,']",[],[],[],[],0,0,0,0,0,1,0,
written_data_5420.json,77b5e8ab-a871-408e-a789-8febbffc6f9e,669,"환자나 수급자 중 열이 있거나 호흡기 증상이 있는 사람이 발견되면 즉시 보건소에 신고하고, 종사자나 방문자, 참여자는 출근하거나 입장하지 못하게 하고 보건소에 신고해야 함.",[],[],[],['입장하지 못하게 하'],[],0,1,0,0,0,0,0,
written_data_5420.json,77b5e8ab-a871-408e-a789-8febbffc6f9e,682,공식 표기를 보도 및 방송에서는 사용하시면 안 됨.,['용하시면 안 됨.'],[],[],[],[],0,0,0,0,0,1,0,
written_data_5420.json,77b5e8ab-a871-408e-a789-8febbffc6f9e,683,"세계보건기구는 2015년 표준 지침을 통해 지리적 위치, 동물 식품 종류, 문화, 주민 국민, 산업, 직업군 등이 포함된 병명을 사용하지 말 것을 권고했음.",[],[],[],[],['사용하지 말 것을'],1,0,0,0,0,0,0,
written_data_5420.json,77b5e8ab-a871-408e-a789-8febbffc6f9e,687,2. 옷소매로 입과 코를 가린 채 기침이나 재채기를 하면 안 됨.,['를 하면 안 됨.'],[],[],[],[],0,0,0,0,0,1,0,
written_data_5420.json,77b5e8ab-a871-408e-a789-8febbffc6f9e,688,3. 손을 씻지 않은 채 눈·코·입을 만지지 마십시오. 4. 마스크를 착용하고 의료기관을 방문하세요.,[],['손을 씻지 않은 채'],[],[],[],1,0,0,0,0,0,0,
written_data_5420.json,80107777-7bd3-4a4d-a37b-b5aaf2e557b0,704,"단, 해양수산부가 저작권을 전부 갖고 있지 아니하므로, 사진, 이미지, 일러스트, 같은 일부 자료는 해당 저작권자의 허락을 받아야 자유롭게 이용할 수 있음.",[],"['갖고 있지 아니하므로,']",[],[],[],0,0,0,0,1,0,0,
written_data_5420.json,f48b6a4e-bcf5-42f1-9daf-7c6f0540cac6,712,환급 소멸시효 3년 경과 등의 이유로 취소되지 않는 사례가 많다.,[],['취소되지 않는 사례'],[],[],[],1,0,0,0,0,0,0,
written_data_5420.json,f48b6a4e-bcf5-42f1-9daf-7c6f0540cac6,714,"지난 13일 국민권익위는 소위원회를 열어 A 씨가 자의로 명의를 대여했고 대표자 변경 등을 통해 구제받을 수 있는 기간이 있음에도 이의 제기를 하지 않은 점, 시효기간이 지난 점 등을 들어 보험료 부과 결정을 취소할 이유가 없다고 의결했음.",[],"['기를 하지 않은 점,']",[],[],[],1,0,0,0,0,0,0,
written_data_5420.json,f48b6a4e-bcf5-42f1-9daf-7c6f0540cac6,715,"국민권익위 관계자는 ""4대보험료 취소 이의 제기 요건이 공단에 따라 다를 수 있으므로 이를 확인하는 것이 필요하다""라며 ""특히 소멸시효 기간 내에 신청하더라도 부과 처분에 하자가 없는 경우 보험료 취소가 안 될 수도 있으니 명의를 빌려주는 경우 이를 주의해야 한다""라고 말했음.",['취소가 안 될 수도'],[],[],[],[],1,0,0,0,0,0,0,
written_data_5420.json,181d7804-7523-432d-9dff-6b6fbf861223,785,"그동안 7급 공채는 암기 위주의 평가에 치우쳐 기술 지식의 융복합 시대에 맞지 않고, 수험 준비 과정에서 쌓은 역량이나 지식이 사회 전체적으로 활용되지 못한 측면이 있었음.",[],"['대에 맞지 않고, 수']",[],['활용되지 못한 측면'],[],1,0,0,0,0,1,0,
written_data_5420.json,1590b42d-20c5-484d-ab29-ed4ec7237a5e,805,"검사 방법을 준수하지 않을 경우 업무정지 처분은 기존 3개월에서 6개월로, 지정 취소 검사기관의 재지정 제한 기간도 2년에서 4년으로 강화됨.",[],['준수하지 않을 경우'],[],[],[],1,0,0,0,0,0,0,
written_data_5420.json,1590b42d-20c5-484d-ab29-ed4ec7237a5e,810,"지난해 불법행위를 적발한 것을 계기로 먹는 물 검사기관에 대한 관리대책을 강화하여 유사 사례가 재발하지 않도록 철저히 관리하겠다""라고 <NAME> 환경부 수도정책장은 말했음.",[],['재발하지 않도록 철'],[],[],[],0,1,0,0,0,0,0,
written_data_5420.json,5801504d-1452-466b-bbf3-d19dbadd26d9,829,시행령 일부개정령 안 일부를 다음과 같이 고친다.,[],[],[],[],[],0,0,0,0,0,0,0,부정 아님
written_data_5420.json,a38751ca-d7e5-44cd-91e3-8f83530ab74e,892,"하지만 식용이 가능한 종, 부위와 조리법이 정확하지 않으면 중독 증상이 나타나므로 일반인이 독초로 분류된 식물을 먹는 것은 매우 위험한 일임.",[],['정확하지 않으면 중'],[],[],[],0,0,0,0,1,0,0,
written_data_5420.json,213266ce-9cd5-4e07-a723-64ee071bc51d,916,"공정거래위원회(위원장 <NAME>, 이하 '공정위')는 삼성전자 등 기기 제조사에게 안드로이드 변형 OS(포크 OS)* 탑재 기기를 생산하지 못하게 함으로써 경쟁 OS의 시장 진입을 방해하고 혁신을 저해한 구글의 행위에 대해 시정명령과 함께 과징금 2,074억 원(잠정)을 부과하기로 결정하였음.",[],[],[],['생산하지 못하게 함'],[],0,1,0,0,0,0,0,
written_data_5420.json,213266ce-9cd5-4e07-a723-64ee071bc51d,921,"AFA는 단순히 계약서 문구로만 그치는 것이 아니라, 실제로 구글은 AFA 계약을 활용하여 기기 제조사가 포크 OS 탑재 기기를 출시하지 못하도록 적극 저지하였음.",[],[],[],['출시하지 못하도록'],[],0,1,0,0,0,0,0,
written_data_5420.json,213266ce-9cd5-4e07-a723-64ee071bc51d,940,LG는 구글이 정의되지도 않은 '파편화' 규정을 LG가 위반하였다고 주장하며 차세대 안드로이드 OS를 위한 소스 코드에 대한 LG의 조기 접근을 제한할 것을 우려하였음.,[],"[""정의되지도 않은 '파""]",[],[],[],1,0,0,0,0,0,0,
written_data_5420.json,213266ce-9cd5-4e07-a723-64ee071bc51d,951,"□ (면제 기기 및 추가 제약) 위 파편화 금지 의무를 충족하지 않더라도 구글이 승인하는 경우 예외적으로 '면제 기기'로 출시할 수 있으나, 이 경우 까다로운 추가 제약 조건을 모두 준수해야만 함.
ㅇ",[],['충족하지 않더라도'],[],[],[],0,1,0,0,0,0,0,
written_data_5420.json,213266ce-9cd5-4e07-a723-64ee071bc51d,968,"- 실제로, 거래선을 찾지 못한 아마존, 알리바바 등의 모바일 OS 사업은 모두 실패하였음.
ㅇ",[],[],[],['선을 찾지 못한 아마'],[],1,0,0,0,0,0,0,
written_data_5420.json,213266ce-9cd5-4e07-a723-64ee071bc51d,992,"애플의 iOS는 애플 기기에만 탑재되고 다른 제조사에는 라이선스 되지 않는 폐쇄형 OS이기 때문에 시장점유율 산정 시 제외하였고, 기타에는 심비안, 윈도모바일, 미고, 리모, 바다, 타이젠 OS를 포함하였음 (이하 앱마켓도 동일)",[],['선스 되지 않는 폐쇄'],[],[],[],1,0,0,0,0,0,0,
written_data_5420.json,213266ce-9cd5-4e07-a723-64ee071bc51d,997,"- 특히, 구글 브랜드를 사용하지 않거나(예: 삼성전자 갤럭시 기어 1), 아직 구글이 진출하지 않은 분야(예: 로봇·드론 등)까지도 포크 OS를 개발·상품화하지 못하도록 차단하였음.",[],"['사용하지 않거나(예', '진출하지 않은 분야']",[],['상품화하지 못하도록'],[],2,1,0,0,0,0,0,
written_data_5420.json,213266ce-9cd5-4e07-a723-64ee071bc51d,999,"삼성전자가 갤럭시 기어 1을 출시하던 2013. 8. 당시, 구글은 스마트 시계용 OS를 출시하지 않았음에도 삼성전자가 스마트 시계 분야를 선점하지 못하도록 기어 1 출시를 방해하였음.",[],['출시하지 않았음에도'],[],['선점하지 못하도록'],[],0,1,1,0,0,0,0,
written_data_31301.json,39fd2afd-e27a-4585-8f64-dc6f7841e43c,2,2선박소유자는 선원이 제67조 내지 제69조의 규정에 의한 유급휴가의 전부 또는 일부를 사용하지 아니한 경우 사용한 유급휴가일수에 대하여 임금외에 유급휴가급을 따로 지급하여야 한다.,[],['사용하지 아니한 경우'],[],[],[],1,0,0,0,0,0,0,
written_data_31301.json,39fd2afd-e27a-4585-8f64-dc6f7841e43c,5,2어선원이 고의 또는 중대한 과실에 의해 어선의 승무를 중지한 경우 그 중지 기간이 30일을 초과하지 아니하면 계속 승무한 것으로 본다.,[],['초과하지 아니하면 계'],[],[],[],0,0,0,0,1,0,0,
written_data_31301.json,39fd2afd-e27a-4585-8f64-dc6f7841e43c,7,"이 장의 규정은 2008. 2. 29.&gt; [본조신설 2005. 3. 31.]에 해당하는 선박은 다음 각호의 1에 해당하며, 이 장의 규정을 적용받지 아니한다.",[],['적용받지 아니한다.'],[],[],[],0,0,0,0,0,1,0,
written_data_31301.json,39fd2afd-e27a-4585-8f64-dc6f7841e43c,17,"lt;개정 1997년 8. 22., 2008년 2 29, 3선박소유자는 전염병·정신질환, 기타 질병을 가진 자 중에서 선박승무가 곤란하다고 국토해양부령으로 정하는 선원을 승선시켜서는 안 된다.",['시켜서는 안 된다.'],[],[],[],[],0,0,0,0,0,1,0,
written_data_31301.json,39fd2afd-e27a-4585-8f64-dc6f7841e43c,19,"gt; 개정 1997년 8. 22., 2006년 10. 4., 2008년 2 29.&t; 선박이 기항하고 있는 항구에서 선원의 의료기관에 의한 상병진료 요구를 5선장이 거절할 수 없도록 한 것은 개정된 1997. 8. 22., 2008. 2. 29.&gt; 선박소유자는 다음 각호의 1에 해당하는 선박에 의사를 승선시켜야 한다(lt;신설 1990. 8. 1.&g; </ul> <ul> <li>제77조 (의사의 승무) 다만, 해양수산관청이 국토해양부령이 정하는 바에 따라 승인을 한 경우에는 그러하지 아니하다.",[],['그러하지 아니하다.'],[],[],[],0,0,0,0,0,1,0,
written_data_31301.json,39fd2afd-e27a-4585-8f64-dc6f7841e43c,20,"lt;개정 1997. 8. 22., 2008. 2. 29.&gt;</li>
1. 원양구역을 항행구역으로 하는 총톤수 5천톤이상의 선박으로서 최대승선인원이 100인이상의 선박
2. 국토해양부령이 정하는 모선식 어업에 종사하는 어선
</ul>
<ul>
<li>제78조 (의료관리자 &lt;개정 1999. 4. 15.&gt;) ①선박소유자는 의사를 승무시키지 아니할 수 있는 선박중 다음 각호의 1에 해당하는 선박에는 의료관리자를 두어야 한다.",[],['승무시키지 아니할 수'],[],[],[],1,0,0,0,0,0,0,
written_data_31301.json,39fd2afd-e27a-4585-8f64-dc6f7841e43c,21,"다만, 국토해양부령이 정하는 경우에는 그러하지 아니하다. &",[],['그러하지 아니하다.'],[],[],[],0,0,0,0,0,1,0,
written_data_31301.json,39fd2afd-e27a-4585-8f64-dc6f7841e43c,23,"다만, 부득이한 사유로 해양수산관청의 승인을 얻은 경우에는 그러하지 아니하다. &",[],['그러하지 아니하다.'],[],[],[],0,0,0,0,0,1,0,
written_data_31301.json,39fd2afd-e27a-4585-8f64-dc6f7841e43c,25,"국토해양부령이 정하는 바에 따라 선박 안의 의료관리에 필요한 업무에 종사하는 4의료관리자의 자격은 개정 1997년 8. 22., 1999년 4. 15, 2008년 2 29.&gt; lt;개정 1997. 8. 22., 1999. 4. 15., 2007. 1. 3., 2008. 2. 29.&gt;
</ul>
<ul>
<li>제78조의2 (응급처치담당자) ①선박소유자는 제77조 또는 제78조의 규정에 의한 의사 또는 의료관리자를 승무시키지 아니할 수 있는 선박중 다음 각호의 1에 해당하는 선박에는 응급처치를 담당하는 선원(이하""응급처치담당자""라 한다)을 두어야 한다. &",[],['승무시키지 아니할 수'],[],[],[],1,0,0,0,0,0,0,
written_data_31301.json,39fd2afd-e27a-4585-8f64-dc6f7841e43c,33,"다만, 그 가족만을 이용하는 선박에는 그러하지 아니하다.",[],['그러하지 아니하다.'],[],[],[],0,0,0,0,0,1,0,
written_data_31301.json,39fd2afd-e27a-4585-8f64-dc6f7841e43c,38,"다만, 다음 각 호의 어느 하나에 해당하는 경우에는 그러하지 아니하다.",[],['그러하지 아니하다.'],[],[],[],0,0,0,0,0,1,0,
written_data_31301.json,39fd2afd-e27a-4585-8f64-dc6f7841e43c,39,"lt;신설 2007. 12. 27., 2008. 2. 29.&gt;
1. 국토해양부령으로 정하는 범위 안의 항해에 대하여 임신 중인 여성선원이 선내 작업을 신청하고, 임신 또는 출산에 위험·유해하지 아니하다고 의사가 인정한 경우
2. 임신 중인 사실이 항해 중 판명된 경우로서 해당 선박의 안전을 위하여 필요한 작업에 종사하는 경우
⑥ 선박소유자는 산후 1년이 지나지 아니한 여성선원을 국토해양부령으로 정하는 위험한 선내 작업과 위생상 유해한 작업에 종사시켜서는 아니 된다. &",[],"['·유해하지 아니하다고', '이 지나지 아니한 여성']",[],[],[],1,0,0,1,0,0,0,
written_data_31301.json,39fd2afd-e27a-4585-8f64-dc6f7841e43c,40,"lt;신설 2007. 12. 27., 2008. 2. 29.&gt;
⑦ 가족만을 사용하는 선박의 경우에는 제2항 및 제4항부터 제6항까지의 규정을 적용하지 아니한다. &",[],['적용하지 아니한다.'],[],[],[],0,0,0,0,0,1,0,
written_data_31301.json,39fd2afd-e27a-4585-8f64-dc6f7841e43c,41,"lt;신설 2007. 12. 27.&gt;
</ul>
<ul>
<li>제82조 (야간작업의 금지) ①선박소유자는 18세미만의 선원을 오후 10시부터 다음날 오전 6시까지의 사이에 작업에 종사시키지 못한다.",[],[],[],['종사시키지 못한다.'],[],0,0,0,0,0,1,0,
written_data_31301.json,39fd2afd-e27a-4585-8f64-dc6f7841e43c,42,"다만, 가벼운 일로서 그 선원의 동의와 국토해양부장관의 승인을 얻은 경우에는 그러하지 아니하다. &",[],['그러하지 아니하다.'],[],[],[],0,0,0,0,0,1,0,
written_data_31301.json,39fd2afd-e27a-4585-8f64-dc6f7841e43c,43,"lt;개정 1990. 8. 1., 1997. 8. 22., 2008. 2. 29.&gt;</li>
②제62조제2항 각호에 규정된 작업에 종사시키는 경우 및 가족만을 사용하는 선박에 있어서는 제1항의 규정을 적용하지 아니한다.",[],['적용하지 아니한다.'],[],[],[],0,0,0,0,0,1,0,
written_data_31301.json,39fd2afd-e27a-4585-8f64-dc6f7841e43c,47,"이하 같다) 직무외의 원인에 의한 것으로서,「국민건강보험법」에 의한 요양급여의 대상이 되는 부상을 당하거나 질병에 걸린 경우에는 동법 제41조의 규정에 의하여 요양을 받는 선원이 부담하여야 하는 비용(3월의 범위 내에 한한다)을 지급하여야 하고, 동법에 의한 요양급여의 대상이 되지 아니하는 부상을 당하거나 질병에 걸린 경우에는 그 선원의 요양에 필요한 비용(3월의 범위 내에 한한다)을 지급하여야 한다. &",[],['상이 되지 아니하는 부'],[],[],[],1,0,0,0,0,0,0,
written_data_31301.json,39fd2afd-e27a-4585-8f64-dc6f7841e43c,48,"lt;개정 2001. 3. 28., 2006. 10. 4.&gt;
③선박소유자는 제2항의 규정에 불구하고 선원의 고의 또는 중대한 과실로 인한 부상 또는 질병에 대하여는 선원노동위원회의 인정을 받아「국민건강보험법」 제41조의 규정에 의하여 요양을 받는 선원이 부담하여야 하는 비용 또는 요양에 필요한 비용을 지급하지 아니할 수 있다. &",[],['지급하지 아니할 수'],[],[],[],1,0,0,0,0,0,0,
written_data_31301.json,39fd2afd-e27a-4585-8f64-dc6f7841e43c,51,나도 치유되지 아니하는 경우에는 치유될 때까지 매월 1회 통상임금의 70퍼센트에 상당하는 금액의 상병보상을 행하여야 한<li> 2선박소유자는 제85조제2항 본문의 규정에 따라 요양중인 선원에게 요양기간(3의 범위에 한한다) &,[],['치유되지 아니하는 경'],[],[],[],1,0,0,0,0,0,0,
written_data_31301.json,39fd2afd-e27a-4585-8f64-dc6f7841e43c,61,"lt;개정 2007. 1. 3., 2008. 2. 29.&gt;
1. 승인을 얻은 사업계획과 상이하게 예산을 집행한 경우
2. 회계 관련 법령을 위반하여 예산을 집행한 경우
3. 제122조의3제2항의 규정을 위반하여 승인을 얻지 아니하고 수익사업을 한 경우
[본조신설 2001. 3. 28.]
</ul>
<ul>
<li>제122조의9 (「민법」의 준용) 센터에 관하여 이 법에 규정한 것을 제외하고는「민법」중 재단법인에 관한 규정을 준용한다. &",[],['인을 얻지 아니하고 수'],[],[],[],0,1,0,0,0,0,0,
written_data_31301.json,39fd2afd-e27a-4585-8f64-dc6f7841e43c,67,"lt;개정 2008. 2. 29.&gt;</li>
1. 그 선박소유자나 선장이 국제협약에서 요구하는 자격증명서를 소지하지 아니한 선원을 승무시킨 경우
2. 국제협약에 따라 적합한 자격증명서를 소지한 자가 수행하여야 할 임무를 자격증명서를 소지하지 아니한 선원이 수행하도록 해당선장이 허용한 경우
3. 국제협약에 따라 적합한 자격증명서를 소지한 자가 수행하여야 할 임무의 수행을 위하여 선원이 거짓 또는 부정한 방법으로 승무한 경우
[본조신설 2007. 1. 3.]
</ul>
<ul>
<li>제127조 (수수료) 이 법에 의한 증서의 교부·공인등을 신청하거나 제78조제3항의 규정에 의하여 의료관리자시험에 응시하고자 하는 자는 국토해양부령이 정하는 수수료를 납부하여야 한다. &",[],"['소지하지 아니한 선원', '소지하지 아니한 선원']",[],[],[],2,0,0,0,0,0,0,
written_data_31301.json,39fd2afd-e27a-4585-8f64-dc6f7841e43c,68,"lt;개정 1990. 8. 1., 1997. 8. 22., 1999. 4. 15., 2008. 2. 29.&gt;</li>
</ul>
<ul>
<li>제128조 (시효의 특칙) 선원의 선박소유자에 대한 채권(재해보상청구권을 포함한다)은 3년간 이를 행사하지 아니하면 시효로 인하여 소멸한다.",[],['행사하지 아니하면 시'],[],[],[],0,1,0,0,0,0,0,
written_data_31301.json,39fd2afd-e27a-4585-8f64-dc6f7841e43c,77,"</li>
</ul>
<ul>
<li>제133조 (벌칙) 선장이 제12조 본문의 규정에 위반하여 인명과 선박의 구조에 필요한 조치를 다하지 아니한 때에는 5년이하의 징역 또는 1천만원이하의 벌금에 처한다. &",[],['를 다하지 아니한 때에'],[],[],[],1,0,0,0,0,0,0,
written_data_31301.json,39fd2afd-e27a-4585-8f64-dc6f7841e43c,83,③제2항의 경우 당해쟁의행위가 선박소유자(그 대리인을 포함한다)가 선원의 이익에 반하여 법령을 위반하거나 정당한 사유없이 선원근로계약을 위반한 것을 이유로 한 것인 경우에는 벌하지 아니한다.,[],['는 벌하지 아니한다.'],[],[],[],0,0,0,0,0,1,0,
written_data_31301.json,39fd2afd-e27a-4585-8f64-dc6f7841e43c,85,"</li>
1. 선박에 급박한 위험이 있는 경우에 선장의 허가없이 선박을 떠난 때
2. 제11조 내지 제13조의 규정에 의하여 선장이 인명·선박 또는 화물의 구조에 필요한 조치를 하는 경우에 상사의 직무상 명령에 따르지 아니한 때
</ul>
<ul>
<li>제137조의2 (벌칙) 선박소유자가 다음 각호의 1에 해당하는 때에는 5년이하의 징역 또는 3천만원이하의 벌금에 처한다.",[],['에 따르지 아니한 때'],[],[],[],1,0,0,0,0,0,0,
written_data_31301.json,39fd2afd-e27a-4585-8f64-dc6f7841e43c,100,"lt; 개정 1997. 8. 22., 2006. 10. 4.&gt; 6제4항의 규정에 의한 기간내에 이의를 제기하지 아니하고 과태료를 내지 아니한 때에는 국세체납처분의 예에 따라 이를 징수한다.",[],"['제기하지 아니하고 과', '료를 내지 아니한 때에']",[],[],[],2,0,0,0,0,0,0,
written_data_31301.json,39fd2afd-e27a-4585-8f64-dc6f7841e43c,103,"다만, 선박소유자(선박소유자가 법인인 경우에는 그 대표자를, 선박소유자가 영업에 관하여 성년자와 동일한 능력을 가지지 아니한 미성년자·한정치산자 또는 금치산자인 경우에는 그 법정대리인을 말한다. 이하 이 조에서 같다)가 위반행위의 방지를 위하여 필요한 조치를 한 경우에는 그러하지 아니하다. &",[],"['을 가지지 아니한 미성', '그러하지 아니하다.']",[],[],[],1,0,0,0,0,1,0,
written_data_31301.json,39fd2afd-e27a-4585-8f64-dc6f7841e43c,104,"lt;개정 1990. 8. 1., 1997. 8. 22., 1999. 4. 15.&gt;</li>
②선박소유자가 제1항의 규정에 의한 위반행위의 계획을 알고 그 방지에 필요한 조치를 하지 아니한 때, 위반행위를 알고도 그 시정을 위하여 필요한 조치를 하지 아니한 때 또는 위반행위를 교사한 때에는 선박소유자도 행위자로서 처벌한다.",[],"['치를 하지 아니한 때,', '치를 하지 아니한 때']",[],[],[],2,0,0,0,0,0,0,
written_data_31301.json,39fd2afd-e27a-4585-8f64-dc6f7841e43c,108,제3조 (임금등의 조정에 관한 경과조치) 해운항만청장은 이 법 시행전에 일반계약에 의하여 선원을 고용한 선박소유자가 제47조 내지 제51조 및 제67조 내지 제71조의 규정을 적용함에 있어 선원노동조합과 협의한 경우에는 이 법 시행일로부터 1년의 범위 안에서 동 규정의 전부 또는 일부의 규정을 적용하지 아니하게 할 수 있다.,[],['적용하지 아니하게 할'],[],[],[],0,1,0,0,0,0,0,
written_data_31301.json,39fd2afd-e27a-4585-8f64-dc6f7841e43c,109,해운항만청장은 이와 같은 경우 선원노동조합이 없거나 협의가 이루어지지 않을 경우 이를 조정할 수 있다.,[],['이루어지지 않을 경우'],[],[],[],1,0,0,0,0,0,0,
written_data_31301.json,47ae1875-69c4-42b1-93a9-8d5c8c214a38,161,"다만, 다음 각호의 어느 하나에 해당하는 선박에 승무하는 선원과 그 선박의 소유자에 대하여는 이 법을 적용하지 아니한다. &",[],['적용하지 아니한다.'],[],[],[],0,0,0,0,0,1,0,
written_data_31301.json,47ae1875-69c4-42b1-93a9-8d5c8c214a38,179,"근로자직업능력 개발법은 개정되어 1990. 8. 1., 1997. 8. 22., 2006. 10. 4., 2007. 4. 11., 2007. 12. 27.&gt;</li> 2선원의 교육·훈련에 대해서는 이를 적용하지 아니한다.",[],['적용하지 아니한다.'],[],[],[],0,0,0,0,0,1,0,
written_data_31301.json,47ae1875-69c4-42b1-93a9-8d5c8c214a38,182,"</li>
</ul>
<ul>
<li>제8조 (항해의 성취) 선장은 출항을 지체하지 말고 예정항로를 따라 도착항까지 항해해야 하며, </li> </ul> <li> 제9조 (선장의 직접지휘) 선박이 항구를 출입할 때나 좁은 수로를 지나갈 때 기타 선박에 위험이 생길 우려가 있는 때에는 선장이 직접 선박의 조종을 지휘하여야 한다.",[],[],[],[],['지체하지 말고 예정'],0,1,0,0,0,0,0,
written_data_31301.json,47ae1875-69c4-42b1-93a9-8d5c8c214a38,183,제10조 (재선의무) 1선장은 화물을 실어나르거나 여객이 탑승하기 시작할 때부터 화물을 모두 부리고 여객이 다 내릴 때까지 선박을 떠나지 아니한다.,[],['을 떠나지 아니한다.'],[],[],[],0,0,0,0,0,1,0,
written_data_31301.json,47ae1875-69c4-42b1-93a9-8d5c8c214a38,184,"다만, 선원 중 본문의 규정에 의한 선장의 직무를 대행할 자를 정하여 질병 또는 부상의 치료가 필요한 경우 등 국토해양부령이 정하는 부득이한 경우를 제외하고는 그러하지 아니하다.",[],['그러하지 아니하다.'],[],[],[],0,0,0,0,0,1,0,
written_data_31301.json,47ae1875-69c4-42b1-93a9-8d5c8c214a38,187,"다만, 자기가 지휘하는 선박에 급박한 위험이 있는 경우에는 그러하지 아니하다.",[],['그러하지 아니하다.'],[],[],[],0,0,0,0,0,1,0,
written_data_31301.json,47ae1875-69c4-42b1-93a9-8d5c8c214a38,189,"다만, 본인이 지휘하는 선박에 급박한 위험이 있는 경우와 국토해양부령이 정하는 경우에는 그러하지 아니하다.",[],['그러하지 아니하다.'],[],[],[],0,0,0,0,0,1,0,
written_data_31301.json,47ae1875-69c4-42b1-93a9-8d5c8c214a38,197,"lt;개정 1997. 8. 22., 2007. 1. 3., 2008. 2. 29.&gt;</li>
</ul>
<ul>
<li>제19조 (재외국민의 송환) ①선장은 외국에<NAME>는 대한민국의 영사가 법령의 정하는 바에 의하여 대한민국 국민의 송환을 명한 때에는 정당한 사유없이 이를 거부하지 못한다.",[],[],[],['거부하지 못한다.'],[],0,0,0,0,0,1,0,
written_data_31301.json,47ae1875-69c4-42b1-93a9-8d5c8c214a38,203,"lt;개정 1997. 8. 22., 2006. 10. 4.&gt;</li>
1. 상급자의 직무상 명령에 따르지 아니한 때
2. 선장의 허가없이 선박을 떠난 때
3. 선장의 허가없이 흉기 또는「마약류 불법거래방지에 관한 특례법」 제2조제1항의 규정에 의한 마약류를 선박안에 들여 온 때
4. 선박안에서 싸움·폭행·음주소란행위를 하거나 고의로 시설물을 파손한 때
5. 직무를 게을리 하거나 다른<NAME>의 직무수행을 방해한 때
6. 정당한 사유없이 선장이 지정한 시간까지 선박에 승선하지 아니한 때
7. 그밖에 선내질서를 어지럽게 하는 행위로서 단체협약·취업규칙 또는 선원근로계약으로 정하는 행위를 한 때
②징계는 훈계·상륙금지 및 하선으로 하며, 상륙금지는 정박중에 10일이내로 한다.",[],"['에 따르지 아니한 때', '승선하지 아니한 때']",[],[],[],2,0,0,0,0,0,0,
written_data_31301.json,47ae1875-69c4-42b1-93a9-8d5c8c214a38,220,이 경우의 비율급의 월액이 월 고정급에 미치지 못하면 미리 지급한 월 고정급에 해당하는 금액을 비율급의 월액으로 본다.,[],[],[],['에 미치지 못하면 미'],[],0,0,0,0,1,0,0,
written_data_31301.json,47ae1875-69c4-42b1-93a9-8d5c8c214a38,237,제66조 (적용범위) ①다음 각호의 1에 해당하는 선박에 대하여는 이 장의 규정을 적용하지 아니한다. &,[],['적용하지 아니한다.'],[],[],[],0,0,0,0,0,1,0,
written_data_31301.json,47ae1875-69c4-42b1-93a9-8d5c8c214a38,244,"전일 2007년 12월 27일, lt; 4선원이 8월동안 계속 승무를 하지 못한 경우에도 이미 승무한 기간에 대하여 유급휴가를 줘야 한다.",[],[],[],['무를 하지 못한 경우'],[],1,0,0,0,0,0,0,
written_data_31301.json,47ae1875-69c4-42b1-93a9-8d5c8c214a38,251,"lt;개정 2007. 12. 27.&gt;
</ul>
<ul>
<li>제69조 (유급휴가의 사용일수의 계산) 선원이 실제 사용한 유급휴가일수의 계산은 선원이 유급휴가를 목적으로 대한민국에 도착한 날의 다음 날부터 기산하여 승선일(외국에서 승선하는 경우에는 출국일)의 전일까지의 일수로 하되, 다음 각호의 1에 해당하는 기간은 사용일수에 포함하지 아니한다. &",[],['포함하지 아니한다.'],[],[],[],0,0,0,0,0,1,0,
written_data_31301.json,47ae1875-69c4-42b1-93a9-8d5c8c214a38,255,2선박소유자는 선원이 제67조 내지 제69조의 규정에 의한 유급휴가의 전부 또는 일부를 사용하지 아니한 때에는 유급휴가일수에 대하여 임금외에 유급휴가급을 따로 지급하여야 한다.,[],['사용하지 아니한 때에'],[],[],[],1,0,0,0,0,0,0,
written_data_31301.json,47ae1875-69c4-42b1-93a9-8d5c8c214a38,258,2어선원이 고의 또는 중대한 과실에 의해 어선의 승무를 중지한 경우 그 중지 기간이 30일을 초과하지 아니하면 계속 승무한 것으로 본다.,[],['초과하지 아니하면 계'],[],[],[],0,0,0,0,1,0,0,중복
written_data_31301.json,47ae1875-69c4-42b1-93a9-8d5c8c214a38,260,이 장의 규정을 적용받지 아니하는 선박은 다음 각호의 1에 해당하는 선박이다. &,[],['적용받지 아니하는 선'],[],[],[],1,0,0,0,0,0,0,
written_data_31301.json,47ae1875-69c4-42b1-93a9-8d5c8c214a38,273,"lt;신설 1990. 8. 1.&g; </ul> <ul> <li>제77조 (의사의 승무) 다만, 해양수산관청의 승인을 국토해양부령이 정하는 바에 따라 받은 경우에는 그러하지 아니하다.",[],['그러하지 아니하다.'],[],[],[],0,0,0,0,0,1,0,
written_data_31301.json,47ae1875-69c4-42b1-93a9-8d5c8c214a38,274,"lt;개정 1997. 8. 22., 2008. 2. 29.&gt;</li>
1. 원양구역을 항행구역으로 하는 총톤수 5천톤이상의 선박으로서 최대승선인원이 100인이상의 선박
2. 국토해양부령이 정하는 모선식 어업에 종사하는 어선
</ul>
<ul>
<li>제78조 (의료관리자 &lt;개정 1999. 4. 15.&gt;) ①선박소유자는 의사를 승무시키지 아니할 수 있는 선박중 다음 각호의 1에 해당하는 선박에는 의료관리자를 두어야 한다.",[],['승무시키지 아니할 수'],[],[],[],1,0,0,0,0,0,0,중복
written_data_31301.json,47ae1875-69c4-42b1-93a9-8d5c8c214a38,275,"다만, 국토해양부령이 정하는 경우에는 그러하지 아니하다. &",[],['그러하지 아니하다.'],[],[],[],0,0,0,0,0,1,0,중복
written_data_31301.json,47ae1875-69c4-42b1-93a9-8d5c8c214a38,277,"다만, 부득이한 사유로 해양수산관청의 승인을 얻은 경우에는 그러하지 아니하다. &",[],['그러하지 아니하다.'],[],[],[],0,0,0,0,0,1,0,중복
written_data_31301.json,47ae1875-69c4-42b1-93a9-8d5c8c214a38,280,"lt;개정 1997. 8. 22., 1999. 4. 15., 2007. 1. 3., 2008. 2. 29.&gt;
</ul>
<ul>
<li>제78조의2 (응급처치담당자) ①선박소유자는 제77조 또는 제78조의 규정에 의한 의사 또는 의료관리자를 승무시키지 아니할 수 있는 선박중 다음 각호의 1에 해당하는 선박에는 응급처치를 담당하는 선원(이하""응급처치담당자""라 한다)을 두어야 한다. &",[],['승무시키지 아니할 수'],[],[],[],1,0,0,0,0,0,0,
written_data_31301.json,47ae1875-69c4-42b1-93a9-8d5c8c214a38,293,"다만, 다음 각 호의 어느 하나에 해당하는 경우에는 그러하지 아니하다.",[],['그러하지 아니하다.'],[],[],[],0,0,0,0,0,1,0,중복
written_data_31301.json,47ae1875-69c4-42b1-93a9-8d5c8c214a38,294,"lt;신설 2007. 12. 27., 2008. 2. 29.&gt;
1. 국토해양부령으로 정하는 범위 안의 항해에 대하여 임신 중인 여성선원이 선내 작업을 신청하고, 임신 또는 출산에 위험·유해하지 아니하다고 의사가 인정한 경우
2. 임신 중인 사실이 항해 중 판명된 경우로서 해당 선박의 안전을 위하여 필요한 작업에 종사하는 경우
⑥ 선박소유자는 산후 1년이 지나지 아니한 여성선원을 국토해양부령으로 정하는 위험한 선내 작업과 위생상 유해한 작업에 종사시켜서는 아니 된다. &",[],"['·유해하지 아니하다고', '이 지나지 아니한 여성']",[],[],[],1,0,0,1,0,0,0,중복
written_data_31301.json,47ae1875-69c4-42b1-93a9-8d5c8c214a38,295,"lt;신설 2007. 12. 27., 2008. 2. 29.&gt;
⑦ 가족만을 사용하는 선박의 경우에는 제2항 및 제4항부터 제6항까지의 규정을 적용하지 아니한다. &",[],['적용하지 아니한다.'],[],[],[],0,0,0,0,0,1,0,중복
written_data_31301.json,47ae1875-69c4-42b1-93a9-8d5c8c214a38,296,"lt;신설 2007. 12. 27.&gt;
</ul>
<ul>
<li>제82조 (야간작업의 금지) ①선박소유자는 18세미만의 선원을 오후 10시부터 다음날 오전 6시까지의 사이에 작업에 종사시키지 못한다.",[],[],[],['종사시키지 못한다.'],[],0,0,0,0,0,1,0,중복
written_data_31301.json,47ae1875-69c4-42b1-93a9-8d5c8c214a38,297,"다만, 가벼운 일로서 그 선원의 동의와 국토해양부장관의 승인을 얻은 경우에는 그러하지 아니하다. &",[],['그러하지 아니하다.'],[],[],[],0,0,0,0,0,1,0,중복
written_data_31301.json,47ae1875-69c4-42b1-93a9-8d5c8c214a38,298,"lt;개정 1990. 8. 1., 1997. 8. 22., 2008. 2. 29.&gt;</li>
②제62조제2항 각호에 규정된 작업에 종사시키는 경우 및 가족만을 사용하는 선박에 있어서는 제1항의 규정을 적용하지 아니한다.",[],['적용하지 아니한다.'],[],[],[],0,0,0,0,0,1,0,중복
written_data_31301.json,47ae1875-69c4-42b1-93a9-8d5c8c214a38,302,"이하 같다) 직무외의 원인에 의한 것으로서,「국민건강보험법」에 의한 요양급여의 대상이 되는 부상을 당하거나 질병에 걸린 경우에는 동법 제41조의 규정에 의하여 요양을 받는 선원이 부담하여야 하는 비용(3월의 범위 내에 한한다)을 지급하여야 하고, 동법에 의한 요양급여의 대상이 되지 아니하는 부상을 당하거나 질병에 걸린 경우에는 그 선원의 요양에 필요한 비용(3월의 범위 내에 한한다)을 지급하여야 한다. &",[],['상이 되지 아니하는 부'],[],[],[],1,0,0,0,0,0,0,중복
written_data_31301.json,47ae1875-69c4-42b1-93a9-8d5c8c214a38,303,"lt;개정 2001. 3. 28., 2006. 10. 4.&gt;
③선박소유자는 제2항의 규정에 불구하고 선원의 고의 또는 중대한 과실로 인한 부상 또는 질병에 대하여는 선원노동위원회의 인정을 받아「국민건강보험법」 제41조의 규정에 의하여 요양을 받는 선원이 부담하여야 하는 비용 또는 요양에 필요한 비용을 지급하지 아니할 수 있다. &",[],['지급하지 아니할 수'],[],[],[],1,0,0,0,0,0,0,중복
written_data_31301.json,47ae1875-69c4-42b1-93a9-8d5c8c214a38,306,나도 치유되지 아니하는 경우에는 치유될 때까지 매월 1회 통상임금의 70퍼센트에 상당하는 금액의 상병보상을 행하여야 한<li> 2선박소유자는 제85조제2항 본문의 규정에 의하여 요양중인 선원에게 요양기간(3의 범위에 한한다)을 허락한다. &,[],['치유되지 아니하는 경'],[],[],[],1,0,0,0,0,0,0,
written_data_31301.json,47ae1875-69c4-42b1-93a9-8d5c8c214a38,316,"lt;개정 2007. 1. 3., 2008. 2. 29.&gt;
1. 승인을 얻은 사업계획과 상이하게 예산을 집행한 경우
2. 회계 관련 법령을 위반하여 예산을 집행한 경우
3. 제122조의3제2항의 규정을 위반하여 승인을 얻지 아니하고 수익사업을 한 경우
[본조신설 2001. 3. 28.]
</ul>
<ul>
<li>제122조의9 (「민법」의 준용) 센터에 관하여 이 법에 규정한 것을 제외하고는「민법」중 재단법인에 관한 규정을 준용한다. &",[],['인을 얻지 아니하고 수'],[],[],[],0,1,0,0,0,0,0,중복
written_data_31301.json,47ae1875-69c4-42b1-93a9-8d5c8c214a38,322,"lt;개정 2008. 2. 29.&gt;</li>
1. 그 선박소유자나 선장이 국제협약에서 요구하는 자격증명서를 소지하지 아니한 선원을 승무시킨 경우
2. 국제협약에 따라 적합한 자격증명서를 소지한 자가 수행하여야 할 임무를 자격증명서를 소지하지 아니한 선원이 수행하도록 해당선장이 허용한 경우
3. 국제협약에 따라 적합한 자격증명서를 소지한 자가 수행하여야 할 임무의 수행을 위하여 선원이 거짓 또는 부정한 방법으로 승무한 경우
[본조신설 2007. 1. 3.]
</ul>
<ul>
<li>제127조 (수수료) 이 법에 의한 증서의 교부·공인등을 신청하거나 제78조제3항의 규정에 의하여 의료관리자시험에 응시하고자 하는 자는 국토해양부령이 정하는 수수료를 납부하여야 한다. &",[],"['소지하지 아니한 선원', '소지하지 아니한 선원']",[],[],[],2,0,0,0,0,0,0,중복
written_data_31301.json,47ae1875-69c4-42b1-93a9-8d5c8c214a38,323,"lt;개정 1990. 8. 1., 1997. 8. 22., 1999. 4. 15., 2008. 2. 29.&gt;</li>
</ul>
<ul>
<li>제128조 (시효의 특칙) 선원의 선박소유자에 대한 채권(재해보상청구권을 포함한다)은 3년간 이를 행사하지 아니하면 시효로 인하여 소멸한다.",[],['행사하지 아니하면 시'],[],[],[],0,1,0,0,0,0,0,중복
written_data_31301.json,47ae1875-69c4-42b1-93a9-8d5c8c214a38,332,"</li>
</ul>
<ul>
<li>제133조 (벌칙) 선장이 제12조 본문의 규정에 위반하여 인명과 선박의 구조에 필요한 조치를 다하지 아니한 때에는 5년이하의 징역 또는 1천만원이하의 벌금에 처한다. &",[],['를 다하지 아니한 때에'],[],[],[],1,0,0,0,0,0,0,중복
written_data_31301.json,47ae1875-69c4-42b1-93a9-8d5c8c214a38,338,③제2항의 경우 당해쟁의행위가 선박소유자(그 대리인을 포함한다)가 선원의 이익에 반하여 법령을 위반하거나 정당한 사유없이 선원근로계약을 위반한 것을 이유로 한 것인 경우에는 벌하지 아니한다.,[],['는 벌하지 아니한다.'],[],[],[],0,0,0,0,0,1,0,중복
written_data_31301.json,47ae1875-69c4-42b1-93a9-8d5c8c214a38,340,"</li>
1. 선박에 급박한 위험이 있는 경우에 선장의 허가없이 선박을 떠난 때
2. 제11조 내지 제13조의 규정에 의하여 선장이 인명·선박 또는 화물의 구조에 필요한 조치를 하는 경우에 상사의 직무상 명령에 따르지 아니한 때
</ul>
<ul>
<li>제137조의2 (벌칙) 선박소유자가 다음 각호의 1에 해당하는 때에는 5년이하의 징역 또는 3천만원이하의 벌금에 처한다.",[],['에 따르지 아니한 때'],[],[],[],1,0,0,0,0,0,0,중복
written_data_31301.json,47ae1875-69c4-42b1-93a9-8d5c8c214a38,355,"Lt; 개정 1997년 8. 22., 2006년 10. 4.&gt; 6제4항의 규정에 의한 기간내에 이의를 제기하지 아니하고 과태료를 납부하지 아니한 때에는 국세체납처분의 예에 의하여 이를 징수한다.",[],"['제기하지 아니하고 과', '납부하지 아니한 때에']",[],[],[],2,0,0,0,0,0,0,
written_data_31301.json,47ae1875-69c4-42b1-93a9-8d5c8c214a38,358,"다만, 선박소유자(선박소유자가 법인인 경우에는 그 대표자를, 선박소유자가 영업에 관하여 성년자와 동일한 능력을 가지지 아니한 미성년자·한정치산자 또는 금치산자인 경우에는 그 법정대리인을 말한다. 이하 이 조에서 같다)가 위반행위의 방지를 위하여 필요한 조치를 한 경우에는 그러하지 아니하다. &",[],"['을 가지지 아니한 미성', '그러하지 아니하다.']",[],[],[],1,0,0,0,0,1,0,
written_data_31301.json,47ae1875-69c4-42b1-93a9-8d5c8c214a38,359,"lt;개정 1990. 8. 1., 1997. 8. 22., 1999. 4. 15.&gt;</li>
②선박소유자가 제1항의 규정에 의한 위반행위의 계획을 알고 그 방지에 필요한 조치를 하지 아니한 때, 위반행위를 알고도 그 시정을 위하여 필요한 조치를 하지 아니한 때 또는 위반행위를 교사한 때에는 선박소유자도 행위자로서 처벌한다.",[],"['치를 하지 아니한 때,', '치를 하지 아니한 때']",[],[],[],2,0,0,0,0,0,0,
written_data_31301.json,47ae1875-69c4-42b1-93a9-8d5c8c214a38,363,제3조 (임금등의 조정에 관한 경과조치) 해운항만청장은 이 법 시행전에 일반계약에 의하여 선원을 고용한 선박소유자가 제47조 내지 제51조 및 제67조 내지 제71조의 규정을 적용함에 있어 선원노동조합과 협의한 경우에는 이 법 시행일로부터 1년의 범위 안에서 동 규정의 전부 또는 일부의 규정을 적용하지 아니하게 할 수 있다.,[],['적용하지 아니하게 할'],[],[],[],0,1,0,0,0,0,0,
written_data_31301.json,47ae1875-69c4-42b1-93a9-8d5c8c214a38,364,이 경우 선원노동조합이 없거나 협의가 이루어지지 아니하는 경우에는 해운항만청장이 이를 조정할 수 있다.,[],['이루어지지 아니하는 경'],[],[],[],1,0,0,0,0,0,0,
written_data_31301.json,47ae1875-69c4-42b1-93a9-8d5c8c214a38,386,"다만, 부칙 제6조에 의거하여 개정되는 법률 중 부칙 제6조에 의거하여 공포되었으나 시행일이 도래하지 아니한 법률은 각각 해당 법률의 시행일부터 시행한다.",[],['도래하지 아니한 법률'],[],[],[],1,0,0,0,0,0,0,
written_data_31301.json,cad8d250-72dd-4bab-b3c4-708eb3dacd6f,403,"다만, 다음 각호의 어느 하나에 해당하는 선박에 승무하는 선원과 그 선박의 소유자에 대하여는 이 법을 적용하지 아니한다. &",[],['적용하지 아니한다.'],[],[],[],0,0,0,0,0,1,0,중복
written_data_31301.json,cad8d250-72dd-4bab-b3c4-708eb3dacd6f,422,"</li>
</ul>
<ul>
<li>제8조 (항해의 성취) 선장은 준비가 완료된 때에는 지체하지 아니하고 출항해야 하며, 부득이한 사유가 없는 한 예정항로를 따라 도착항까지 가야 한다.",[],['지체하지 아니하고 출'],[],[],[],0,1,0,0,0,0,0,
written_data_31301.json,cad8d250-72dd-4bab-b3c4-708eb3dacd6f,437,"lt;개정 1997. 8. 22., 2007. 1. 3., 2008. 2. 29.&gt;</li>
</ul>
<ul>
<li>제19조 (재외국민의 송환) ①선장은 외국에<NAME>는 대한민국의 영사가 법령의 정하는 바에 의하여 대한민국 국민의 송환을 명한 때에는 정당한 사유없이 이를 거부하지 못한다.",[],[],[],['거부하지 못한다.'],[],0,0,0,0,0,1,0,중복
written_data_31301.json,cad8d250-72dd-4bab-b3c4-708eb3dacd6f,443,"lt;개정 1997. 8. 22., 2006. 10. 4.&gt;</li>
1. 상급자의 직무상 명령에 따르지 아니한 때
2. 선장의 허가없이 선박을 떠난 때
3. 선장의 허가없이 흉기 또는「마약류 불법거래방지에 관한 특례법」 제2조제1항의 규정에 의한 마약류를 선박안에 들여 온 때
4. 선박안에서 싸움·폭행·음주소란행위를 하거나 고의로 시설물을 파손한 때
5. 직무를 게을리 하거나 다른<NAME>의 직무수행을 방해한 때
6. 정당한 사유없이 선장이 지정한 시간까지 선박에 승선하지 아니한 때
7. 그밖에 선내질서를 어지럽게 하는 행위로서 단체협약·취업규칙 또는 선원근로계약으로 정하는 행위를 한 때
②징계는 훈계·상륙금지 및 하선으로 하며, 상륙금지는 정박중에 10일이내로 한다.",[],"['에 따르지 아니한 때', '승선하지 아니한 때']",[],[],[],2,0,0,0,0,0,0,중복
written_data_31301.json,cad8d250-72dd-4bab-b3c4-708eb3dacd6f,459,이렇게 되면 비율급의 월액이 이미 지급한 월 고정급에 미치지 못하면 비율급의 월액으로 본다.,[],[],[],['에 미치지 못하면 비'],[],0,0,0,0,1,0,0,
written_data_31301.json,cad8d250-72dd-4bab-b3c4-708eb3dacd6f,476,제66조 (적용범위) ①다음 각호의 1에 해당하는 선박에 대하여는 이 장의 규정을 적용하지 아니한다. &,[],['적용하지 아니한다.'],[],[],[],0,0,0,0,0,1,0,중복
written_data_31301.json,cad8d250-72dd-4bab-b3c4-708eb3dacd6f,489,"lt;개정 2007. 12. 27.&gt;
</ul>
<ul>
<li>제69조 (유급휴가의 사용일수의 계산) 선원이 실제 사용한 유급휴가일수의 계산은 선원이 유급휴가를 목적으로 대한민국에 도착한 날의 다음 날부터 기산하여 승선일(외국에서 승선하는 경우에는 출국일)의 전일까지의 일수로 하되, 다음 각호의 1에 해당하는 기간은 사용일수에 포함하지 아니한다. &",[],['포함하지 아니한다.'],[],[],[],0,0,0,0,0,1,0,중복
written_data_31301.json,cad8d250-72dd-4bab-b3c4-708eb3dacd6f,502,"다만, 긴급을 요하거나 사전통지의 경우 증거인멸 등으로 검사목적을 달성할 수 없다고 인정하는 경우에는 그러하지 아니할 수 있다. &",[],['그러하지 아니할 수'],[],[],[],1,0,0,0,0,0,0,
written_data_31301.json,cad8d250-72dd-4bab-b3c4-708eb3dacd6f,532,"lt;개정 2007. 1. 3., 2008. 2. 29.&gt;
1. 승인을 얻은 사업계획과 상이하게 예산을 집행한 경우
2. 회계 관련 법령을 위반하여 예산을 집행한 경우
3. 제122조의3제2항의 규정을 위반하여 승인을 얻지 아니하고 수익사업을 한 경우
[본조신설 2001. 3. 28.]
</ul>
<ul>
<li>제122조의9 (「민법」의 준용) 센터에 관하여 이 법에 규정한 것을 제외하고는「민법」중 재단법인에 관한 규정을 준용한다. &",[],['인을 얻지 아니하고 수'],[],[],[],0,1,0,0,0,0,0,중복
written_data_31301.json,cad8d250-72dd-4bab-b3c4-708eb3dacd6f,538,"lt;개정 2008. 2. 29.&gt;</li>
1. 그 선박소유자나 선장이 국제협약에서 요구하는 자격증명서를 소지하지 아니한 선원을 승무시킨 경우
2. 국제협약에 따라 적합한 자격증명서를 소지한 자가 수행하여야 할 임무를 자격증명서를 소지하지 아니한 선원이 수행하도록 해당선장이 허용한 경우
3. 국제협약에 따라 적합한 자격증명서를 소지한 자가 수행하여야 할 임무의 수행을 위하여 선원이 거짓 또는 부정한 방법으로 승무한 경우
[본조신설 2007. 1. 3.]
</ul>
<ul>
<li>제127조 (수수료) 이 법에 의한 증서의 교부·공인등을 신청하거나 제78조제3항의 규정에 의하여 의료관리자시험에 응시하고자 하는 자는 국토해양부령이 정하는 수수료를 납부하여야 한다. &",[],"['소지하지 아니한 선원', '소지하지 아니한 선원']",[],[],[],2,0,0,0,0,0,0,중복
written_data_31301.json,cad8d250-72dd-4bab-b3c4-708eb3dacd6f,539,"lt;개정 1990. 8. 1., 1997. 8. 22., 1999. 4. 15., 2008. 2. 29.&gt;</li>
</ul>
<ul>
<li>제128조 (시효의 특칙) 선원의 선박소유자에 대한 채권(재해보상청구권을 포함한다)은 3년간 이를 행사하지 아니하면 시효로 인하여 소멸한다.",[],['행사하지 아니하면 시'],[],[],[],0,1,0,0,0,0,0,중복
written_data_31301.json,cad8d250-72dd-4bab-b3c4-708eb3dacd6f,548,"</li>
</ul>
<ul>
<li>제133조 (벌칙) 선장이 제12조 본문의 규정에 위반하여 인명과 선박의 구조에 필요한 조치를 다하지 아니한 때에는 5년이하의 징역 또는 1천만원이하의 벌금에 처한다. &",[],['를 다하지 아니한 때에'],[],[],[],1,0,0,0,0,0,0,중복
written_data_31301.json,cad8d250-72dd-4bab-b3c4-708eb3dacd6f,554,③제2항의 경우 당해쟁의행위가 선박소유자(그 대리인을 포함한다)가 선원의 이익에 반하여 법령을 위반하거나 정당한 사유없이 선원근로계약을 위반한 것을 이유로 한 것인 경우에는 벌하지 아니한다.,[],['는 벌하지 아니한다.'],[],[],[],0,0,0,0,0,1,0,중복
written_data_31301.json,cad8d250-72dd-4bab-b3c4-708eb3dacd6f,556,"</li>
1. 선박에 급박한 위험이 있는 경우에 선장의 허가없이 선박을 떠난 때
2. 제11조 내지 제13조의 규정에 의하여 선장이 인명·선박 또는 화물의 구조에 필요한 조치를 하는 경우에 상사의 직무상 명령에 따르지 아니한 때
</ul>
<ul>
<li>제137조의2 (벌칙) 선박소유자가 다음 각호의 1에 해당하는 때에는 5년이하의 징역 또는 3천만원이하의 벌금에 처한다.",[],['에 따르지 아니한 때'],[],[],[],1,0,0,0,0,0,0,중복
written_data_31301.json,cad8d250-72dd-4bab-b3c4-708eb3dacd6f,571,"lt; 개정 1997. 8. 22., 2006. 10. 4.&gt; 6제4항의 규정에 의한 기간내에 이의를 제기하지 아니하고 과태료를 내지 아니한 때에는 국세체납처분의 예에 따라 이를 징수한다.",[],"['제기하지 아니하고 과', '료를 내지 아니한 때에']",[],[],[],2,0,0,0,0,0,0,중복
written_data_31301.json,cad8d250-72dd-4bab-b3c4-708eb3dacd6f,573,"다만, 선박소유자(선박소유자가 법인인 경우에는 그 대표자를, 선박소유자가 영업에 관하여 성년자와 동일한 능력을 가지지 아니한 미성년자·한정치산자 또는 금치산자인 경우에는 그 법정대리인을 말한다. 이하 이 조에서 같다)가 위반행위의 방지를 위하여 필요한 조치를 한 경우에는 그러하지 아니하다. &",[],"['을 가지지 아니한 미성', '그러하지 아니하다.']",[],[],[],1,0,0,0,0,1,0,중복
written_data_31301.json,cad8d250-72dd-4bab-b3c4-708eb3dacd6f,574,"lt;개정 1990. 8. 1., 1997. 8. 22., 1999. 4. 15.&gt;</li>
②선박소유자가 제1항의 규정에 의한 위반행위의 계획을 알고 그 방지에 필요한 조치를 하지 아니한 때, 위반행위를 알고도 그 시정을 위하여 필요한 조치를 하지 아니한 때 또는 위반행위를 교사한 때에는 선박소유자도 행위자로서 처벌한다.",[],"['치를 하지 아니한 때,', '치를 하지 아니한 때']",[],[],[],2,0,0,0,0,0,0,중복
written_data_31301.json,cad8d250-72dd-4bab-b3c4-708eb3dacd6f,578,제3조 (임금등의 조정에 관한 경과조치) 해운항만청장은 이 법 시행전에 일반계약에 의하여 선원을 고용한 선박소유자가 제47조 내지 제51조 및 제67조 내지 제71조의 규정을 적용함에 있어 선원노동조합과 협의한 경우에는 이 법 시행일로부터 1년의 범위 안에서 동 규정의 전부 또는 일부의 규정을 적용하지 아니하게 할 수 있다.,[],['적용하지 아니하게 할'],[],[],[],0,1,0,0,0,0,0,중복
written_data_31301.json,cad8d250-72dd-4bab-b3c4-708eb3dacd6f,579,이 경우 선원노동조합이 없거나 협의가 이루어지지 아니하는 경우에는 해운항만청장이 이를 조정할 수 있다.,[],['이루어지지 아니하는 경'],[],[],[],1,0,0,0,0,0,0,중복
written_data_31301.json,1ac44389-fa31-42e8-a8a9-8c9149ba7fe1,614,"20. ""관리대상 해외 신종감염병""이란 기존 감염병의 변이 및 변종 또는 기존에 알려지지 아니한 새로운 병원체에 의해 발생하여 국제적으로 보건문제를 야기하고 국내 유입에 대비하여야 하는 감염병으로서 보건복지부장관이 지정하는 것을 말한다.",[],['알려지지 아니한 새로'],[],[],[],1,0,0,0,0,0,0,
written_data_31301.json,1ac44389-fa31-42e8-a8a9-8c9149ba7fe1,616,"제4조(국가 및 지방자치단체의 책무) 1 국가 및 지방자치단체는 감염병환자등의 인간으로서의 존엄과 가치를 존중하고 그 기본적 권리를 보호하며, 법률에 따르지 아니하고는 취업 제한 등의 불이익을 주어서는 아니 된다.",[],['에 따르지 아니하고는'],[],[],[],0,1,0,0,0,0,0,
written_data_31301.json,1ac44389-fa31-42e8-a8a9-8c9149ba7fe1,639,"다만, 의료기관에 소속되지 아니한 의사 또는 한의사는 그 사실을 관할 보건소장에게 신고하여야 한다. &",[],['소속되지 아니한 의사'],[],[],[],1,0,0,0,0,0,0,
written_data_31301.json,1ac44389-fa31-42e8-a8a9-8c9149ba7fe1,651,"lt;개정 2010. 1. 18.&gt;
</ul>
<ul>
<li>제14조(인수공통감염병의 통보) ①「가축전염병예방법」 제11조제1항제2호에 따라 신고를 받은 특별자치도지사(특별자치도의 동지역에 한정된다)·시장(구를 두지 아니하는 시의 시장을 말하며, 도농복합형태의 시에 있어서는 가축 등의 소재지가 동지역인 경우에 한정된다)·구청장(도농복합형태의 시의 구에 있어서는 가축 등의 소재지가 동지역인 경우에 한정된다)·읍장 또는 면장은 같은 법에 따른 가축전염병 중 다음 각 호의 어느 하나에 해당하는 감염병의 경우에는 즉시 질병관리본부장에게 통보하여야 한다.",[],['구를 두지 아니하는 시'],[],[],[],1,0,0,0,0,0,0,
written_data_31301.json,1ac44389-fa31-42e8-a8a9-8c9149ba7fe1,679,"lt;개정 2010. 1. 18.&gt;</li>
</ul>
<ul>
<li>제20조(해부명령) ① 질병관리본부장은 국민 건강에 중대한 위협을 미칠 우려가 있는 감염병으로 사망한 것으로 의심이 되어 시체를 해부(解剖)하지 아니하고는 감염병 여부의 진단과 사망의<NAME>명을 할 수 없다고 인정하면 그 시체의 해부를 명할 수 있다.",[],['解剖)하지 아니하고는'],[],[],[],0,1,0,0,0,0,0,
written_data_31301.json,1ac44389-fa31-42e8-a8a9-8c9149ba7fe1,681,"다만, 소재불명 및 연락두절 등 미리 연고자의 동의를 받기 어려운 특별한 사정이 있고 해부가 늦어질 경우 감염병 예방과 국민 건강의 보호라는 목적을 달성하기 어렵다고 판단되는 경우에는 연고자의 동의를 받지 아니하고 해부를 명할 수 있다.",[],['의를 받지 아니하고 해'],[],[],[],0,1,0,0,0,0,0,
written_data_31301.json,1ac44389-fa31-42e8-a8a9-8c9149ba7fe1,689,"제21조(고위험병원체의 분리 및 이동 신고) 1 감염병환자, 식품, 동식물, 그 밖의 환경 등으로부터 고위험병원체를 분리하거나 이미 분리된 고위험병원체를 이동하려는 자는 지체하지 아니하고 고위험병원체의 명칭, 분리된 검체명, 분리 일시 또는 이동계획을 보건복지부장관에게 신고하여야 한다.",[],['지체하지 아니하고 고'],[],[],[],0,1,0,0,0,0,0,
written_data_31301.json,1ac44389-fa31-42e8-a8a9-8c9149ba7fe1,708,"다만, 예방접종을 받으려는 사람이나 법정대리인의 동의를 받지 못한 경우에는 그러하지 아니하다.",[],['그러하지 아니하다.'],[],['의를 받지 못한 경우'],[],1,0,0,0,0,1,0,
written_data_31301.json,1ac44389-fa31-42e8-a8a9-8c9149ba7fe1,772,"다만, <li> </ul> <ul> <li> 법인이나 개인이 그 위반행위를 방지하기 위하여 해당 업무에 관하여 상당한 주의와 감독을 게을리하지 아니한 경우에는 그러하지 아니하다.",[],"['게을리하지 아니한 경우', '그러하지 아니하다.']",[],[],[],1,0,0,0,0,1,0,
written_data_31301.json,1ac44389-fa31-42e8-a8a9-8c9149ba7fe1,775,"lt;개정 2015. 7. 6.&gt;
1. 제28조제2항에 따른 보고를 하지 아니하거나 거짓으로 보고한 자
2. 제51조제2항에 따른 소독을 하지 아니한 자
3. 제53조에 따른 휴업·폐업 또는 재개업 신고를 하지 아니한 자
4. 제54조제2항에 따른 소독에 관한 사항을 기록·보존하지 아니하거나 거짓으로 기록한 자
③ 제1항 및 제2항에 따른 과태료는 대통령령으로 정하는 바에 따라 보건복지부장관, 관할 시·도지사 또는 시장·군수·구청장이 부과·징수한다. &",[],"['고를 하지 아니하거나', '독을 하지 아니한 자', '고를 하지 아니한 자', '·보존하지 아니하거나']",[],[],[],4,0,0,0,0,0,0,
written_data_31301.json,ce5ff3df-c5ae-4454-91df-3aacfd859a1a,922,"20. ""관리대상 해외 신종감염병""이란 기존 감염병의 변이 및 변종 또는 기존에 알려지지 아니한 새로운 병원체에 의해 발생하여 국제적으로 보건문제를 야기하고 국내 유입에 대비하여야 하는 감염병으로서 보건복지부장관이 지정하는 것을 말한다.",[],['알려지지 아니한 새로'],[],[],[],1,0,0,0,0,0,0,중복
written_data_31301.json,ce5ff3df-c5ae-4454-91df-3aacfd859a1a,924,"제4조(국가 및 지방자치단체의 책무) 1 국가 및 지방자치단체는 감염병환자등의 인간으로서의 존엄과 가치를 존중하고 그 기본적 권리를 보호하며, 법률에 따르지 아니하고는 취업 제한 등의 불이익을 주어서는 아니 된다.",[],['에 따르지 아니하고는'],[],[],[],0,1,0,0,0,0,0,중복
written_data_31301.json,ce5ff3df-c5ae-4454-91df-3aacfd859a1a,933,제10조제2항 후단의 개정규정을 충족하지 못하는 위원을 위촉한 경우 제2조(위원회의 구성 경과조치) 1 이 법 시행 후 위원을 임명하거나 위촉할 때 공무원이 아닌 위원을 위촉하여야 한다.,[],[],[],['충족하지 못하는 위'],[],1,0,0,0,0,0,0,
written_data_31301.json,0b471f85-55c2-44d3-bc34-cf2ef1ae85f4,976,"다만, 등기부 및 주민등록표에 주소가 기재되어 있지 아니하고 법원에 주소를 신고하지 아니한 경우에는 공시송달의 방법으로 해야 한다.",[],"['되어 있지 아니하고 법', '신고하지 아니한 경우']",[],[],[],2,0,0,0,0,0,0,
written_data_31301.json,0b471f85-55c2-44d3-bc34-cf2ef1ae85f4,979,</ul> <li> </li> </li> [전문개정 2011. 5. 19.] 부동산등기 특별조치법 제3조 및 같은 법 제4조를 적용받지 아니하는 부동산은 </li> [전문개정 2011. 5. 19.]이다.,[],['적용받지 아니하는 부'],[],[],[],1,0,0,0,0,0,0,
written_data_11357.json,737d4243-ac7c-4ead-b6a1-67064767617b,2,"그리고 통일신라시대의 고승 보천은 오대산의 1에 1만의<NAME>보살이 머무는 도량임을 강조하여, 이후 향화가 끊이지 못하게 하였다.",[],[],[],['가 끊이지 못하게 하'],[],0,1,0,0,0,0,0,
written_data_11357.json,981eb80f-1681-40e1-bd3e-f805edbf1cbf,9,"또한, 남산 종이 신라나 고려 중기 이전에 전래되어 있는 종파로 성립되었다는 근거는 보이지 않는다.",[],['는 보이지 않는다.'],[],[],[],0,0,0,0,0,1,0,
written_data_11357.json,c06e0e95-652d-42d0-a60f-191d234ae537,32,"한편, 이와는 반대로 정부의 박해 정책이 점차 완화됨에 따라서는 오랫동안의 탄압으로부터 해방은 해방감 속에서, 일부 교인들의 슬기롭지 못한 행동으로 교인과 민간 사이에 분쟁이 일어나기도 하고고 치외법권적인 지위를 보상받은 선교사들의 월권행위에 의한 분쟁이 야기되기도 하였다.",[],[],[],['슬기롭지 못한 행동'],[],1,0,0,0,0,0,0,
written_data_11357.json,c06e0e95-652d-42d0-a60f-191d234ae537,33,이와 한 기독교 문제로 야기된 분쟁이 교인들 사이에서 원만히 해결되지 못하고 외교 사안으로 비화는 사건이 곧 교안이다.,[],[],[],['해결되지 못하고 외'],[],1,0,0,0,0,0,0,
written_data_11357.json,c06e0e95-652d-42d0-a60f-191d234ae537,45,이런 종류의 교안도 약 50건에 달해 정부와 교회 구성원 모두가 이의 해결을 위해 부심하지 않을 수가 없었다.,[],['부심하지 않을 수가'],[],[],[],1,0,0,0,0,0,0,
written_data_11357.json,c06e0e95-652d-42d0-a60f-191d234ae537,60,"이상과 달리 교인과 민간 선교사에 대립과 분쟁, 전교 신부나 선교사에 대하여 위해를 가하거나 활동 방해, 지방관의 부당한 처리로 인한 분쟁, 그리고 사회조직에 의한 박해가 일어났을 경우 현지에서 해결하지 못하면 선교사는 주교에 보고하는 한편, 선처를 요청하게 된다가 주교관에서는 이 문제를 자국의 공사관에 외교적 절충을 부탁하면 공사는 자국에에의 문제 해결을 절충하게 된다.",[],[],[],['해결하지 못하면 선'],[],0,1,0,0,0,0,0,
written_data_11357.json,c06e0e95-652d-42d0-a60f-191d234ae537,63,다행히도 조선에 자주 벌어진 교안이 청나라에서와 같이 관계국 병력의 침입이 제국주의적 침략으로 악용되는 데까지 이르지 않은 것은 다행이었다.,[],['지 이르지 않은 것은'],[],[],[],1,0,0,0,0,0,0,
written_data_11357.json,95d4555b-647c-4e74-af87-b2c68fc30b4b,69,"신라 육촌장의 경우는 그렇지 않으나, 태백과 구지봉의 경우는 그곳이 신맞이굿을 행하는 장소 또는 종교행사가 베풀어지는 곳이라는 공통성을 지적할 수 있다.",[],"['는 그렇지 않으나,']",[],[],[],0,0,0,0,0,1,0,
written_data_11357.json,95d4555b-647c-4e74-af87-b2c68fc30b4b,71,"물론, 세계 및 우주의 중심이라는 우주산의 중요한 증표의 하나가 태백산과 구지봉의 경우에는 뚜렷하지 않은 흠이 있음을 인정해야 된다가 그러나 구지봉과 태백산의 경우, 다 같이 지상에서 높이 솟고 있어 세계와 신이 강림하는 곳, 그리하여 그곳은 신맞이굿을 하는 곳이라는 인상이 있어도 산을 태백산은 내지 우주산으로 추정할 수 없게 해주고 있다.",[],['뚜렷하지 않은 흠이'],[],[],[],1,0,0,0,0,0,0,
written_data_11357.json,95d4555b-647c-4e74-af87-b2c68fc30b4b,84,"한편 신라에 이르면, “ 그때에 고구려는 감간팔원이 풍수에 능하였다. 부소산의 산 모양을 보면서 강충에게 말하되, 만일 고을의 남쪽에 소나무를 심어 하늘을 드러나게 하지 않는다면 곧 삼한을 통합하는 이가 될 것이라 하였다. ”",[],['나게 하지 않는다면'],[],[],[],0,1,0,0,0,0,0,
written_data_11357.json,4c8dd2cc-1e80-4706-8e28-9a9d1182856e,95,"창건 직후 자장율사는 임시로 초암을 얽어 머물면서<NAME>보살의 진신을 친견하고자 하였으나, 그가 머물던 3일 동안 음산한 생활이 계속되어 뜻을 이루지 못하였다.",[],[],[],['을 이루지 못하였다.'],[],0,0,0,0,0,1,0,
written_data_11357.json,4c8dd2cc-1e80-4706-8e28-9a9d1182856e,103,"또한, 본존불만 모시고 협시불을 모시지 못하는 것도 특이하다.",[],[],[],['을 모시지 못하는 것'],[],1,0,0,0,0,0,0,
written_data_11357.json,6fac1eae-7324-4102-a970-4021ef90ea0f,142,"또,『열반경라습역출십사음변』1권을 저술하였으나 현존하지 않는다.",[],['현존하지 않는다.'],[],[],[],0,0,0,0,0,1,0,
written_data_11357.json,169c390f-4c48-4886-a8a1-bdac926b1c32,151,따라서 명안의 독자적인 사상이 남아 있지는 않다.,[],['남아 있지는 않다.'],[],[],[],0,0,0,0,0,1,0,
written_data_11357.json,8b8fb6cc-e95e-4777-b6bc-1866a5e6aadf,170,"<NAME>은 평소 제자들을 잘 지도하면서 잠을 적게 잘 자거나 말하지 말 것, 책을 보지 말 것, 간식을 먹지 말 것, 돌아다니지 말 것 …을 권하였다.",[],[],[],[],"['나 말하지 말 것,', '책을 보지 말 것,', '식을 먹지 말 것,', '돌아다니지 말 것 …']",4,0,0,0,0,0,0,
written_data_11357.json,0fc2f336-d174-4cc4-a7e1-b7b60f6810b3,181,"이때 중국 남조의 양나라에서 사람을 보내 향과 옷가지 이야기를 전했는데, 왕과 신하들은 이것의 이름과 쓰임새를 알지 못하였다.",[],[],[],['새를 알지 못하였다.'],[],0,0,0,0,0,1,0,
written_data_11357.json,0fc2f336-d174-4cc4-a7e1-b7b60f6810b3,186,그는 크게 기뻐하며 후하게 사례하였는데 며칠 안 있어 사라져 어디로 갔는지 알 수 없었다.,['데 며칠 안 있어 사'],[],[],[],[],0,1,0,0,0,0,0,
written_data_11357.json,58fa710c-c59b-4258-9859-b7bc5a52c7d2,205,넋 건지기 굿은 사람이 배를 타지 않고 바닷가나 강가·저수지 등 큰 물가에서 행하기도 한다.,[],['배를 타지 않고 바닷'],[],[],[],0,1,0,0,0,0,0,
written_data_11357.json,0df51043-551c-41d7-8e2f-75b67af35fc5,221,조선조 말 엄비에 의해서도 세워졌다고 전하지만 그 건립 연대는 확실하지 않다.,[],['확실하지 않다.'],[],[],[],0,0,0,0,0,1,0,
written_data_11357.json,0df51043-551c-41d7-8e2f-75b67af35fc5,224,당시 굿당으로 무당과 단골들의 발길이 끊이지 않았으나 요즈음은 별로 굿을 하지 않는다.,[],"['이 끊이지 않았으나', '굿을 하지 않는다.']",[],[],[],0,0,0,0,0,2,0,
written_data_11357.json,46610f9c-9596-4b8f-a001-af0e49fba193,234,남경조는 이상정에게서 수학하려 했으나 이에로 세상을 떠나 꿈을 이루지 못하고 이상정의 학문을 이어받은 유장원으로부터『대학』과『중용』을 배웠다.,[],[],[],['을 이루지 못하고 이'],[],0,0,0,0,0,1,0,
written_data_11357.json,46610f9c-9596-4b8f-a001-af0e49fba193,236,"윤득부가 영해 부사로 재직을 때, 그가 경학에 밝다는 소문을 듣고『대학』의 의의(:의미나 목적 등이 분명하지 않은 것)를 질의하는 글을 보냈으며, 그의 답서를 보고 탄복하여 그을 예로서 대접하였다.",[],['분명하지 않은 것)'],[],[],[],1,0,0,0,0,0,0,
written_data_11357.json,b88a52f0-8747-4e36-819a-2f2b206b6ddd,239,『심지 관경기』는 이와 미상의 책으로 현재 전하지 않는다.,[],['재 전하지 않는다.'],[],[],[],0,0,0,0,0,1,0,
written_data_11357.json,daa79b7d-1d0b-458a-9e14-3c9d5343f8e4,252,양기는 위로 올라가고 음기는 아래로 내려가기 때문에 두 가지가 단절되어 교감하지 못함으로 괴란(::어지러움) 하게 된다.,[],[],[],['교감하지 못함으로'],[],0,0,1,0,0,0,0,
written_data_11357.json,daa79b7d-1d0b-458a-9e14-3c9d5343f8e4,259,‘종즉유시’라는 고괘의 논리는 괴란의 위기에 처했을 때 절망하지 말고 이것을 극복하는 방법을 적극적으로 모색하게 하는 정신적 기반을 이루고 있는 것이다.,[],[],[],[],['절망하지 말고 이것'],1,0,0,0,0,0,0,
written_data_11357.json,d6a450ec-9d24-4ca6-b8aa-a5a2c84cf04f,313,"1558년(명종 13) 영의정이 되고, 1567년 식년문과에 병과로 급제하여 승문 원권 지 부정자에 임명되었으나 병으로 물러나지 않았다.",[],['물러나지 않았다.'],[],[],[],0,0,0,0,0,1,0,
written_data_11357.json,d6a450ec-9d24-4ca6-b8aa-a5a2c84cf04f,314,"1573년(선조 6) 홍문관정자가 되고, 이어서 홍문과·부수찬을 거쳐 다시<NAME>이 되었으나, 이문을 익히지 못해 고과에 낮은 점수를 받았기에 관직에 좌천되었다.",[],[],[],['을 익히지 못해 고과'],[],0,1,0,0,0,0,0,
written_data_11357.json,eccef796-8c4e-4c55-85f2-2006f55f104d,340,그러나 그 뒤 최근에 이르기까지의 소식은 전해지지 않고 있다.,[],['전해지지 않고 있다'],[],[],[],0,0,0,0,0,1,0,
written_data_11357.json,eccef796-8c4e-4c55-85f2-2006f55f104d,342,"현존하는 당우로는 대웅전과 선실, 요사채 1동이 존재는 고 대웅전 안에는 약사여래상과 관세음보살·대세지보살 상이 봉안되어 있는데, 대웅전이라는 편액이 사리에 맞지 않음을 알 수 있다.",[],['리에 맞지 않음을 알'],[],[],[],1,0,0,0,0,0,0,
written_data_11357.json,a9a630bf-05ae-4f3e-affa-a0fc7b7c9545,348,"폐사 연도는 전해지지 못하고 있으나 구전에 따르면 빈대가 많아서 폐허화되었다고 하며, 전성기에는 고려는 4대 사찰 중의 하나였다고 한다.",[],[],[],['전해지지 못하고 있'],[],0,0,0,0,0,1,0,
written_data_11357.json,cc283a29-624c-4a22-ac24-9e2b77d55bfe,355,"젊어서부터 학문을 펼쳤으나, 집안이 빈한하여 과거에 뜻을 두지 않고 백성을<NAME>으로 섬기는 것을 세상의 낙으로 여기면서,<NAME>·김현규 등의 숱한 문인 운사들과 더불어 산수를 소요하며 시부를 화답하면서 년 소한 이들을 교육하는 일을 일생의 업으로 삼았다.",[],['뜻을 두지 않고 백성'],[],[],[],0,0,0,0,0,1,0,
written_data_11357.json,d7d12fa5-65d1-41c5-873c-74896d8df0eb,364,"때로는 화엄·법화·반야 등을 불교에 비유하기도 하고, 유학과 도교의 이치를 불교 논리에 비유하여 유불선은 서로 다르지 않다는 논리를 설파하기도 하였다.",[],['로 다르지 않다는 논'],[],[],[],0,0,0,0,0,1,0,
written_data_11357.json,4a7146d2-acfc-46e9-9b5a-7243eee7189c,370,설립되자마자 만주 지역에 거점 구실을 하다가 1920년 이른바 일본군의 경신 토벌과 그 뒤의 계속적인 일제로 포교활동이 위축되면서 교육사업도 재개하지 못하였다.,[],[],[],['재개하지 못하였다.'],[],0,0,0,0,0,1,0,
written_data_11357.json,a1e410e2-b318-4dca-8802-483089e4ef93,377,가세가 여의치 못하아 늦게까지 교육의 혜택을 입지 못하다가 19세인 1882년에 블랑(Blanc) 신학교에 한한 학교를 개설하자 이 학교에 가서 공부를 시작하였다.,[],[],[],['택을 입지 못하다가'],[],0,1,0,0,0,0,0,
written_data_11357.json,e16995e7-87d9-4d29-b6e0-4ce7f4cb648e,399,"일본 관헌은 그을 선전자료로 삼는 한편, 그를 황해도<NAME>의 어느 과수원에 가두고 진실을 말하지 않게 하였다.",[],['을 말하지 않게 하였'],[],[],[],0,1,0,0,0,0,0,
written_data_11357.json,390dfc52-2339-4734-98d4-1cb1fff863c4,455,"법은 ①소승교:『아함경』, 『대 비바사론』, 『아비달마구사론』등의 설로서 사람이 공함만을 설하고 사람은 공함을 나타내지 못한다.",[],[],[],['나타내지 못한다.'],[],0,0,0,0,0,1,0,
written_data_11357.json,390dfc52-2339-4734-98d4-1cb1fff863c4,459,④돈교:언설과 계위를 세우지 않고서 단박에 증을 단박에 증득하게 하는 가르침을 의미한다.,[],['를 세우지 않고서 단'],[],[],[],0,1,0,0,0,0,0,
written_data_11357.json,390dfc52-2339-4734-98d4-1cb1fff863c4,460,언설이 끊어지고 일념도 세우지 않아서 부처님도 법을 세우지 않으므로 돈이다.,[],"['도 세우지 않아서 부', '을 세우지 않으므로']",[],[],[],0,0,0,0,2,0,0,
written_data_11357.json,390dfc52-2339-4734-98d4-1cb1fff863c4,471,⑧진덕불공종:모든 법은 오직 진여로부터 연기하며 진여는 공하지 않고 만덕을 구족한다는 것의 종교에 해당한다.,[],['는 공하지 않고 만덕'],[],[],[],1,0,0,0,0,0,0,
written_data_11357.json,f7adad6e-d7fe-4f44-9f23-83a0e1ba1b9c,496,"그 후 도의는 장흥 가지산에 들어가서 보림 사를 세웠고, 홍척은 그 절을 지은 뒤 선종을 전파하였는데, 풍수지리설에 의거하여 볼 때 이곳에 절을 세우지 않으면 우리나라의 수도가 일본으로 건너간다고 하여 이 절을 건립하였다고 하고 그 뒤 2대조 수철을 이어 3대조 편운에 이르러서 절을 크게 중창하고 명성을 더욱 떨치게 되었다.",[],['을 세우지 않으면 우'],[],[],[],0,0,0,0,1,0,0,
written_data_11357.json,f7adad6e-d7fe-4f44-9f23-83a0e1ba1b9c,516,"이 불상은 현재 신라 최고봉인 천황봉과 일직선상에 있는데, 우리나라의 정기를 헛되게 보내지 않겠다는 호국적 이념에서 이곳에 안치했다고 한다.",[],['게 보내지 않겠다는'],[],[],[],0,0,0,0,0,1,0,
written_data_11357.json,7919c898-223f-4d9f-9b48-f40e5ea94c77,551,현재 폐사 연대는 전해지지 않고 있다.,[],['전해지지 않고 있다'],[],[],[],0,0,0,0,0,1,0,
written_data_11357.json,9adba339-311e-4373-8377-080b940ca69e,553,이 교가 근원에 있어서 다르지 않음을 제창하기 위해에 저술하였다.,[],['서 다르지 않음을 제'],[],[],[],0,0,1,0,0,0,0,
written_data_11357.json,bf323a3c-c598-406f-99ed-3f56b38b8dcd,587,그의 부인 황 씨는 결혼 직후 미국 유학길에 올랐고 얼마 되지 않아 그곳에서 사망하였다.,[],['얼마 되지 않아 그곳'],[],[],[],0,1,0,0,0,0,0,
written_data_11357.json,bf323a3c-c598-406f-99ed-3f56b38b8dcd,599,이후 양홍묵과의 결혼 생활도 오래가지 못했다.,[],[],[],['오래가지 못했다.'],[],0,0,0,0,0,1,0,
written_data_11357.json,43dc823f-88c4-4b96-a8ff-95bd360777c7,606,원력은 대승불교의 보살이 미처 깨닫지 못한 상태에서 세운'기원의 힘'이라는 의미이다.,[],[],[],['처 깨닫지 못한 상태'],[],1,0,0,0,0,0,0,
written_data_11357.json,43dc823f-88c4-4b96-a8ff-95bd360777c7,622,"나옹은 세세생생 반야에서 물러나지 않고 보살과 보살의 가피력주3에 의지하여 모든 중생을 제도하며, 모든 부처도 중생도 없게 하겠다는 발원문을 남기고 있다.",[],['물러나지 않고 보살'],[],[],[],0,0,0,0,0,1,0,
written_data_11357.json,f48800a4-b75f-430b-808e-db7206e20943,636,"따라서 이들은 서로 혼합되어서 결합이 어렵게 되는 경우가 적지 않은데, 이를테면 주요한 가신인 조상신이나 성주 또는 터주 등은 그대로 그것이 돼의 주요한 제 차인 조상거리·성주 거리·대감거리의 신들이 된다.",[],"['우가 적지 않은데,']",[],[],[],0,0,0,0,0,1,0,
written_data_11357.json,f48800a4-b75f-430b-808e-db7206e20943,656,"이것에 대한 제사는 조상이나 가족의 생일 등에 행하며, 차린 음식을 먼저 받아 제석 오가리와 몸 오가리에 바쳤다가 물리는데, 불교식으로 술과 술을 놓지 않는다.",[],['술을 놓지 않는다.'],[],[],[],0,0,0,0,0,1,0,
written_data_11357.json,f48800a4-b75f-430b-808e-db7206e20943,660,음식을 바칠 때 먹다 고기를 놓지 않는다든가 여신 관념이 강한 것도 호남 지방과 같다.,[],['기를 놓지 않는다든가'],[],[],[],0,0,0,0,0,1,0,
written_data_11357.json,f48800a4-b75f-430b-808e-db7206e20943,693,"무속의 굿에서도 성주 거리는, 특히 중부지방의 열두 거리에서는 빠지지 않는 주요한 제 차이며, 일찍이 손진태가  성주 신가를 소개한 이래로 서사 무가인 성주풀이의 전승이 몇 편 채록되기도 했다.",[],['는 빠지지 않는 주요'],[],[],[],1,0,0,0,0,0,0,
written_data_11357.json,f48800a4-b75f-430b-808e-db7206e20943,697,"불에 관한 신앙 자체는 원초 이래의 것이라고 하겠지만, 그 신앙과 역사는 분명하지 않고 현재까지 민간에서 다양한 신앙으로 전승되어왔다.",[],['분명하지 않고 현재'],[],[],[],0,0,0,0,0,1,0,
written_data_11357.json,f48800a4-b75f-430b-808e-db7206e20943,702,그 외에 지방에서는 조왕의 형태가 구체화되어 있지 않다.,[],['되어 있지 않다.'],[],[],[],0,0,0,0,0,1,0,
written_data_11357.json,f48800a4-b75f-430b-808e-db7206e20943,712,"그런데 터주 관념은 충청북도 이북지방에서 많이 볼 수 있고, 특히 영남·호남 지방에서는 터주라는 것을 거의 사용하지 않는다.",[],['사용하지 않는다.'],[],[],[],0,0,0,0,0,1,0,
written_data_11357.json,f48800a4-b75f-430b-808e-db7206e20943,716,그리고 장독대 곁에 정화수를 떠놓고 가족의 평안과 평안을 기원하는 등 갖가지 칠성신앙 형태들도 적지 않게 산견(:드문드문 찾아볼 수 있음) 된다.,[],['들도 적지 않게 산견'],[],[],[],0,1,0,0,0,0,0,
written_data_11357.json,8cc71d25-0d87-4d7a-b0f1-21eb59ca4742,725,"장승에 비해 몸체가 크지 않고, 양팔도 가늘게 처리하였으며, 석질 표면에 얼굴이나 목을 얕게 조각한 저 부조의 장승이다.",[],"['체가 크지 않고, 양']",[],[],[],0,0,0,0,0,1,0,
written_data_11357.json,8cc71d25-0d87-4d7a-b0f1-21eb59ca4742,731,"전라남도 나주 운흥사 석장승, 남원 실상사 석장승과 더불은 사찰 장승의 유형이나, 몸체에 명문이 새겨져 있지 않은 전형적인 무장의 형태도 그 희귀성을 인정받을 수 있다.",[],['겨져 있지 않은 전형'],[],[],[],1,0,0,0,0,0,0,
written_data_11357.json,e8806e00-5de2-46d6-be23-c3739e77f78c,766,그러나 고려 후기에는 갈항사에 대한 기록이 보이지 않으므로 폐사되었던 것으로 여겨진다는,[],['이 보이지 않으므로'],[],[],[],0,1,0,0,0,0,0,
written_data_11357.json,384572ef-6586-410b-a810-e0c024696dc7,772,"그는 강증산이 가르친 태을주를 잊지 않고, 동학에서처럼 시천주로써 수련하면서, 신자의 생년에 의한 물형부(에 있는 를 에 이 동물의 형상을 그림)를 그려 불사름으로써 병을 치료하고 재앙을 면할 수 없다고 가르쳤다.",[],"['주를 잊지 않고, 동']",[],[],[],0,0,0,0,0,1,0,
written_data_11357.json,384572ef-6586-410b-a810-e0c024696dc7,777,그는 가끔 연구 끝에 강증산에게서<NAME>를 받아 그것으로써 신도들을 지도하였다고 하고 1931년『중화 집』을 저술하였으나 간행하지 못한 채 사망하였다.,[],[],[],['간행하지 못한 채'],[],1,0,0,0,0,0,0,
written_data_11357.json,19cefd9e-11fe-482f-844f-1513fe75df83,785,"그중에서「과대 전촌 유감」은 이흠보가 순흥부사로 있었을 때 금성대군과 단종 복위를 모의하다가 발각되어 있는 장소를 지나가며 감회를 읊은 시로‘오백 년 전의 일이 눈앞에 생생하게 떠올라 복받치는 감정에 말도 하고 나아가지 못했다’고 하니, 역사의 마지막 장면을 보여주는 시라 할 수 있다.",[],[],[],['나아가지 못했다’고'],[],0,0,0,1,0,0,0,
written_data_11357.json,ea81fb7a-5643-4f94-ac42-03dcde6c26e2,801,"특히 영·호남 지방에는 춤이나 노래는 하지 않고 망아경에서 점을 치는 특수한 사당이 있는데, 이를‘명두’라 부르고 있다.",[],['래는 하지 않고 망아'],[],[],[],1,0,0,0,0,0,0,
written_data_11357.json,ea81fb7a-5643-4f94-ac42-03dcde6c26e2,806,"1930년대는 ① 허주제, ② 강신제, ③ 집신제까지 세 개의 입무제가 있어 집신제에서는 몸 주신 과 그 밖의 선신들을 융화시키는 것의 한 예로 알려져 있는데, 지금은 그 한계가 뚜렷하지 않고 그들 속에 이 모든 절차가 포함되어 있다.",[],['뚜렷하지 않고 그들'],[],[],[],0,0,0,0,0,1,0,
written_data_11357.json,ea81fb7a-5643-4f94-ac42-03dcde6c26e2,808,신의 몸에 들어왔을 때 그녀는 남편과 잠자리를 함께 하지 않는다.,[],['함께 하지 않는다.'],[],[],[],0,0,0,0,0,1,0,
written_data_11357.json,100792d6-68a2-4ef0-8d9c-22b0029469c2,822,1894년 대흥사 만일암에 있었다고 하나 죽은 연대는 전하지 않는다.,[],['는 전하지 않는다.'],[],[],[],0,0,0,0,0,1,0,
written_data_11357.json,382c08bf-ab98-46e5-9682-0c6703155dd2,868,"후대의 성리학이나 양명학에서는 덕이란 용어보다는 성리나 심리 등을 중점적인 문제로 삼고 있지만, 그래도≪대학≫의 명덕을 중심으로 하여 여전히 다양한 사상적 의미를 가진다. 주자는 “ 명덕은 사람이 하늘에서 받는 것으로 허령불매 하여 여러 이치를 갖추고서 그 일에 대응하는 것 ”이라 했고, 왕양명도 “ 천명의 이치에 근본 해 자연히 신령스럽고 환하여 어둡지 않은 것 ”이라 하여 비슷한 입장을 표명하고 있다.",[],['여 어둡지 않은 것'],[],[],[],1,0,0,0,0,0,0,
written_data_11357.json,382c08bf-ab98-46e5-9682-0c6703155dd2,872,"성리학 전래 초기에에의 성리학은 심성정 등의 문제를 중심으로 여러 논변이 전개되었으나, 덕이나 명덕의 개념 자체에 대해서는 정통 성리학의 틀을 벗어나지 않았다.",[],['벗어나지 않았다.'],[],[],[],0,0,0,0,0,1,0,
written_data_11357.json,f5abd229-6184-4935-89eb-950ba7a85d89,882,"보는 것이 밝지 않고 듣는 일이 총명하지 못하면, 옳고 그른 것을 분별할 수가 없어서 나머지 일곱 가지의 생각을 객관적으로 생각할 수 없는 것이다.",[],['것이 밝지 않고 듣는'],[],"['총명하지 못하면,']",[],0,0,0,0,2,0,0,
written_data_11357.json,f5abd229-6184-4935-89eb-950ba7a85d89,885,"이이는『논어』에서 “ 내가 마음먹지 않고 밤새도록 자지 않고 생각해도 이익이 없는지라, 배우는 것만 못하더라. ”고 했는데, 이것이 공부를 하고 배우지 않는 사람을 위해 한 말이라면, 그 구사는 배웠지만 생각하지 않는 사람을 위해 쓴 말이라 하겠다.",[],"['마음먹지 않고 밤새', '도록 자지 않고 생각', '고 배우지 않는 사람', '생각하지 않는 사람']",[],[],[],2,2,0,0,0,0,0,
written_data_11357.json,f5abd229-6184-4935-89eb-950ba7a85d89,886,배움은 생각을 맑게 하려는 수단인데도 널리 배운 사람으로서 이 아홉 가지 말을 잊어버리고 있는 사람을 위해 경각심을 깨우치려는 것이 공자의 본래 목적이다.,[],[],[],[],[],0,0,0,0,0,0,0,부정 아님
written_data_11357.json,05f3d0b6-3d4e-42c7-a700-02307fc25508,897,"그 뒤 종남산 운 제사에 암자를 짓고 8년 동안 바깥출입을 하지 못은 채 선정을 닦았으며, 만년에 불경 번역사업에 종사하였다.",[],[],[],['입을 하지 못은 채'],[],1,0,0,0,0,0,0,
written_data_11357.json,05f3d0b6-3d4e-42c7-a700-02307fc25508,898,"693년 인도 승 보리유지가 가져온 범본『보 우경』을 번역하였고, 695년 실차난타가 우전국으로부터 가져온『화엄경』을 번역할 목적으로 번역사업에 참여하였으나 완성을 보지 못하고 불수기사에서 입적하였다.",[],[],[],['성을 보지 못하고 불'],[],0,1,0,0,0,0,0,
written_data_11357.json,52e82a0c-ff5c-47d8-9dc9-cdfd34876eaa,935,용주암의 창건주나 창건 시기는 확인되지 않는다.,[],['확인되지 않는다.'],[],[],[],0,0,0,0,0,1,0,
written_data_11357.json,a4a094b4-38bd-45d9-a501-b8b359131bf9,964,사찰의 창건과 관계한 기록이 남아 많지 않아 정확한 내력은 알 수 없다.,[],['남아 많지 않아 정확'],[],[],[],0,0,0,0,1,0,0,
written_data_11357.json,a4a094b4-38bd-45d9-a501-b8b359131bf9,966,광적사에 대한 기록은 1530년(중종 25)에 간행은『신증동국여지승람』이나 1799년(정조 23)의『범우고』에는 남아 있지 않다.,[],['남아 있지 않다.'],[],[],[],0,0,0,0,0,1,0,
written_data_11357.json,71823f43-4e41-40a7-9377-1f247e238012,977,"성달생이 1432년(세종 14) 경 권에의 도절제사로 길주에서 근무 때 왕에 간청에 따라『묘법연화경』을 서사하기 시작해 권 1을 마무리하였다가 더 이상 쓰지 않게 되자, 1435년(세종 17) 경 정랑<NAME>에게 권 2 ~ 4를, 권에는 권 5 ~ 6을 주자로 하였고, 나머지 권 7은 성달생이 마무리하여, 1443년(세종 25) 봄 판각 간행 후 화암사에서 간행되었다.",[],['이상 쓰지 않게 되자'],[],[],[],0,0,0,0,1,0,0,
written_data_11357.json,070cac3b-e740-4071-a1ba-d81deb82e3d0,997,"화신은 상호를 구비하지 못하고 일정한<NAME>을 떠난 여러 가지 다양한 모습을 가지는 중생을 구제하는 불신인 데 비하여, 응신은 특정한 시대와 같은 지역에서 다양한 중생을 구제하기 위하여 출현하는 부처이다.",[],[],[],['구비하지 못하고 일'],[],0,1,0,0,0,0,0,
written_data_30.json,c42060f8-009f-42ec-bb90-f759a23f7c3c,1,만일 신 등의 말을 옳지 않다고 여기시거든,[],['말을 옳지 않다고 여'],[],[],[],0,0,0,1,0,0,0,
written_data_30.json,52b4c9c0-8f4e-4a32-b346-c9a88ced4157,15,"하니, 임금이 말하기를,""내가 거듭 생각해 보니 내 뜻과 그대들 뜻이 다르지 아니하니 그대로 받아들일 수 없노라."" 하였다.",[],['이 다르지 아니하니 그'],[],[],[],0,0,0,0,1,0,0,
written_data_30.json,0f11fab7-6674-48c1-a80e-07c91a7e6a67,19,"대간이 대궐 뜰에 나아와 양녕 역시 이제를 다시는 앞으로 보지 마시기를 청하였으나, 허락하지 아니하였다.",[],['허락하지 아니하였다.'],[],[],[],0,0,0,0,0,1,0,
written_data_30.json,0f11fab7-6674-48c1-a80e-07c91a7e6a67,21,"하니 임금이 말하기를,""경들의 말을 내가 이미 다 알고 있으니 다시 더 여러 말하지 말고 그대로 앞으로 나아가라.""",[],[],[],[],['러 말하지 말고 그대'],0,0,0,0,0,1,0,
written_data_30.json,0f11fab7-6674-48c1-a80e-07c91a7e6a67,22,"하니, <NAME> ·섭 등이 아뢰기를,""전하의 명령을 어찌 감히 따르지 아니 하오리까마는, 신 등은 직분이 언관의 직분에 있사온대, 국가의 중대한 일을 가지고 여러 번 상소로 다시 청하다가 성상의 마음을 돌리지 못했으니, 무슨 면목으로 그가 관직에 나가겠습니까. 옛사람이 말하기를,'말하는 책임에 있는 자로서 그 말이 시행되지 못할 때는 물러가라.'하였으니, 신 등은 관직에 오를 수가 없습니다.""",[],[],[],"['을 돌리지 못했으니,', '시행되지 못할 때는']",[],1,0,0,0,1,0,0,
written_data_30.json,0f11fab7-6674-48c1-a80e-07c91a7e6a67,24,"사강은 여러 번 굳이 사퇴하였으나, 끝내 허락하지 아니하였다.",[],['허락하지 아니하였다.'],[],[],[],0,0,0,0,0,1,0,
written_data_30.json,c680a139-c6e6-4698-b4c6-996e670b821e,30,"각도 감사에게 전지하기를,""전날에 교지로 삼는 백호피를 구하지 못했거든 억지로 구하지 말고 전날에 정했던 천을 값을 받아 널리 구할 것이며, 또 미리 각 고을에 통지하여 가을을 기다려 폐단 없이 잡아서 갚도록 하라."" 하였으니, 대개 명나라에 넘기게 한 것이었다.",[],[],[],['를 구하지 못했거든'],['로 구하지 말고 전날'],0,0,0,0,1,1,0,
written_data_30.json,f47b73bf-ad9d-4d58-8f3c-a842b224dddb,32,"그러한 감사가 계하기를,""금년에 보리와 밀이 더러는 포기가 서지 아니하고, 다행히 포기가 선 채고 말라서 여물지 못하고 있으니, 내년의 종자가 염려됩니다. 올해 정미년의 쌀 창고에 먼저 바칠 영근 보리는 상납을 하지 못하고는 고을에 바치어서 종자로 준비하게 하소서.""",[],"['기가 서지 아니하고,']",[],"['서 여물지 못하고 있', '납을 하지 못하고는']",[],0,1,0,0,2,0,0,
written_data_30.json,1f496624-5a43-401d-b2ca-e2321d0d59a6,34,"사헌부에서 계하기를,""조계라는 것은 여러 신하들과 널리 싸우는 치도를 강론하기 위한 것인데, 판부사 <NAME>는 임금을 폐하에 백성을 편히 하는 일은 계하지 아니하고, 윤인부·<NAME>· <NAME>과 같이는 간사하고 잘고 무능한 무리들을 사사로이 사랑하여 이리저리 흩어져 가지고 신하를 함부로 승진시키어서 외척 대신으로서의 의리에 어긋나니, 죄주기를 청합니다.""",[],"['은 계하지 아니하고,']",[],[],[],0,0,0,0,1,0,0,
written_data_30.json,4182424e-c862-49c7-a6f4-9116832bfa10,39,"하니, 임금이 말하기를,""하흥이 군사를 사냥하러 간 것이라면 이같이 율에 따라 행하는 것이 가하지마는, 만일 족친을 한 일이라면, 풍세의 변화도 살피지 않고 밤을 타서 배를 몰아 도망 가기를 감행하다가 파선하는 사고를 당하고 군인까지 빠져 죽게 했으니, 실로 고의범이 되는 것인데, 한 살의 율에 해당시킴은 불가하지 않겠는가.""",[],['도 살피지 않고 밤을'],[],[],[],0,1,0,0,0,0,0,
written_data_30.json,4182424e-c862-49c7-a6f4-9116832bfa10,41,"하니, 찬성 <NAME> , 이조 찬성 <NAME> 등이 아뢰기를,""공무로 인한 일이면 반드시 감사에게 감사를 할 것이요, 만일 보고하지 않고 지둔과 함께 배을 타서 나간 것이라면 공무가 아닙니다.""",[],['보고하지 않고 지둔'],[],[],[],0,1,0,0,0,0,0,
written_data_30.json,db551e2f-3a4f-4c2f-a4f4-dd764ff87784,44,"좌의정 <NAME> ·우의정 <NAME> ·찬성 <NAME> ·이조 판서 <NAME> ·호조 정승 <NAME> ·예조 판서 <NAME> ·공조 판서 성달생·병조 판서 <NAME> ·형조 영의정 <NAME> ·형조 참판 <NAME> ·호조 대감님 <NAME> ·병조 참판 성엄·예조 참판 <NAME> ·이조 참판<NAME> 등이 상소하기를,""신 등은 그대가 생각하건대 양녕 대군 대군을 조종과 군부에게 죄를 지었기에, 우리 태종께서 아무리 부자간의 지정으로도 나라를 두지 못하시고, 위로 천자에게 고하고 나라를 백성들에게 알리고서,〈세자이던 신분을〉폐하여 밖으로 쫓아내시면서 오직'국가에다 맡긴다.'고""하시고, 또 말씀하시기를,'나 죽은 후에라도 내를 내왕하지 못하게 하라.'",[],[],[],"['라를 두지 못하시고,', '내왕하지 못하게 하']",[],0,1,0,0,0,1,0,
written_data_30.json,db551e2f-3a4f-4c2f-a4f4-dd764ff87784,45,"하시었으니, 거룩하신 훈계가 명명백백함은 온 국민이 함께 듣자온 분이 늘, 이제 전하께서 <NAME> 의 교훈을 생각지 않으시고 야외 행차에서 데려다 보신 것도 잊지지 못한 일이었는데, 또 궁중에까지 불러다 보신 것은 나라 사람들이 놀라지 아니한 자 없습니다.",[],"['을 생각지 않으시고', '이 놀라지 아니한 자']",[],['도 잊지지 못한 일이'],[],2,1,0,0,0,0,0,
written_data_30.json,db551e2f-3a4f-4c2f-a4f4-dd764ff87784,46,"대간들이 전하를 알현으로 충간하기를 여러 달을 계속하옵고, 신 등 계달하기도 두세 번에 이릅니다마는, 전하께서는 그 우애의 지정으로서 곧 허락하지 아니하시니, 어찌의 대계와 <NAME> 의 유훈을 어찌하시렵니까.",[],"['허락하지 아니하시니,']",[],[],[],0,0,0,0,1,0,0,
written_data_30.json,db551e2f-3a4f-4c2f-a4f4-dd764ff87784,47,"엎드려 바라옵건대 전하께서 아무쪼록 대간의 청을 좇으셔서 신민들의 마음을 위안시켜 주소서.""하니, 궁중에 머물러 감히 비답을 내리지 아니하였다.",[],['을 내리지 아니하였다.'],[],[],[],0,0,0,0,0,1,0,
written_data_30.json,5cb7f4e8-5fde-4774-a73b-d4a63e58c52d,50,"하니, 신하가 말하기를,""대신은 다른 사람과 다르니, 어찌 말이 듣고 안 들을 것을 모르는가. 경들이 감히 불가하다고 말하여도 나는 따르지 않을 것이다.""",['이 듣고 안 들을 것'],['는 따르지 않을 것이'],[],[],[],2,0,0,0,0,0,0,
written_data_30.json,5cb7f4e8-5fde-4774-a73b-d4a63e58c52d,51,"하니, 진과 선이 아뢰기를,""신 등과 매양 조계 할 사람을 상시로 계달할 때에, 전하께서 허락하지 아니하시는 뜻을 알고 있습니다. 그러나 그 일은 관계가 지극히 중대하므로 반드시 허락을 받은 뒤에야 처리는 것이오니, 청컨대 아무쪼록 대간의 상소를 들으소서.""",[],['허락하지 아니하시는'],[],[],[],1,0,0,0,0,0,0,
written_data_30.json,5cb7f4e8-5fde-4774-a73b-d4a63e58c52d,54,실상은 언제나 만나보고 싶지마는 어떻든 대신들과 대간들의 말림으로 해서 뜻대로 이루어지지 못한 것이다.,[],[],[],['이루어지지 못한 것이'],[],1,0,0,0,0,0,0,
written_data_30.json,5cb7f4e8-5fde-4774-a73b-d4a63e58c52d,55,"이제부터는 자주 만나지는 아니 할 것이고, 비록 그을 불러다 본다 할지라도 반드시 삼가 경들에게 알리겠노라.",[],['주 만나지는 아니 할 것'],[],[],[],1,0,0,0,0,0,0,
written_data_30.json,5cb7f4e8-5fde-4774-a73b-d4a63e58c52d,56," 하니, 진과 연이 아뢰기를,전하께서 자주 만나시지 아니하고 불러다 볼 때에는 모두 신들에게 먼저 알리시겠다고 하시니, 이는 전날에 들어보지 못하던 분부이십니다.",[],['만나시지 아니하고 불'],[],['들어보지 못하던 분'],[],1,0,0,0,0,1,0,
written_data_30.json,84755717-297e-4cb5-8e93-1fa305b7f6b3,64,"하니, 신하가 말하기를,""말한 것이 모두 절실하지 못하였다. 하늘이 비를 보내 주지 아니함이 과연 이 때문이겠는가."" 하였다.",[],['보내 주지 아니함이 과'],[],['절실하지 못하였다.'],[],0,0,1,0,0,1,0,
written_data_30.json,9fc07ad8-f885-4493-b904-a064c4fe67d1,66,선군을 등록해 쓰는 법에 경기·황해·전라·평안·경상좌도에는 정군과 봉죽을 각기 개월을 상고하여 관직을 제수는 충청·경상우도에는 각기 정군만 개월을 계산하고 봉족은 이에 들지 아니한다.,[],['이에 들지 아니한다.'],[],[],[],0,0,0,0,0,1,0,
written_data_30.json,255cc4e9-c15a-4002-9d68-17a74449ef07,69,"사헌부 지평 <NAME>이 계본을 입에 올리려고 대언사에 나아가 문밖에 서서 수행하였던 아전을 따라 들어가 고하라 하였는데, 오래된 뒤에야 대언사의 아전 <NAME>이 다시 들어오라는 전갈을 알리니, <NAME>이 성을 올리어 덕생을 꾸짖으면서 말하기를,""네가 어찌 이다지도 더디게 오는가."" 하였고, 날이 저물녘에 편지를 받아 또 대언사 문밖에 나아갔는데, 대언사 관원에 나와서 아뢰는 전갈을 알렸더니, 권이 들어가지 아니하므로, 아전이 다시 나오는지라, 권이 성을 내어 전번과 달리 꾸짖었다.",[],"['들어가지 아니하므로,']",[],[],[],0,0,0,0,1,0,0,
written_data_30.json,255cc4e9-c15a-4002-9d68-17a74449ef07,70,대언사는 곧은 출입을 맡은지라 관계되는 일이 가볍지 아니하다.,[],['이 가볍지 아니하다.'],[],[],[],0,0,0,0,0,1,0,
written_data_30.json,255cc4e9-c15a-4002-9d68-17a74449ef07,71,"하니, 임금이 권을 불러 전교해 말하기를,""전례에 없는 일을 왜 네가 이렇게 괴상스럽게 구느냐. 다시는 듣지 말라."" 하였다.

≫을 사고 본 】 12책 36권 19장 B 면 【 국편<NAME>본 】 3책 76면
【 분류 】 행정 - 중앙행정",[],[],[],[],"['시는 듣지 말라.""']",0,0,0,0,0,1,0,
written_data_30.json,d505ba4d-62ea-43fe-a937-d6604614fe34,72,"장령 <NAME>이 대언사 문밖 뜰에 나가 아전을 시켜서 들어가 아뢰고 하니, 우대언 <NAME>가 일어서서 말하기를,""네가 장령에게 들어오시라고 사뢰어라."" 하였는데, 활이 말하기를,""내가 여기에 계품할 일이 있으니 구태여 청 내에 나가지 않겠노라.""",[],['에 나가지 않겠노라.'],[],[],[],0,0,0,0,0,1,0,
written_data_30.json,d505ba4d-62ea-43fe-a937-d6604614fe34,74,"하여, 이것을 가지고 서로 말이 없어 갔다 하기를 삼사 차하였으나, 그가 기어이 <NAME> 않는지라, 이에 지신사 정흠지가 위에 아뢰니, 그가 내관 <NAME>을 시켜 활에게 가서 전교로 말하기를,""너희들이 어찌하여 대언사와 다투는가. 어찌 상서롭지 않은 일이 아니냐. 일체로 옛 준례에 의하여 할 것이요, 다시는 이러한 일이 아니니 하라.""",[],['상서롭지 않은 일이'],[],[],[],1,0,0,0,0,0,0,
written_data_30.json,d505ba4d-62ea-43fe-a937-d6604614fe34,77,"한즉, 임금이 말하기를,"" <NAME> 말고 답변을 하라.'하였더니, 정흠지 등이 계하기를,""비록 보통 관원이라도 만일 그대가 핵문을 받게 되면 출사하여 답변하는 것이 가볍지 아니하거늘, 하물며 대언은 출납을 맡아 임무가 가볍지 아니하거늘, 마땅히 출사하여 답변을 할 것이며, 또 이 사실은 완전하게 의논하여야 한다는 일이오니, 신 등도 마땅히 피혐하여 물으심을 기다리겠나이다.""",[],"['이 가볍지 아니하거늘,', '가 가볍지 아니하거늘,']",[],[],[],0,0,0,0,2,0,0,
written_data_30.json,d505ba4d-62ea-43fe-a937-d6604614fe34,78,"하니, 임금이 말하기를,""피혐할 것이 없느니라 답변하지도 않으니 그대로 출사하라."" 하고, <NAME>을 불러 말하기를,""이 일은 아무런 문제도 없는 일이며, 또 내가 이미 그대들에게 일렀는데 어찌하여 이에 계하지 아니하고 별안간 대언을 핵문하였는가. 신하는 이러지 말라."" 하였다.",[],"['답변하지도 않으니 그', '에 계하지 아니하고 별']",[],[],"['는 이러지 말라.""']",0,1,0,0,1,1,0,
written_data_30.json,7aed3638-008a-4558-8ef8-b8908f199a59,82,"판서 <NAME> · <NAME> 군 <NAME> · <NAME>를 보하여 강화부에 가서 진강·길상 세 목장을 합쳐서 담을 쌓는 것이 말을 기르기에 편리할는지 않을는지를 살펴보게 하였더니, 다시 계하기를,""금번에 두 목장을 합쳐서 담쌓을 곳을 살펴보니, 둘레가 1만 5천6백 자인데, 근처에 사는 선군을 적당히 역사시켜 담을 쌓고 놓아 먹이는 게도 편의하겠습니다.""",[],['편리할는지 않을는지를'],[],[],[],0,0,1,0,0,0,0,
written_data_30.json,475c7172-9456-4863-9a00-c40adf806858,84,"의금부에서 <NAME> ·<NAME>· <NAME> ·<NAME>·배권 및 여러 대언과 같이 힐난한 일을 아뢰고 장계 하기를,"" <NAME> 께서 일찍이 교지를 내리시어 대간원은 임금의 과실에 마땅히 비밀히 해야 할 모든 대소인원의 종묘사직에 관계된 일이나 불충 불효로서 풍속을 해치는 일들은, 사실을 봉하여 계달하고, 그 나머지 크고 간에 가히 말할 만한 사실은 모두 승정원에 나아가 직접 의논을 하시어서 말하는 길을 넓히게 하셨는데, 이제 <NAME> 등이 기성의 일을 살피지 아니하고 도리어 망령되게 대언사를 논평하여 상소한 것은 부당한 일이니, 법에 의거하여 처벌을 주시기를 청하나이다.""",[],['을 살피지 아니하고 도'],[],[],[],1,0,0,0,0,0,0,
written_data_30.json,475c7172-9456-4863-9a00-c40adf806858,85,"하니, 임금이 말하기를,""대간은 생각 하나와 행동 하나를 경솔하게 보아선 안 되는 것인데, 사헌부가 이제 일개 지평의 말을 듣고 문득 6대언을 몰아서 임금의 총명을 속이었다고 하여 임금이 상소하니, 그 경솔함이 너무 심하지 아니한가.""하고, 대언들은 다 직장에 나갈 것과 대원은 모두 보석으로 할 것을 명하였는데, 그 권과 활은 파직되고, 나머지 나머지는 모두 좌천이 되었다.

。을 사고 본 】 12책 36권 21장 A 면 【 국편<NAME>본 】 3책 76면
【 분류 】 정론 - 간쟁 ※ 인사 - 임면/인사 - 관리/사법 - 탄핵",['보아선 안 되는 것'],[],[],[],[],1,0,0,0,0,0,0,
written_data_30.json,5dd9a045-c14f-4ebb-b74f-f3afe2403596,86,"병조에서 여러 가지가 진술한 말 가운데 가히 시행할 만한 조목을 상세히 계하기를,""별패나 시위패가 다 같은 시위 군사인데, 호별로 부과하는 형벌은 별패에는 감하여 나오고 시위패에는 감하지 못하으니 어찌 고르지 아니하다는 불평이 없겠습니까. 청컨대 별패를 시위패에 합속시키어 여러 해에 한 번씩 번을 들도록 하고, 번들 때에는 노역한 잡역을 감할 것이며, 또 영·진에 지키는 군사 역시 시위와 관련이 없는데 이는 노역은 더 무거우니, 또한 번 들 때에는 그 호역을 완전히 면제해 주소서.""",[],['찌 고르지 아니하다는'],[],['는 감하지 못하으니'],[],0,0,0,0,1,1,0,
written_data_30.json,f7ddec15-8c52-40e7-9840-d1db9b61c578,88,"는 판서 <NAME> ·참판 <NAME> ·참의 <NAME> 등이 계하기를,이제 한여름을 당하와 비가 그치지 아니하니, 신 등은 아무리 생각하여 보는 그 이유를 알지 못하겠나이다.",[],"['가 그치지 아니하니,']",[],['유를 알지 못하겠나이'],[],0,0,0,0,1,1,0,
written_data_30.json,c7a34d7d-9767-45fd-995c-77a31296fe16,100,"신이 생각하건대 이들이 더러운 옷을 입기 전에는 오히려 남이 볼이 두려워서 혹 행실을 고칠 수가 있지마는, 이름이 관청 장부에 씌어 된 바에는 터놓고 행동하여 꺼림이 없게 되며, 또 동무들을 유인하기를 좋아하여 나쁜 감정을 품거나 혹 소문만을 듣고 아무의 딸이 다른 사람과 간통하였다 하여, 서로 모르고 관에서도 또한 일 시키는 것을 달게 여기어 그 가짜를 구별하지 아니하고 유녀로 입적시키니, 이는 음란한 풍기를 금하는 것이 아니라 일부러 권하는 것이 아니라 이제부터는 유녀의 장부를 없애버리고 유녀로 일컫는 것을 금할 것이며, 그들의 범행에 대해서 법대로 처벌을 주어 징계를 보이도록 할 것. 1. 제주는 평야가 좁은데 축산은 번성합니다.",[],['구별하지 아니하고 유'],[],[],[],0,1,0,0,0,0,0,
written_data_30.json,c7a34d7d-9767-45fd-995c-77a31296fe16,101,"가난한 백성의 전토가 한두 도 안 되는데, 농작물의 싹과 잎이 조금 무성할 만하면 권세 있는 집에서 마소를 마음대로 놓아먹이므로, 그 싹을 다 뜯어 버리면 가난한<NAME> 위엄을 무서워하여 감히 고소하지도 못하고, 남의 관에다 고소를 한 대도 아무런 방도도 찾지 못하니, 이것도 쌓이고 쌓여 폐단입니다.","['한두 도 안 되는데,']",[],[],"['도도 찾지 못하니,', '고소하지도 못하고,']",[],0,0,0,0,2,1,0,
written_data_30.json,d1658dea-41d7-4528-9841-085a2ec2763b,107,"는 한재를 근심하여 좌의정 <NAME> ·우의정 <NAME> 등 여러 대신을 불러 이르기를,이제 예조의 한재를 구원하는 일을 보니, 또한 이미 시행한 일이로되, 이른바'원통한 죄수를 구제해 주는 일'과'어질고 착한 자을 올려 쓰는 일'의 두 가지 조목은 흠이 없지 않았거니와, 연좌된 사람이 어떻게 원통하고 억울함이 없겠는가.",[],['흠이 없지 않았거니와'],[],[],[],0,0,0,0,0,1,0,
written_data_30.json,d1658dea-41d7-4528-9841-085a2ec2763b,108,"그러나 이것은 선왕께서 소중하게 여기신 일이니 경솔하게 시행할 수 없고, 또 내가 덕이 적어서 능히 사람의 것이 아니함을 밝게 알지 못하나 임명할 때에는 대신들과 상의를 하였으니, 어찌 외람한 무자격자들이 요행으로 임용된 자가 있겠는가.",[],[],[],['밝게 알지 못하나 임'],[],0,0,0,0,1,0,0,
written_data_30.json,d1658dea-41d7-4528-9841-085a2ec2763b,109,"에 비를 치지 아니함이 이처럼 극도에 이르게 됨은 나로서는 아무런 이유를 알 수가 없으니, 경 등은 이것을 의논하여 계하라.",[],['비를 치지 아니함이 이'],[],[],[],0,0,1,0,0,0,0,
written_data_30.json,dcbfc68a-51be-48c2-b640-a419218a32d3,113,"의정부 찬성 권진이 입을 올려 사직하여 아뢰기를,""신이 늙고 둔하며, 잊기를 잘하고 정신이 몽매하오며, 또한 신에 덕이 없어서 재상의 직임에 적합하지 아니하기에, 성질이 심한 한재는 신 없게 불초한 사람이 어진 이를 방해한 소치이오니, 원컨대 신의 아들을 파면시켜 주소서.""",[],"['적합하지 아니하기에,']",[],[],[],0,0,0,0,1,0,0,
written_data_30.json,dcbfc68a-51be-48c2-b640-a419218a32d3,114,"하니, 임금이 집현전 박사 <NAME>을 이 집에 보내어 윤허하지 않는다는 것을 개<NAME>였다.",[],['윤허하지 않는다는'],[],[],[],0,0,0,0,0,1,0,
written_data_30.json,c2392c22-f05e-4d87-bd88-990770aa5b81,118,"대개 부모는 자식에게 밝는 데로 인도하고 해로운 데를 피하도록 힘쓰지 아니하는 일이 없으니, 비 오고 볕 나고, 덥고 춥고, 그리고 불고하는 것이 춘하추동에 서로 교대하여, 천하의 물건들이 크나 작으나, 굵으나 모두 그 삶을 완수하나니, 《주역》에 이르기를,'천도의 하늘은 모든 것이 생명을 바로 가지며, 바람이 다니고 비가 내리어 각종 물건이 형태를 갖춘다.'",[],['록 힘쓰지 아니하는 일'],[],[],[],1,0,0,0,0,0,0,
written_data_30.json,c2392c22-f05e-4d87-bd88-990770aa5b81,121,이는 필연코 형벌 집행이 바로 되지 못한 까닭이다.,[],[],[],['바로 되지 못한 까닭'],[],1,0,0,0,0,0,0,
written_data_30.json,c2392c22-f05e-4d87-bd88-990770aa5b81,123,"나는<NAME>의 글을 읽어서 대강 임금 받들게 당연히 할 바를 알고, 깊이 역대 국가의 성하고 쇠함을 거울삼아서, 거의 주색에 의하는 사냥을 일삼거나, 재물을 욕심으로 백성을 해치거나, 병사에 전력하여 무위를 더럽히거나 하기에는 아랑곳 아니하고, 오직 대국을 예의로써 대접하고 신명을 정성으로써 받들며, 제 몸 기르기에는 청렴을 하고 또 구제하기에는 돈독하게 하며, 정사에는 부지런하고 형벌에는 조심하여, 한 번 말과 한 가지 동작에도 호령을 내리고 법령을 공포는 때에 이르기까지 다 그 분수에 맞게 하여, 위로는 하느님이 부탁하여 내리신 무거운 명령을 저버리지 아니하고, 아래로는 우러라 우러러 받드는 전일한 마음을 위로하고자 할 뿐이오니, 틈틈이 생각나는 나의 심회는 하늘을 실로 굽어살피실 것이옵니다.",[],"['저버리지 아니하고,']",[],[],[],0,0,0,0,1,0,0,
written_data_30.json,c2392c22-f05e-4d87-bd88-990770aa5b81,124,"그러나 기품과 물욕이 서로 다르고 학문과 수양이 미치지 못하는데, 어찌 능히 그 일상의 생활을 하는 가운데에 모두 꼭꼭〈이치에〉들어맞게 하여 하느님 뜻에 더도 어긋남이 없게 하겠으며, 더구나 능히 진실한 마음으로 백성을 섬기며 겸손한 마음으로 상제를 섬기기에 마음에 전념하여 밝은 정신으로 잠시도 쉬지 못하고 온종일 모시기만 하겠나이까.",[],[],[],"['이 미치지 못하는데,', '시도 쉬지 못하고 온']",[],0,1,0,0,0,1,0,
written_data_30.json,c2392c22-f05e-4d87-bd88-990770aa5b81,126,"그러나 비록 하늘의 총명은 그 민중의 총명으로 말미암아 위와 위에 서로 통하여 간격이 없는 것이니, 그러므로 한 개인이라도 실망이 된 사람이 있을 때에는 오히려 하느님을 부르게 되거든, 하물며 한 개인이 임금이 되어서 억조의 민중을 통솔하는 자이야 어떠하겠으며, 또 하물며 자식으로서 하느님에 대하여 진실로 정의가 있다면 어찌 능히 어질고 어질지 못함을 계교하여 구원해 주을 청하지 아니할 것이며, 또 더구나 나 그 사람으로 인하여 만물들이 모두 시르죽는 지경에 이르게 된다면 과연 하느님의 마음인들 편하게 될 것입니까.",[],['을 청하지 아니할 것이'],[],['고 어질지 못함을 계'],[],1,0,1,0,0,0,0,
written_data_30.json,c2392c22-f05e-4d87-bd88-990770aa5b81,127,"이번의 한재가 사뭇 근심이 극도에 이르기에 일찍이 산천과 사직에까지 기도하고, 또 일찍이 그와 조상에게도 고하였으나, 끝내 효과가 없어서 근심된 마음이 극도로 답답하여 말을 타고 애가 달아, 밥을 대하여도 먹히지 못은 자리에 누웠다가 도로 일어나곤 하여 더욱더욱 안타깝고 송구한 마음 여러 가지가 되오니, 어찌 속에 있는 대로 쏟아서 <NAME> 님께 소상히 말씀을 도와주시기를 빌지 않을 수 있겠나이까.",[],['기를 빌지 않을 수'],[],['도 먹히지 못은 자리'],[],2,0,0,0,0,0,0,
written_data_30.json,f2294392-df8a-43e6-b364-31be3ab894f0,137,"좌의정 <NAME>가 임금에 아뢰기를,""신이 도량이 좁고 지식이 부족한 재상감으로는 적당하지 못하면서 국정을 다스리는 직위에 몸을 지니고 있사온대, 기력이 날로 쇠퇴하여 흐릿하게 잊기를 잘하고 아무것도 세우고 밝히는 힘이 없사와, 진실로 나라에 도움도 되지 못하옵니다. 이번 같은 한재는 예년보다 몇 년이나 되오니 이는 실로 신하 된 자는 그 직분에 알맞지 못한 소치이오니, 신의 죄를 파면해 주시기를 청하옵니다.""",[],[],[],"['적당하지 못하면서', '움도 되지 못하옵니다', '에 알맞지 못한 소치']",[],1,1,0,0,0,1,0,
written_data_30.json,3076007b-c027-4dc5-9d12-91317f37bb03,140,"이때 군위현 사람 <NAME>가 상서문을 싸가지고 대언사에 나아왔는데, 대언이 그 이유를 물은즉, 다른 내용은 지적해서 말하지 아니하고 말하기를,""내가 이 임금 앞에서 직접 아뢰겠다.""",[],['서 말하지 아니하고 말'],[],[],[],0,1,0,0,0,0,0,
written_data_30.json,c3121fe6-8d1b-466b-a6a7-232b8acb98d4,147,"<NAME>은 셋째 아들이며 <NAME>의 사위인데, 모친 최애을 모시고 대흥현으로 돌아가는 길에<NAME>을 지나다가 그 고을 사람을 예로 대하지 않고 달아나는 것을 괘씸하게 여기어, <NAME> 등 세 사람을 시켜 내려오라고 하였는데, 잉질 <NAME>이 길에서 도망친 아전 하나를 붙잡아 묶어서 풀어 가지고 그에게 달아난 아전의 집으로 인도하게 하였다.",[],['로 대하지 않고 달아'],[],[],[],0,1,0,0,0,0,0,
written_data_30.json,c3121fe6-8d1b-466b-a6a7-232b8acb98d4,149,"하니, 종들이 이 말에 성이 나서 <NAME>의 머리채를 잡은 채 발로 차서 또 큰 작대기로 엉덩이와 등줄기를 함부로 여남은 번 두들기고서 끌고 갈까 있는 데까지 왔는데, <NAME>이 어리둥절하여 말을 안 하는지라, 달이 화김에 잘 살펴보지 않고 말하기를,""나 술 취한 체하고 있을 안 하는구나.""","['여 말을 안 하는지라', '고 있을 안 하는구나']",['살펴보지 않고 말하'],[],[],[],0,1,0,0,1,1,0,
written_data_30.json,c3121fe6-8d1b-466b-a6a7-232b8acb98d4,154,"<NAME>의 형 <NAME> 이란 자가 일찍이 서울에 왔기로, 사성이 불러오게 하여 힘써 권하기를,""공연히 신창 고을의 풍속을 아름답지 못하게 두지 말라.""라고 하고, 또 신창 현감 <NAME>에게 서신을 보내어 잘 주선해 달라고 하고, <NAME> 도 또한 규와 수강이 있는 곳에 가하여〈달이〉외아들임을 말하여 동정받기를 청하고, <NAME>는 선의 사위인지라, 이웃 절의 수령으로서 혹 몸소 가기도 하고, 다른 사람을 시켜서 애걸하기도 하였다.",[],[],[],['아름답지 못하게 두'],"['하게 두지 말라.""라']",0,1,0,1,0,0,0,
written_data_30.json,c3121fe6-8d1b-466b-a6a7-232b8acb98d4,156,"하므로, 호가 불을 질러 그 서류를 손에 넣었으며, <NAME>이 또한 진 씨의 겨레붙이인지라,<NAME> 집을 빼앗고 이익을 줄 것을 약속하고 사화를 권하매, <NAME>이 역시 뇌물을 주고 사성 <NAME>의 말대로<NAME> 집에 한을 달래어 이르기를,""죽은 자는 다시 살아날 수가 없는 것이고, 본 고을 재상과 현임 등은 명령을 아전으로서 순종하지 않다가 나중에 내를 어디다가 둘 것이냐.""라고 하여, 드디어 사홧장을 써 받아 주고를 <NAME>의 아내에게 주어 신창에 바쳐서 온수현으로 보내니, <NAME> <NAME>과 다시 의논하여 다시 관련된 증인을 모아 가지고 드디어 조서를 새로 만들어 달을 면죄되게 하고 있을 <NAME>에게 돌리어 감사에게 보고하였다.",[],['순종하지 않다가 나'],[],[],[],0,1,0,0,0,0,0,
written_data_30.json,5ffaeec9-0753-42a2-9a31-5f346c7714fd,159,"이에서 판서 <NAME>이 계하기를,""전하께서 한재를 근심하시어 술을 잡수시지 않은 지 여러 날 되옵는데, 이제는 비가 흡족하게 내렸으니 술 잡수시기를 청하나이다.""",[],['잡수시지 않은 지'],[],[],[],1,0,0,0,0,0,0,
written_data_30.json,7828d127-1e5f-4523-8269-f36b0db7d0a3,166,"하니, 또 아뢰기를,""좋지 못합니다."" 하였다.",[],[],[],"['를,""좋지 못합니다.']",[],0,0,0,0,0,1,0,
written_data_30.json,eb657de4-eca1-4864-b284-4080bf062530,181,"경기 정약용에 계하기를,""한창 농사철을 당한 5,6월이 가물어서, 내년의 흉년 구제를 예비하지 아니아 수 없으니, 각 포구에 배를 정비하게 해서 오는 7월 보름 후에는 황해도에 가서 황각을 채취하여 좌우도 수영에 하루 3백 석씩, 각 포구에 2백 냥을 저축하였다가 내년 봄에 굶주린 백성들을 구제하도록 하기를 청합니다.""",[],['예비하지 아니아 수'],[],[],[],1,0,0,0,0,0,0,
written_data_30.json,c1f1c77d-4e53-485c-afd8-c9240776252d,183,"병조에서 계하기를,""대마도의 도만호 좌 위문대랑 이 사람이 보낸 편지들 중 <NAME>이 말 하기를,'일본의 대내전이 소이 전과 서로 싸웠는데, <NAME> 은""소이전의 관하로서 군사를 거느리고 들어와서 구원했습니다. 군사들 중에서 굶주리고 굶주리니 자는 중로에서 돌아와 귀국에 양식을 구걸하기도 하고, 혹은 외국에 나가서 이기지 못한 자는 귀국의 경계를 침략하게 되니 더욱 혐의스럽고 두렵습니다.'라고 하오니, 청컨대 각도의 감사·절제사·처치사와 각진, 각 포에 공문을 보내어 그을 더욱 엄중히 하소서."" 하니, 잘 따랐다.",[],[],[],['서 이기지 못한 자는'],[],1,0,0,0,0,0,0,
written_data_30.json,51071161-8391-48ab-ad77-9c68cacea051,185,"의금부에서 계하기를,""지평 <NAME> · <NAME> 등이 곤을 겸 집 형 <NAME>의 종형 <NAME>와 관련된 사송을 청수하고 종 <NAME>를 고문 하기까지 했으니, 죄는 곤에 40에 해당되며, 또 교지를 어기고 긴요하지 못하고 잡송을 들어 다스렸으니, 죄는 형률에 의거하여 마땅히 만은 60대에 해당되니, 중한 죄에 따라 논죄하여야 할 것입니다. 남지와 맹유는 방여권의 첩의 자식인 가생을 교사하여 그을 훔쳐서 <NAME>이 아버지를 시양하지 아니한 것을 무고하였으니, 수범 된 사람은 곤장 60대에 도형 1년에 해당되며,<NAME> 맹유는 천장이 1백 대에 해당되고, 또 맹유가 상복을 입은 여자종을 간통한 것은 곤장 70대에 해당되니 중한 죄에 의해 논죄하소서.""",[],['시양하지 아니한 것을'],[],['긴요하지 못하고 잡'],[],1,0,0,0,1,0,0,
written_data_30.json,51071161-8391-48ab-ad77-9c68cacea051,186,"하니, 명하여 숙당·호생·장수는 관직을 파면하고, <NAME>에게는 형률에 의거하여 처벌을 과하게 하고, 남지는 공신의 자손이므로 논죄하지 말라게 하였다.",[],[],[],[],['논죄하지 말라게 하'],0,0,0,1,0,0,0,
written_data_30.json,e4930fd8-b4d8-47e1-9b42-2de90ef8b48a,190,"임금이 편전에서 예조 참의 <NAME>을 들어 보고 말하기를,""함길도 도절제사 하경복이 경원에서 외적을 방어하는 데 있는 폐단을 여러 가지 진술하므로 나는 생각하기를, 공험 이남은 조종의 강토인데, 과인 때에 이르러서 지키지 못하고 이를 지키는 것은 옳지 못으로 여기니, 그대는 가서 경복과 함께 편리한가 편리하지 않은가를 자세히 살펴서, 그가 좋을 여기는 이유를 캐어물어 와서 아뢰라."" 하였다.",[],['편리하지 않은가를'],[],"['서 지키지 못하고 이', '것은 옳지 못으로 여']",[],1,0,2,0,0,0,0,
written_data_30.json,0fec4d3b-c40f-42e8-bb2e-aadc4d01472f,193,"평안도 감사가 급히 보고하기를,""올량합의 한 거 등 50여 인이 양식을 구하기 위하여 부녀자들과 소·말을 모두 언덕에 남겨 두고 뗏목을 타고〈압록〉강을 건너오므로, 마지못하여 양식을 주고 사리에 의거하여 설명하고 도거 마을로 돌려보냈는데, 여인들이 넘어 들어오지 말라게 했기 때문에 조금도 호의를 가지지 않고 그을 품고 갔으니, 저 흉포한 무리들의 토벌 계획이 가히 의심스럽습니다. 청컨대 간첩을 보내어 그 농작의 허실을 탐지하게 하소서.""",[],['를 가지지 않고 그을'],[],[],['들어오지 말라게 했'],0,0,0,1,1,0,0,
written_data_30.json,0fec4d3b-c40f-42e8-bb2e-aadc4d01472f,194,"하니, 그을 보내지 말고 그을 조심하도록 명하였다.",[],[],[],[],['을 보내지 말고 그을'],0,1,0,0,0,0,0,
written_data_30.json,6b41b3f5-1913-4daf-933d-93974a8aac14,197,"하니, <NAME>이 대답하기를,""신은 듣건대, 충청도는 경기도처럼 그다지 심하지 않다고 하오며, 또한 이미 <NAME>께서 백성을 걱정하시는 뜻을 알았으니 내 마음을 다하지 않겠습니까. 그러나 진제할 때를 당하여 각도의 감사들이 다음을 관문으로 보고하면 호조에서는 반드시 숫자를 감하여 지급하는 까닭으로 이에 미치지 못하고 시기를 잃을 때가 있습니다."" 하였다.",[],['지 심하지 않다고 하'],[],['에 미치지 못하고 시'],[],1,0,0,1,0,0,0,
written_data_30.json,6b41b3f5-1913-4daf-933d-93974a8aac14,198,"말을 마치지 않았는데 임금이 말하기를,""내가 이미 알았으니 만약 위급한 백성을 구원할 일이 있으면 비록 먼저 시행하고 그 결과에 아뢰어도 된다."" 하였다.",[],['을 마치지 않았는데'],[],[],[],0,0,0,0,0,1,0,
written_data_30.json,59a0ce56-83c1-4078-bd90-2eac277d889d,200,"전라도 감사·절제사·처치사 등 계하기를,""신 등이 명령을 받들어 좌도 도만호가, 우가에 정박된 병선을 초량으로 옮겨 정박하고, 영전은 좌 개평 등지로 옮겨서는 것의 편리함과 불편함을 친히 살펴보니, 초량으로 병선을 정박함은 어렵겠습니다. 또한 사량은 곧 요해 처이므로 여도의 병선을 포구에 옮겨 정박시키고, 만약 좌에 소흘라량 등지에 도만호와 축도 만호로 하여금 만호들이 각기 부근에서 수호를 엄하게 한다면, 이 병선을 초량에 정박하지 않더라도 왜구는 걱정이 없을 것이니, 상하 개평과 백수포에 둔전의 효과를 거둘 수 있습니다. 또 마북·수덕의 여러 산에 별도로 해망을 설치하여, 낮에는 연기를 내고 밤에는 봉화를 켜고, 구름이 짙거나 어두울 때는 나팔을 불어 적변을 통지하는 방법이 편리할 것입니다."" 하였다.",[],['정박하지 않더라도'],[],[],[],0,0,0,0,1,0,0,
written_data_30.json,18ef7fb9-401e-43bb-bb3d-90a88bf3fdc2,203,"이조에서 계하기를,""군기감은 공이가 적은데 일은 번잡하며, 또 다른 일으로 인하여 혹 자주 갈리어 군국의 중대한 일을 친히 감독하지 못하고 일을 맡기게 되니 진실로 미편합니다. 그중에 제일 긴요한 화약을 맡은 곳은, 청하건대 녹관 중에 적당한 사람 2명을 골라 이를 주관하게 한다가 그 나머지 긴요한 사무는 모두 겸하여 맡겨서, 그은 임무를 감내하여 공이 있는 사람은 체임 시키지 말고, 다시 본감에서 천직 전보하게 하소서.""",[],[],[],['감독하지 못하고 일'],"['임 시키지 말고, 다']",0,1,0,0,0,1,0,
written_data_30.json,1f41e8b8-07f6-434d-9bb6-b5e2a6db5726,215,"<NAME> 천군사 정하·흥덕 현감 신사공·광양 향에 <NAME> ·예안 현감 정사인 등이 사조하니, 임금이 불러 보고 말하기를,""여기 내려오면서 많은 한재가 잇따랐는데 금년이 더욱 심하다. 요사이 듣건대 그대들이 가뭄을 도는 농사가 조금 풍년이 들었다고 하였으나, 7월의 가뭄 때문에 결실이 못 될까 염려스러우니, 그대들은 마땅히 온 마음을 다하여 백성을 구휼하도록 하라. 만약 다른 도의 굶주린 사람이 그 경계에 유랑하여 옮겨 온다면 백성을 모두 진휼하도록 하라. 그리고 외방의 옥에 갇힌 죄수도 여름의 혹독한 때와 대단한 추위에 죽게 되는 사람이 있을 것이니, 또한 마음을 모두로 무휼하고, 죄수의 죽음이 지체됨이 없도록 하라."" 하였다.",[],[],['결실이 못 될까 염'],[],[],0,0,0,0,0,1,0,
written_data_30.json,bdd9c5a1-c918-403b-a911-3bdb00578153,218,"하니, 그가 말하기를,""그대들의 뜻대로 한 것이 옳다. 그러나 대신을<NAME> 퇴출 시키는 일은 경솔히 할 수 있을 것이다. 또 <NAME>이 돈 없는 사람을 부당하게 죽인 것은 광 망해서 그렇게 한 것인데, 저 옥사를 추국하는 관원이 실정을 알면서도 사람을 속여, 사람의 죄를 올렸다 내렸다 하여 과인을 속였으니, 이 죄는 어찌 중하지 않은가.""라는 늙어 병든 사람이 아닌데도 독자로써 죽음을 면한 사람이 다만 <NAME> 뿐만은 아니니 앞으로는 다시 말하지 말라."" 하였다.",[],[],[],[],"['시 말하지 말라.""']",0,0,0,0,0,1,0,
written_data_30.json,539b6597-e264-4264-942b-080ebe7be74e,230,"그은 본포에 모래가 쌓여 물이 얕아졌기 때문에 만호를 혁파하고 병선을 면을 수산포와 삼척포에 나누어 소속시켰는데, 이때에 와서 고을 백성들이 본 그 읍성이 튼튼하지 못하고, 또 왜적이 먼저 들이닥치는 땅이므로 방비가 허술할 수 없다고 하여, 모래를 쳐내어 도로 병선을 정박시켜 뜻하지 않은 변고에 방비하기를 청하였다.",[],['켜 뜻하지 않은 변고'],[],"['튼튼하지 못하고,']",[],1,0,0,0,1,0,0,
written_data_30.json,7e88f5a9-7db3-4f90-a701-36dac313dfef,233,"지갑산군사 <NAME> ·지인산군사 <NAME> ·현풍 현감 <NAME> 등이 사조하니, 그대가 이 보고 말하기를,""하늘의 뜻이 꾸짖고 노하여 큰일이 이와 같으니, 나는 두려워하고 반성하여 어찌할 바를 모르겠다. 그대들은 그 지극한 마음을 본받아 굶주린 백성을 진휼하라. 지금 듣건대, 평안과 함길도는 벼가 제법 무성하다고는 하나 농사는 결실에 대하여는 알 수 없겠다. 평안도는 농사가 아직 충실하지 못하니 더욱 마음을 다하지 않을 수 없는 것이다. 대저 수령의 뜻은 백성을 구휼하는 일이 급선무가 되는 것이다."" 하였다.",[],['을 다하지 않을 수'],[],['충실하지 못하니 더'],[],1,0,0,0,1,0,0,
written_data_30.json,4beda426-705c-4e5f-b706-b17c52ef1e43,238,"밤에 날씨가 맑고 고요한데 그는 우는소리가 밖에까지 들리니, 이를 듣는 사람은 슬퍼하지 못하는 이가 없었다.",[],[],[],['슬퍼하지 못하는 이'],[],1,0,0,0,0,0,0,
written_data_30.json,2e2ad824-a69d-4bb8-89ce-9143cf209da5,240,"<NAME>을 우는 동지 총 제, <NAME>을 우군 동지 총 제, 양질을 사헌 장령, 처녀 차 씨의 아버지에 <NAME>을 중군 <NAME> , 안 씨의 아버지 최 복지, 최 씨의 숙부<NAME> 와 오 씨의 아버지 오 모는 모두 우군 <NAME> 을, 정 씨의 아버지<NAME>충을 호군, 최 여사와 외숙 최홍재(<NAME>)를 사직, 노 씨의 어머니 노종득을 좌군 사직, 숙부 노증을 호군으로 삼고,<NAME> 사인 <NAME> 안수산과 성씨의 아들 성달생에게 의복과 갓·신을 내리었다.",[],[],[],[],[],0,0,0,0,0,0,0,부정 아님
written_data_30.json,1990d3e1-a83b-45fc-b547-72e53eb85c05,255,왕은 사신이 있는 관에 행차할 때 승여의 몸에 놀랐으니 <NAME> 등이 어마를 맡았는데도 조 습하지 않은 때문이었다.,[],['조 습하지 않은 때문'],[],[],[],1,0,0,0,0,0,0,
written_data_30.json,9d1afc9a-56a9-4b7c-9900-6a20aee64da1,258,"임금이 말하기를,""어제 처녀들이 갈 적에 어미와 어미가 서로 이별하게 되니 그 원통한 일은 이루 말할 수 없었다. 그러나 이 일은 중국의 이해에만 관계되는 문제가 아니라 외국에 관계되어 조정 신하들의 비교가 아니므로 간할 수도 없고 다만 영만 따를 뿐이다. 이런 일이 본국의 문제에 관계된다면 마지못하여 주 달했을 것이다. 사신이 7명의 총각을 4개의 교자에 나누어 태우기를 힘껏 청하면서,'이렇게 넣으면 7개의 교자가 길게 늘어져서 20여 리까지 이르게 된 것이니 매우 옳지 못합니다.'라고 하니, 내가 생각하기는, 내 말이 본국의 폐단을 덜어 주려는 것 같으나 실상은 중국의 이목을 싫어하여 천자에게 아첨하려고 한 것이다."" 하였다.",[],[],[],['매우 옳지 못합니다.'],[],0,0,0,0,0,1,0,
written_data_30.json,9d1afc9a-56a9-4b7c-9900-6a20aee64da1,259,"<NAME> 판서 <NAME>가 아뢰기를,""처녀들이 이미 떠났으니〈다른 처녀에게〉가하여 허가하심이 어떠하겠습니까.""라고 하니, 임금이 말하기를,""만약 혼인을 허가한다면 나라 사람들이 모두 한 씨가 들어갈 때에 다시 더 혼인을 것인가를 의심하게 된 것이며, 겨우 10세가 된 딸도 반드시 혼인할 것이다. 이 때문은 고의로 혼인을 금지시켜 나라에 마음을 맞추려는 것이 아니라, 다만 어릴 때 혼인하는 일이 있어 옳지 못한 것이 아닌가. 사신이 돌아갈 경우에 오히려 말하기를,'1,2명의 처녀를 뽑아서 한 씨와 함께 같이 바치라.'라고 하므로, 임금이 답하기를,'천자의 허락이 없으니 될 수 없다.'라고 하니, 사신도 잘못 여겼다.""라고 하였다.",[],[],[],['있어 옳지 못한 것이'],[],1,0,0,0,0,0,0,
written_data_30.json,d0c198cf-cf43-481e-b19f-5592da0b26cf,264,"사헌부에서 계하기를,""6월 14일의 전지에 양민이라고 하는 것과, 강도 외의 긴요하지 말라게 잡된 송사는 추수기까지 정지하라고 하였사오나, 신 씨가 생각하기를, 관리를 규탄하고 풍속을 바로잡는 일은 잠시도 폐지할 수 없사오니 부디 정지하지 말게 하기를 청합니다.""",[],[],[],[],"['긴요하지 말라게 잡', '정지하지 말게 하기']",0,2,0,0,0,0,0,
written_data_30.json,3fe90845-680e-496d-ab76-716f38b64103,266,"한성부에서 계하기를,""지금 역질로 인하여 무식이 사람을 많이 죽였다는 것을 이미 오부로 하여금 고찰하게 하였습니다. 그러나 무식한 사람들이 그릇된 설에 의혹되어 가지는 그전의 관습에 따라서 그냥 버려두고 장사하지 않은 사람의 가장이 6품 이상인 관원에게는 계문하여 벼슬을 논 정하게 하고, 참외에게는 형률에 따라만 바로 처단하게 하소서.""",[],['장사하지 않은 사람'],[],[],[],1,0,0,0,0,0,0,
written_data_30.json,6f7390f9-cb98-40b4-b8c5-1ace0a6de4d6,271,"하니, <NAME>이 아뢰기를,""각 포에서 고기를 잡고 소금을 주어 생기는 이익은 비록 같지 않으나, 여러 둔전이 있으니 만약 그 적임자를 얻어서 장군에 임명한다면 1년의 군량은 그리 넉넉지 못하더라도 여름 3개월은 넉넉할 것입니다."" 하였고, <NAME>은 아뢰기를,""선군의<NAME> 차라리 군량을 자기가 싸가지고 올지언정 고기를 잡고 고기를 구우면서 둔전 하는 일은 하기를 원하지 않습니다.""",[],"['비록 같지 않으나,', '를 원하지 않습니다.']",[],['리 넉넉지 못하더라도'],[],0,0,0,0,1,2,0,
written_data_30.json,6f7390f9-cb98-40b4-b8c5-1ace0a6de4d6,272,"하니, 신하가 말하기를,""이것은<NAME>들 이 대체를 알지 못하고 저지른 말이다. 근일에 선군으로 정했는데 목매어 죽은 자들에 있으니, 그 싫어하고 괴롭게 여김이 심한 것이 이와 같은 이치에 이르게 되었는데, 나는 그들을 구제할 바를 짐작 못하겠도다."" 하였다.",[],[],[],['체를 알지 못하고 저'],[],0,1,0,0,0,0,0,
written_data_30.json,6f7390f9-cb98-40b4-b8c5-1ace0a6de4d6,273,"<NAME>이 아뢰기를,""만호의 적임자를 얻게 된다면 죄가 없어져서 백성들이 싫어하고 가엾게 여기지 않을 것입니다."" 하고, 이조 판서 <NAME>는 아뢰기를,""선군의 수는 다른 역사보다 배나 되니 모름지기 별도로 보호하는 법을 마련하는 게도 옳겠습니다.""",[],['게 여기지 않을 것입'],[],[],[],1,0,0,0,0,0,0,
written_data_30.json,6f7390f9-cb98-40b4-b8c5-1ace0a6de4d6,275,"〈또〉가는 말 하기를,""세자의 조현은 <NAME>이 서신을 보내오기를 기다리겠지마는, 마땅히<NAME>하는 물품은 미리 준비하여 먼저 의주로 보내 두었다가, 그가 만약 조현하지 못하면 마땅히 그곳에 두어서 뒷날의 용도에 대비함이 옳을 것이다. 내가 다시 <NAME>과 말할 바를는 세자로 하여금 황제가 남으로 순행하지 않을 때에 가서 조현하게 한다고 하였는데, <NAME>이 만약 그런 뜻으로써 아뢰었다면 아마 황제께서는 무례하다고 말할 것이다.""",[],['순행하지 않을 때에'],[],['조현하지 못하면 마'],[],1,0,0,0,1,0,0,
written_data_30.json,6f7390f9-cb98-40b4-b8c5-1ace0a6de4d6,282,"집의 <NAME>가 나아와 아뢰기를,""서 달의 유형을 멀리하게 한 것은 진실로 사람에 후덕한 일이 되겠지마는, 그러나 예전에 <NAME> 때에 있어서는 <NAME>이 사람을 보내고 <NAME>께서 공신이라 하여 사람을 용서하고자 하였으나, 헌부에서 상소하였으므로 영해로 귀양보내도록 명했으며, 원윤 <NAME>이 그을 죽이매 <NAME>께서 명하여 종부시에서 매를 치게 했으나 헌부에서 또 상소하였으므로, 고성군으로 귀양보내도록 명하였으니, 공신과 종친으로도 이 죄를 면하지 못한 것은 다른 것이 아니고 그가 생명을 귀하게 여긴 때문입니다. 서달의 유형을 속하게 하는 일은 아마 그도 옳지 못하을 듯합니다.""",[],[],[],"['를 면하지 못한 것은', '그도 옳지 못하을 듯']",[],2,0,0,0,0,0,0,
written_data_30.json,d8fe7a5c-c523-4f6a-8c5d-9b4cb9813a13,291,"하니, 대답하기를,""신이 그때에 그릇 생각하여 늦어서 시기에 이르지도 못했습니다.""",[],[],[],['에 이르지도 못했습니다'],[],0,0,0,0,0,1,0,
written_data_30.json,d8fe7a5c-c523-4f6a-8c5d-9b4cb9813a13,294,"<NAME>이 아뢰기를,""신은 원하옵건대, 전하께서 끝까지 삼가심을 뜻과 같이 하소서. 예로부터 임금이 능히 그 처음은 말을 끝까지 삼가지 못한 바가 많았습니다.""",[],[],[],['지 삼가지 못한 바가'],[],1,0,0,0,0,0,0,
written_data_30.json,d8fe7a5c-c523-4f6a-8c5d-9b4cb9813a13,296,"이심이 또 아뢰기를,""인심과 풍습이 단시일에 능히 바뀌는 것은 아니니, 인심을 화목하게 해서 풍속을 후하게 하는 것을 무슨 법령으로써 이루겠습니까. 지금은 법령이 상세하지 않음도 아니고, 풍속이 엄격하지 않음도 아닌데, 다만 인심과 풍속이 순 후하지 못하니, 어찌 인심을 화목하게 하고 풍속을 후하게 하는 데에 힘쓰소서.""",[],"['상세하지 않음도 아', '엄격하지 않음도 아']",[],"['순 후하지 못하니,']",[],0,0,2,0,1,0,0,
written_data_30.json,d8fe7a5c-c523-4f6a-8c5d-9b4cb9813a13,298,"<NAME>이 또 아뢰기를,""예 때부터 지금까지 법을 마련하고 법령을 정할 때는 반드시 대간으로 하여 서경한 뒤에 시행하게 되어 이를 의첩이라 했사온데, 곧 그는 법을 마련하지 못하게 하고자 한 것입니다.""",[],[],[],['마련하지 못하게 하'],[],0,1,0,0,0,0,0,
written_data_30.json,a8b7b429-8b1b-4341-a376-3b3ea8a8a250,301,"우의정으로 치사 중인 <NAME>과 <NAME>으로 치사한 <NAME> 등이 글을 올리기를,""신 등이 그윽이 상고하건대, 나은 노나라에 있을 때 길월에는 반드시 조복을 입고 있으나 비록 몹시 치사하였지마는 신하 된 예절을 폐하지 않았던 것입니다. 신 등은 임금의 덕을 받게 입어 한갓 늠록만 허비하면서도 매월 초하루에 조알하는 예도 없사오니 어찌 이 편안하지 못합니다. 신이 원하옵건대, 신 등으로 하여금 매양 초하루에 대궐에 나아가서 무난하게 하여, 신 등이 변변치 못한 것에 맞추어 주소서."" 하였다.",[],['을 폐하지 않았던 것'],[],['편안하지 못합니다.'],[],1,0,0,0,0,1,0,
written_data_30.json,f4aa550b-1ffb-44ad-9e20-bd3e5c12bcf9,312,"사헌부 상서에 <NAME>가 계하기를,""지금<NAME>하는 흰매를 잡는 일로서 채방 못하는 관원을 각도에 나누어 보냈으니, 중국을 보는<NAME>으로서는 마땅히 이와 같이 해야 될 것이오나, 비록 금년의 가뭄이 심하여 백성들의 생계가 염려스러운데, 채방하는 사람을 나누어 보내면 어찌 백성들에게 폐해가 없겠습니까. 강원도·함길도·평안도·황해도에는 백응이 가끔 나오니 오히려 되겠지마는, 다만 나머지 각도에는 원래 백응이 없으며 다시 나오게 되면 감사와 수령들이 모두 임금의 뜻을 체득하여 잡아서 바칠 것이오니, 청하건대〈채방하는 관원을〉보내지 말고 폐해를 제거하소서.""",[],[],[],[],['을〉보내지 말고 폐해'],0,0,0,0,0,1,0,
written_data_30.json,f4aa550b-1ffb-44ad-9e20-bd3e5c12bcf9,313,"하니, 임금이 말하기를,""간원에서도 소를 올려 이런 말을 주고 있는데, 그대들은 어찌 이 일만을 더 하게 말하는가. 백성에게 폐해를 끼치는 일은 말을 안 해도 이미 정해져 있지만, 백성에게 폐해를 끼치는 것만 생각하고<NAME>하는 일을 어찌할 수 있겠는가. 만약 폐해를 논한다면 말을 2만 5천 필이나 하고〈처녀를〉간택하는 즈음에도 백성에게 그 폐해가 막심했지만,<NAME>하는 일이 중대했기 때문에 힘을 다하여 능히 처리하였던 것이니, 이것과 비교한다면 만 분의 일도 안된다. 전년에도<NAME>하지 못했는데다가 지금 당장<NAME>하지 못한다면 말이 될 수 없는 일이다."" 하였다.",['은 말을 안 해도 이'],[],[],"['ME>하지 못했는데다', 'ME>하지 못한다면']",[],0,1,0,0,1,1,0,
written_data_30.json,a24f1f87-31cf-422b-bc2e-cdd25ddf92f2,315,"지목 천현 사 <NAME>이 사조하니, 임금이 불러 모아 말하기를,""요사이 한재로 인하여 내는 직업을 잃었으니, 그대는 나의 뜻을 체득하여 마음을 얻고 진휼하고, 또 감옥을 수선하고 소제를 정결하게 하며, 비록 사죄에 인색한 사람일지라도 횡액으로 요사하지 않도록 하라."" 하였다.",[],['요사하지 않도록 하'],[],[],[],0,1,0,0,0,0,0,
written_data_30.json,393f29e2-c43c-469f-a7af-72085f47d139,328,"하니, 그가 말하기를,""이 사람이 고신을 내어줄 때에 탄로가 된 것인가. 이 전직을 상고하면 반드시 나타날 것이다. 이 때문은 무리들이 많이 있음에도 알지 못한 것이 아닌가."" 하였다.",[],[],[],['에도 알지 못한 것이'],[],1,0,0,0,0,0,0,
written_data_30.json,393f29e2-c43c-469f-a7af-72085f47d139,329,"장령 <NAME>가 대답하기를,""어떤 사람이 고신을 받을 때에 사헌부에 이르지 않았습니다. 만약 이르렀다면 어째서 하지 못했겠습니까."" 하였다.",[],['에 이르지 않았습니다'],[],[],[],0,0,0,0,0,1,0,
written_data_30.json,393f29e2-c43c-469f-a7af-72085f47d139,330,"수미가 다시 아뢰기를,""전일에 채 방관을 보내지 말기를 청했는데, 이제 또다시 성총을 번거롭게 하나이다. 평안도·황해도·강원도·함길도는 다 나는 땅이니 사자를 보내도 되겠지마는, 그 나머지 각도에서는 매가 보이지 않으며, 더구나 지금 농사 시기를 잃었으니 보내지 말기를 청합니다."" 하였다.",[],"['가 보이지 않으며,']",[],[],"['을 보내지 말기를 청', '니 보내지 말기를 청']",0,0,2,0,0,1,0,
written_data_30.json,393f29e2-c43c-469f-a7af-72085f47d139,331,"그러나 권진도 따라서 그 폐단을 극력으로 진술하니, 이가 말하기를,""진헌의 말을 범연 히 할 수 없다. 채 방관을 보냈으면 아직 해동청을 잡지는 못했더라도 중국에서 오히려 우리가 마음을 다하고 있음을 알게 될 것이다. 그러나 황제의 칙지에,'짐이 신하를 대우함이 후한 편인데 어찌 매를 바치는 한 가지 일을 아직까지 부끄럽게 여기는가.'하였으니, 그 일에 마음을 기울이지 않을 수 없는 것은 명백하다. 다시 말하지 말라."" 하였다.

。을 사고 본 】 12책 37권 9장 90 면 【 국편<NAME>본 】 3책 85면
【 분류 】 왕실 - 의식 - 인사 - 관리/외교 - 명/재정 - 진상",[],['기울이지 않을 수'],[],['청을 잡지는 못했더라도'],"['시 말하지 말라.""']",1,0,0,0,1,1,0,
written_data_30.json,beb0c901-0e2e-470d-a5e5-c6dd1dccaa18,337,"이조 판서 <NAME>가 아뢰기를,""연사가 흉년이 극심한데 이렇게 조신을 보낸다면 도리어 백성을 번거롭게 될 것이므로 옳지 못합니다.""",[],[],[],['므로 옳지 못합니다.'],[],0,0,0,0,0,1,0,
written_data_30.json,beb0c901-0e2e-470d-a5e5-c6dd1dccaa18,339,"임금이 말하기를,""전년 가을과 금년 여름 강무는 모두 정지시켰으나, 대개 모든 일을 제대로 하지 않으면 반드시 폐지되어 해이하는 지경에 빠지게 되니, 금년 가을에는 잠정적으로 나라 안의 시위하는 사람으로서 힘써 행하는 것이 어떻겠는가.""",[],['대로 하지 않으면 반'],[],[],[],0,0,0,0,1,0,0,
written_data_30.json,beb0c901-0e2e-470d-a5e5-c6dd1dccaa18,341,"임금이 이에 차례에 따라 강무 하는 역사를 정지시키고, 농사 시기를 잃은 것이 가장 심한 평안도의 선군은 무신년에 대하를 네 번으로 나누게 하고, 또 금년 동지로부터 금년 무신년 <NAME>의 탄일까지는 각도에서 방물을 바치지 못하게 하고, 또 경원·경성의 성 쌓는 역사를 정지하도록 명하였다.",[],[],[],['을 바치지 못하게 하'],[],0,1,0,0,0,0,0,
written_data_30.json,be7c3f09-7302-45f5-83e9-5b05e6222b41,343,"사헌부 장령 <NAME>가 상언 하기를,""신은 천성이 아니고 용렬하고 어리석은 사람으로 또한 일이 많기 때문에 <NAME>의 고신은 이미 그렇게 했는데도 전일의 조계 때에 잘못 알고 서경하지 않았다고 계달하여 헌사의 임무에 어긋남이 없다고 하였사오니 이 관직을 파면시켜 주시기를 청합니다."" 하였으나, 윤허하지 않았다.",[],"['서경하지 않았다고', '윤허하지 않았다.']",[],[],[],0,0,0,1,0,1,0,
written_data_30.json,af680a0c-ed6c-4f7b-ac0d-38dbe9c51e06,348,"그 주본에,""신이 해동청을 다스리게 하기 위하여 관원을 보내어 나누어 각도에 지시하여 각 방면으로 잡게 하였으나, 다 잡지 못하고 다만 잡응만 잡게 돼 매, 이를 가려 뽑으니 모두 36마리인데, 배신 상호군 이백관을 보내어<NAME>을 모두 부송하는 이외에 지금 이 매의 수효를 낱낱이 열거하면, 아골이 10마리, 황응이 20마리, 조응이 6마리입니다."" 하였다.",[],[],[],['다 잡지 못하고 다'],[],0,0,0,0,1,0,0,
written_data_30.json,4f76fcf8-dc6b-41f1-8bfe-39393f47de31,350,"좌사간 <NAME> ·우사간 <NAME> ·좌헌납 <NAME> 안·우 등 <NAME> ·좌정언 남 간을 파면시키고, 우정언 성자량은 장 1백에, 사후 3년을 속바치게 하니, <NAME> 등은 성자량의 말을 따르고 <NAME>의 과거는 상고하지 않았으며, 성자량은 <NAME>의 동성 친족인 때문에 실정을 알면서도 스스로 보호하여, 전직은 상고하지 말자는 말을 했으므로, 이에 좌죄 되었던 것이었다.",[],"['상고하지 않았으며,']",[],[],['상고하지 말자는 말'],0,0,0,0,0,2,0,
written_data_30.json,bf3bf125-e3a5-4617-a5fc-6d4314e0f512,352,"그가 말하기를,""지금 세자궁을 새로 지으므로 많은 신하들의 예를 받을 곳을〈따로〉설비하지 않을 수 없으니, 정부와 육조에서 이 문제를 의논하도록 하라.""",[],['〉설비하지 않을 수'],[],[],[],1,0,0,0,0,0,0,
written_data_30.json,6ac73695-fb6c-498c-bc84-e626ccde9982,356,"사헌부에서 계하기를,""형조와 대간은 한 사람과 같으니 한 관원이 범함이 있으면 온 사람과 함께 피혐 하는 것이 예인 것입니다.""와 정랑 <NAME> · <NAME>과 좌랑 <NAME> 등이 <NAME>의 사람 죽인 죄를 모두 의논하여 형률에 의하고 함께 의정부에 보고한 까닭에, 그 행수 장무가 죄를 얻어 부처까지 되었는데도 피혐하지 않고 태연히 형을 집행하고 있으니 더욱 한 일입니다.",[],['피혐하지 않고 태연'],[],[],[],0,1,0,0,0,0,0,
written_data_30.json,6ac73695-fb6c-498c-bc84-e626ccde9982,357,"효환은 부임한 날짜가 비록 얼마 안 되었다 하더라도 형 살에 관한 내용을 상세히 살피지 않았으니 근신하는 일이 없었으며, 명산은 관직에 있은 지가 이미 오래되었으니 시비가 전도된 줄을 모르지는 않았을 것인데, 추핵을 당하자 자기의 허물을 면하려고 꾀하여 비원으로써 그에 거짓을 꾸며서 이에 답했으며, 덕윤은 관직에 있은 지가 가장 오래되었으므로 전후에 그가 한 문서를 모두 다 참견하였으니, 옥사의 옳고 그른 점을 철저히 알 것인데도, 다만 죄를 두려워하여 옳다 그르다 함이 없이 태연하게 서명을 했고 또 추핵 할 때에는 죄책을 면하려고 방장에게 책임을 돌렸으니 더욱 정직하지 못합니다.",['록 얼마 안 되었다'],"['히 살피지 않았으니', '을 모르지는 않았을 것']",[],['정직하지 못합니다.'],[],1,0,0,0,0,3,0,
written_data_30.json,fb9e1251-d4ea-4f28-91ff-3efb8b204475,363,"소가 올라가니 대궐 안에 머물려 두고, <NAME>를 시켜 말하기를,""그대의 어머니는 서울 10리 밖에서는 기내와 기 외를 가릴 것 없이 자원에 따라 거주하되, 그 안에는 왕래하지 말아야 될 것이다.""",[],[],[],[],['왕래하지 말아야 될'],0,1,0,0,0,0,0,
written_data_30.json,fb9e1251-d4ea-4f28-91ff-3efb8b204475,365,"임금이 말하기를,""김 씨를 이미 서울로 내쫓았으니 자기 아들을 서용하지 않음이 옳을 것이다.""",[],['서용하지 않음이 옳'],[],[],[],0,0,1,0,0,0,0,
written_data_30.json,fb9e1251-d4ea-4f28-91ff-3efb8b204475,366,"하니, <NAME>가 아뢰기를,""통진에는 이 여자의 옛 남편의 농장이 있는데, 지금 귀양을 당하여의 가 그는 집에 거주하게 하니 심히 옳지 못합니다."" 하였다.",[],[],[],['심히 옳지 못합니다.'],[],0,0,0,0,0,1,0,
written_data_30.json,fb9e1251-d4ea-4f28-91ff-3efb8b204475,374,"조화가 새벽에 안방에 들어와서 옷을 꺼내 입으니 옷이 몸에 닿지 아니하므로, 드디어 알고 이를 힐문하니, 이 씨가 대답하기를,""오늘 아침에 <NAME>가 와서 유숙했는데 잘못 입고 갔습니다."" 하였다.",[],"['몸에 닿지 아니하므로,']",[],[],[],0,0,0,0,1,0,0,
written_data_30.json,fb9e1251-d4ea-4f28-91ff-3efb8b204475,376," 하므로, 조화는 그에게 침을 뱉었다. 김 씨는 더욱 그렇게 하여 거리낌이 없어서 또한 가노 <NAME> 이란 자와 간통하였으므로, 조화가 그를 붙잡아 훈계하였다. 후에 김 씨가 병환으로 무당을 불러일으키고자에 가노가 무당에게,다른 귀신이 아니라 내가 빌미를 제공을 것이라.""라고 부탁하였는데, 여러 부녀들이 모두 귀를 가리고 부끄러워하면서 엎드렸었다.  <NAME>가 죽은 뒤에는 <NAME>와 부부가 되기를 약속하였다. 그러나 날 저녁 아들과 사위가 모두 문을 닫고 들여 주지 않으므로, <NAME>가 말하기를,""내가 이곳에 들어온 것은 한 번이 아니 아이들이 어찌 이와 같이 하느냐."" 하였다. 이때에 <NAME>이 측근의 신하를 돌아보며 말하기를,""영돈녕이 어찌하지 않느냐.",[],"['들여 주지 않으므로,']",[],[],[],0,0,0,0,1,0,0,
written_data_30.json,33f93453-4b84-42d0-9eb8-4ff3f2f574d8,385,"하니 임금이 말하기를,""근척의 물건을 사는 것이 어찌 의리에 어긋남이 되겠는가.""처럼 자질구레한 일로써 친신 또는 사람을 폄 척하는 것은 옳지 못한 일이 아니겠는가.",[],[],[],['것은 옳지 못한 일이'],[],1,0,0,0,0,0,0,
written_data_30.json,33f93453-4b84-42d0-9eb8-4ff3f2f574d8,389,"<NAME>가 아뢰기를,""신이 집의로서 판사에 옮겨 행을 감찰했는데, 그 공경하고 두려워하는 일에 이르러서는 전일에 하관이었다고 해서 덜한 바가 있지는 않았습니다. 행에 감찰을 두려워하여 감히 법을 범하지 못한 것이 대략 이와 같으니 참고 보내지 않을 리 없습니다.""",[],"['고 보내지 않을 리', '바가 있지는 않았습니다']",[],['을 범하지 못한 것이'],[],2,0,0,0,0,1,0,
written_data_30.json,f6406ba2-18b9-41da-9f7f-dfeee8d3805d,392,"참의 <NAME>이 경원으로부터 다시 복명하면서 경원의 진을 용성으로 옮기는 것을 남김없이 진술하니, 임금이 말하기를,""이 계획은 조정에 있는 사람이 이미 모두 진술했으나 내 마음속으론 생각하기를 조종의 강토는 어쩔 수 없는 것이다. 지난번에 야인들이 우리 땅을 함부로 점거한 것이 이미 많았는데, 만일 또 물러 옮긴다면 이는 버리고 지키지 않는 것이다. 만약 성보를 널리 세우고<NAME>를 많이 모아서 지켜 막으면 될 것이다. 만일이 경원을 물러나 줄이는 것을 편리하게 여긴다면 여연과 소는 역시 한 덩어리가 되는데, 만일 따라서 물러나 줄일 계획을 한다면 조종의 토지를 개척하는 뜻에 아주 부합한 것이다. 정부와 육조로 하여금 다시 일을 하게 하라.""",[],['고 지키지 않는 것이'],[],[],[],1,0,0,0,0,0,0,
written_data_30.json,f6406ba2-18b9-41da-9f7f-dfeee8d3805d,396,"<NAME>이 말 하기를,""경원의 백성들은 가고 머물 것을 정하지 못한 채 오래되었으므로 장수된 사람 또한 진을 옮기고자 하더라도 의논을 정하기를 오래 기다리게 될 것이니 속히 옮기지 못을 수 없습니다.""",[],[],[],"['을 정하지 못한 채', '히 옮기지 못을 수']",[],2,0,0,0,0,0,0,
written_data_30.json,475f739e-253e-41e6-acd4-d264de6f207f,403,"하니, 신하가 말하기를,""그렇다면 그들이 이미 서울에 들어가던 사람은 돌려보내지 말고, 그 반인이 된 사람은 찾아서 돌려보내고, 지금부터는 군적에 등록되었는데도 몰래 와서 벼슬하고 자 하는 일을 허락하지 말도록 하라."" 하였다.",[],[],[],[],"['돌려보내지 말고, 그', '허락하지 말도록 하']",0,2,0,0,0,0,0,
written_data_30.json,7f218530-56b6-408a-a582-87e17a23d9b2,405,"지용천군사 이 양생이 사조하니, 임금이 와서 보고 말하기를,""지금 하늘이 재앙을 내리어 평안도가 더욱 가무니, 그대 가을 염려한다. 그대는 직책에 나아가 마음을 써서 백성들을 굶주리게 하지 말고, 진제에 있어 지체 또는 늦추는 일이 없도록 하라."" 하였다.

。으로 사고 본 】 12책 37권 12장 86 면 【 국편<NAME>본 】 3책 86면
【 분류 】 인사 - 임면/행정 - 지방행정·왕실 - 의식/구휼",[],[],[],[],"['리게 하지 말고, 진']",0,1,0,0,0,0,0,
written_data_30.json,a19c8cd3-88a6-42c5-afec-99e680683bc1,410,"<NAME> 이란 이름을 내리니, 배우기를 부지런히 하고 묻기를 좋아함을 문이라 하고, 마음을 지켜 결단함을 숙이라 하는 지강은 천성이 청렴하고 벼슬에 이르는 곳마다 성망과 공적이 있었으나, 산업을 다스리지는 않았다.",[],['다스리지는 않았다.'],[],[],[],0,0,0,0,0,1,0,
written_data_30.json,26fc5622-2b61-4677-be3a-a43141338de3,412,"평안도 황해도에 전지하기를,""완전히 농사 시기를 잡고 각 지역에 굶주린 백성들에게 진제하는 것을 국고의 미두로써 하되, 신보하지 말고 법도에 골고루 나누어 주어서 백성들이 죽지 않게 할 것이며, 처음 준 날짜와 그 백성들의 수효를 자세히 써서 아뢰라."" 하였다.",[],['들이 죽지 않게 할'],[],[],['신보하지 말고 법도'],0,2,0,0,0,0,0,
written_data_30.json,bb5d0cf7-e6c8-459e-94dd-d9626b47310a,417,"하니, 영의정 권진이 계하기를,""신이 형조와 한성부에 있으면서 송사를 심리할 뿐 공신의 자제들은 오직 용서하는 것을 믿고 태도가 이상하여 퍽 가증스러웠으니 징계하지 않을 수 없습니다.""",[],['징계하지 않을 수'],[],[],[],1,0,0,0,0,0,0,
written_data_30.json,d62f7d86-469c-4f16-bba3-426118e39a15,425,"전일에 <NAME>을 보내어 용성으로 수레를 옮기는 일이 편리한지 편리하지 않은지를 살피게 하였더니 그의 아뢴 바가 있은 뜻에 맞지 않았으며, 시직·산직 2품 이상이 모여서도 의논만 분분했기 쉽에 다시 인산을 보내어 살펴보게 한 것이었다.",[],"['편리하지 않은지를', '뜻에 맞지 않았으며,']",[],[],[],0,0,1,0,0,1,0,
written_data_30.json,10937a2c-9dc2-42df-bec0-9e8d7da08d4a,429,"하니, 임금이 말하기를,""그대의 말이 옳다. 그러나 음란한 행실을 방자하게 한 죄는 오래전의 일이며, 관작을 하는 것은 비록 옳지 못하다고는 하지만, 공신의 아내가 죄를 범하여도 남편의 공으로 벌을 면하게 만든 사람이 있으니, 김 씨가 이미 이지의 아내가 되어 종실에 열을 지었으니 역시 죄를 짓는 것은 부당하다.""",[],[],[],['비록 옳지 못하다고는'],[],0,0,0,1,0,0,0,
written_data_30.json,76d6170e-c652-41ef-ac5f-81506e9fedba,432,"임금이 말하기를,""평안도와 황해도의 금년의 환상은 징수하지 않았으면 한다.""",[],['징수하지 않았으면'],[],[],[],0,1,0,0,0,0,0,
written_data_30.json,76d6170e-c652-41ef-ac5f-81506e9fedba,434,"신하가 말하기를,""환상을 다 거두었는데도 돌려주는 것이 고르지 못하여〈백성이〉을이 죽게 된다면, 이것은 백성의 귀중한 것을 빼앗아 그들로 하여금 죽게 하는 것이다. 내 마음에는 옳지 않다고 생각되니 다시 의논하여 아뢰라."" 하였다.",[],['에는 옳지 않다고 생'],[],['이 고르지 못하여〈백'],[],0,0,0,1,1,0,0,
written_data_30.json,76d6170e-c652-41ef-ac5f-81506e9fedba,436,"하니, 임금이 말하기를,""내가 이 석경을 보니 돌의 품질이 가장 뛰어나고 경쇠도 또한 중국 경쇠보다 못하지 않을 것이다. 조정에서 내린 경쇠는 갖추었는가 하지 않았는가."" 하였다.",[],['다 못하지 않을 것이'],[],[],[],1,0,0,0,0,0,0,
written_data_30.json,67a27e34-59f5-4783-bca2-2d5bc76f02fa,443,"사헌부에서 계하기를,""평강·는 <NAME>의 아내 <NAME>이 남편을 배반하고 스스로 창기라 일컬으면서 서울과 외방에서 함부로 행동하므로 각각 <NAME> ·이승·<NAME>·전수생·이돈이 여러 달 동안 간통했는데, 근각을 알지 못하므로 수식해서 통문에 답했으니 직첩을 회수하고, 이와 함께 모두 형문에 처하여 혼인을 하기를 청합니다.""",[],[],[],['각을 알지 못하므로'],[],0,0,0,0,1,0,0,
written_data_30.json,f8f10bc3-ba66-4614-90e2-dc2a5c1bb260,446,"하니, 〈임금께서〉종서와 <NAME>을 불러서 말하기를,""조 씨가 이미 종실의 친척이 되었으니, 관작을 함부로 일컬은 죄는 가할 수 없는 것이다. 음란한 일으로 방자하게 행한 범죄는 사죄 전에 있은 일이었으나, 서울에는 살게 만들 수 없으므로 부인을 내쫓았던 것이다. 통진의 별업은 전 남편인 <NAME>가 경영하던 곳이므로 역시 살 수 없으므로 집으로 옮겼으니 함부로 말하지 말라."" 하였다.",[],[],[],[],"['로 말하지 말라.""']",0,0,0,0,0,1,0,
written_data_30.json,d6d66eac-d234-450c-b2e6-89954d748f3a,449,"하니, 이에 따르게 하되, <NAME>과 효량은 일단 직첩은 회수하지 말고 다시 오게만 하고 후에 나타난 사람은 또한 다시 계 달하게 하니 <NAME>가 <NAME>를,"" <NAME>의 범죄는 비록 사죄 전에 있었지만, 아들은 숙부 <NAME>이 간통했는데 이를 알면서도 잘못을 범했으니, 죄가 강상에 관계되므로 내버려 두 수 없으며, 효량은 최중기의 매부이면서 간통했으니, 두 사람의 행실이 짐승과 같으니 모름지기 죄로 다스리소서.""",[],[],[],[],['회수하지 말고 다시'],0,1,0,0,0,0,0,
written_data_30.json,d6d66eac-d234-450c-b2e6-89954d748f3a,450,"하니, 그가 말하기를,""이 여자를 더 추국 할 필요가 없다. 이미 간부가 10여 명이 나타났고 또 재상도 끼여 있으므로 일의 시작은 벌써 다 이루어졌으니 이것을 가지고 죄를 결단해도 될 것이다. 비록 더 추국한다 하더라도 이 여자가 어떻게 능히 그렇게 기억하겠는가. <NAME>은 알지 못이 간통했다고 말하고 또 공신의 아들로서 사죄 한 일이니 다시 추국하지 말라."" 하였다.",[],[],[],['>은 알지 못이 간통'],"['추국하지 말라.""']",0,1,0,0,0,1,0,
written_data_30.json,9cce10d0-7185-4fcc-ad38-a3f70afca400,453,"본조에서 그을 조사했으나 마치지 못하여 즉시 계달 하지 못했사오니, 이처럼 잔인이 심한 것은 이루 다 용납할 수 없겠습니다.",[],[],[],"['나 마치지 못하여 즉', '계달 하지 못했사오니']",[],0,1,0,0,1,0,0,
written_data_30.json,c506f1d8-90da-42fe-8f9b-1e0109763950,457,"헌사에서 또 계하기를,"" <NAME>의 주인공으로 <NAME> ·변상동·전수생(<NAME>)은 근각을 알지 못하였기 때문에 아직 공사를 올리지 못하였사오니 형장으로 때려 묻기를 청합니다.""",[],[],[],"['각을 알지 못하였기', '를 올리지 못하였사오']",[],0,0,1,0,1,0,0,
written_data_30.json,c506f1d8-90da-42fe-8f9b-1e0109763950,458,"하니, 그녀가 말하기를,""세 사람이 만약 알았더라면 감동의 세 번의 형벌에도 다 말하지 않겠는가. 이 여자가 말하지 않는데 하물며 이 세 사람을 형벌함은 받지 못하니 형벌하지 말고 보석 하라."" 하였다.",[],['가 말하지 않는데 하'],[],['함은 받지 못하니 형'],['형벌하지 말고 보석'],0,0,0,0,2,1,0,
written_data_30.json,a061bf1d-981d-47ef-9c0a-625b6111e5da,464,"부고가 위에 올라 아 3일 동안 조회를 폐하고 <NAME> 란<NAME>를 내렸는데, 너그럽고 즐거워하여 고종명 한 것을 정이라 하여 생각이 틀리지 않은 채은 후라고 한다.",[],['이 틀리지 않은 채은'],[],[],[],1,0,0,0,0,0,0,
written_data_30.json,c8dc1f70-27a5-4f73-bbfd-bc5d1938dce7,466,"예관을 보내어 돌아간 도총제 <NAME>에게 제를 올리고 그 제문에,""죽고 사는 길은 이치와 기수의 필연적인 것이며, 조상하고 구휼하시는 것은 국가의 떳떳한 전례인 것이다.<NAME> 겸손하고 청렴한 지조가 있으며, 진실하고 정성스러워 허식이 없었다. 일에 있어서는 능히 검소하였고 나라를 위하여는 오직 근신하였다. 또한 조정에 두루 벼슬하여 드디어 높은 관질에 오르게 되었다. 한가로이 거처하여 수양하며 백세까지 오를 것이라 생각했는데, 부음이 갑자기 이르니 어찌 탄식하지 않을 수 있으랴. 이에 유사에게 명하여<NAME>를 내리고 또 예관을 보내어 흰 장막에 이름을 내리노라. 아아, 군신의 의리가 있으니 감히 경의 숙덕을 잊겠는가. 유명이 이치가 같으니 어찌 나의 지극한 심정을 체득할 것이다."" 하였다.",[],['탄식하지 않을 수'],[],[],[],1,0,0,0,0,0,0,
written_data_30.json,4e7d5ca6-62d1-4b9e-80e9-3f521f5c5cbe,469,"하니, 그대로 윤허했는데, 판부사 <NAME> ·<NAME>·총·신장(<NAME>)의 계에 의하여, 드디어 고쳐 명령하여 직첩은 회수하지 말게 하여 의금부에 내리어 국문하도록 하였다.",[],[],[],[],['회수하지 말게 하여'],0,1,0,0,0,0,0,
written_data_30.json,7a68e3e4-3f1f-4791-924e-87de2788c641,472,"하니, 임금이 말하기를,"" <NAME>이 범한 잘못이 작지 않으니 응당 목베어야 될 것이라고 생각한다."" 하였다.",[],['못이 작지 않으니 응'],[],[],[],0,0,0,0,1,0,0,
written_data_30.json,131ebbb7-361e-47a9-ba10-c17db2561f72,476,"병조에서 계하기를,""대열은 이를 훈련시키기 위한 것입니다. 해마다 이를 행하는 법을 마련해 놓고 시행하지 말고 금년에는 이를 행하기를 청합니다.""",[],[],[],[],['시행하지 말고 금년'],0,0,0,0,0,1,0,
written_data_30.json,f2b0cbd8-acaa-4c2f-8576-5de95fd6dd03,483,쌓아서 견고하지 못하면 해마다 무너지게 될 것이니 여기에 무슨 큰일이 발생하지 않겠는가.,[],[],[],['견고하지 못하면 해'],[],0,1,0,0,0,0,0,
written_data_30.json,f2b0cbd8-acaa-4c2f-8576-5de95fd6dd03,488,얼음이 녹지 전에 일을 마치고자 하여 백성을 독려하여 성을 올리게 되면 그것이 견고하지 못하는 것은 필연적이니 장차 어찌하면 되겠는가.,[],[],[],['견고하지 못하는 것'],[],1,0,0,0,0,0,0,
written_data_30.json,f2b0cbd8-acaa-4c2f-8576-5de95fd6dd03,490,"또한 지금 거주하는 백성을 옮기지 않더라도 목장 안이 넓어서 만 마리의 가축을 방목하여도 여유가 생기는 것인데, 더욱이 강화는 바다 입구의 요 해지이므로 가령 왜구가 있다면 모두 목장을 경유하게 하고 면 거주하는 백성을 다 옮기는 것은 분명히 옳지 못한 일입니다.",[],['을 옮기지 않더라도'],[],['명히 옳지 못한 일입'],[],1,0,0,0,1,0,0,
written_data_30.json,f2b0cbd8-acaa-4c2f-8576-5de95fd6dd03,492,"백성들은 비록 다 이사시킨 이유를 알고 있지마는, 성을 쌓지 않고 말을 만 필이나 방목하여 그 수확하지 않은 벼와 이미 타작한 곡식도 먹에 밟히고 먹히게 되니, 백성들이 그 해를 입게 된 것인데 하물며 만세의 길을 세우고자 하면서 하루아침에 마치겠습니까.",[],"['성을 쌓지 않고 말을', '수확하지 않은 벼와']",[],[],[],1,0,0,0,0,1,0,
written_data_30.json,f2b0cbd8-acaa-4c2f-8576-5de95fd6dd03,493,"얼음이 얼기까지를 기한하여 천천히 견고하게 쌓아서 금년에 끝내지 못하면 내년 봄까지 기다리고, 금년 봄에도 마치지 못하면 또 내년 가을까지 기다리는 것이 가장 편리하고 이익이 될 것이오니, 마땅히 조관을 맡겨 두고 다시 성을 쌓는데 넓게 하고 좁게 할 것과 높게 그리고 낮게 할 일을 살피게 함이 옳을 것입니다."" 하니, 이에 호군 <NAME>을 보내어 살피게 하였다.",[],[],[],"['에 끝내지 못하면 내', '도 마치지 못하면 또']",[],0,0,0,0,2,0,0,
written_data_30.json,3d14d384-efed-4284-8043-3c522040ae62,495,"<NAME>이 치보 하여 말을 하기를,""처녀와 사신이 이달 17일 요동에 도착하니, 도지휘사 왕진· <NAME>이<NAME>에서 맞이하여 거느리고 있는 수레 8채로 여사와 집 찬비를 나누어 태우고 요동에 들어가서 전위에 숙박시키고 처녀를 결속하여 유련 시키고, <NAME> 태감이 말하기를,'북방이 평정되지 못하고 남방의 행차를 정지하였으니 성절일에 조현 받는 것이 옳을 것이다.'하였으며, <NAME>은 이달 19일에 한 쌍의 수레를 타고 북경 북경으로 달려갔으며, 왕진이 말하기를,'처녀를 영접하려고 내관 3인은 광녕에 도착하고 2인은 옥전현에 가하여 기다린다.'했습니다."" 하였다.",[],[],[],['평정되지 못하고 남'],[],0,0,0,0,1,0,0,
written_data_30.json,f76c0e11-19b9-461b-bc4d-54018bc20135,497,"병조에서 병을 거 관하는 법을 계하니, 임금이 말하기를,""이보다 앞서 갑사의 거관이 균등하지 않은 것은 내금위·내 시위 등의 사람으로서 갑사의 관직을 빌어 왔던 까닭으로, 갑사 사직이 없이 한 관사에 한 사람이 있기도 하고, 혹은 한 관사에 열 명이나 있기도 하므로, 지금부터는 열 관사를 통틀어 계산하여 근무를 하여 한 사람에게 근무를 시키고자 하는데, 여러 사람의 의사는 어떠한가,"" 하니, 우의정 맹사성과 예조 판서 신상 역시 대답하기를,""이같이 한다면 거관 시키는 일이 균등하게 될 것입니다."" 하였다.",[],['균등하지 않은 것은'],[],[],[],1,0,0,0,0,0,0,
written_data_30.json,591bd15b-d63b-4d7e-9014-85e8a06ea024,504,"의금부에서 계하기를,"" <NAME>을 학대하여 완전히 죽게까지 수척하고 곤고 곤을 한 것은 권채의 아는 바가 아니며, 남자 종의 구질금과 여자 종 양덕의 말 한 바가 형조에서 공초 받은 죄는 전혀 다르니, 만약 두 군데로 귀착시키고자 한다면 마땅히 형벌을 써서 신문해야만 되겠습니다. 그러나 종과 노비 사이의 일로써 형벌을 써서 신문하여 끝까지 캐내는 일은 미편합니다. 다만 정 씨가 가주의 명령을 듣지 않고 머리털을 쓰고 포학하게 하고 곤욕을 준 것은 형률에 의거함이 어떻겠습니까.""",[],['령을 듣지 않고 머리'],[],[],[],0,1,0,0,0,0,0,
written_data_30.json,591bd15b-d63b-4d7e-9014-85e8a06ea024,507,"임금이 이를 보고 말하기를,""권채의 일은 비록 종과 주인 간에 일이라고는 하지만, 노비가 함부로 고소한 것이 아니고 국가에서 알고 있어 한 것이니, 종과 주인 사이의 일이라고 논하는 것이 옳겠는가. 한 달을 포학하게 하여 거의 죽을 지경에까지 이르러 잔인하기가 아니고 심함이 없으니, 어찌 국문을 두지 않고 그 실정을 잃을 리가 있겠는가. 그 일이 노비에 관계되는 것은 형벌로써 그을 다시 추핵하고, 권채가 만약에 참예하여 알았거든 또한 다시 와서 신문하라."" 하였다.",[],['문을 두지 않고 그'],[],[],[],0,1,0,0,0,0,0,
written_data_30.json,14517c74-1540-4128-b1a3-64fa81fa2afc,513,"병조에서 계하기를,""평안도의 의주·삭주·강계의 천호·백호·지인·영사 등 평양의 토관과 화회 하여 4년마다 한 차례씩 수령을 옮기는 것은 이미 일찍이 법으로 제정하였는데, 오직 영에 남은 진무만이 홀로 추천을 받지 못하고 있으니, 함길도의 예에 의거하여 장차 그들이 있는 고을에서 추천장을 받아 안주는 3인, 의주와 강계는 각기 1인씩을 4년마다 한 번씩 평양의 토관으로 서용하게 될 것입니다.""",[],[],[],['천을 받지 못하고 있'],[],0,0,0,0,1,0,0,
written_data_30.json,13394c5c-ee91-4f0e-976e-57623f8f5de5,516,이로써'치신·수생·상동은 모두 근각을 알면서도 항거하여 자백하지 못하은 것이 명백하오니 고문을 더하기를 청합니다.,[],[],[],['자백하지 못하은 것'],[],1,0,0,0,0,0,0,
written_data_30.json,13394c5c-ee91-4f0e-976e-57623f8f5de5,517,"또한 전일에 감동받아서 간부를 다만 현재 나타난 사람만 추문하도록 명하였으므로 신 등이 특별히 추문하지 않았지마는, 다시 생각해 보니, 같은 간범인데 두는 죄를 주고 하나는 사형을 면하게 됨은 미편한 것 같습니다.",[],['추문하지 않았지마는'],[],[],[],0,0,0,0,0,1,0,
written_data_30.json,13394c5c-ee91-4f0e-976e-57623f8f5de5,520,"치신은 근각을 알고 반일 동안만 조용히 거처하다가 후에는 다시 오지 않았으니, 내 죄가 또한 가볍지 않겠는가.",[],"['다시 오지 않았으니,']",[],[],[],0,0,0,0,1,0,0,
written_data_30.json,48099007-d14b-4a37-92e3-bb4e3b750bc5,523,"의금부 제조 <NAME>이 계하기를,""권채의 노비가 공초를 한 것이 형조와 다름이 아니라 권채와 그 아내는 모두 실정을 고백하지 않고 허물을 형조 판서에게 돌리니, 그 사람은 다만 글을 배울 줄은 알아도 부끄러움은 면치 못합니다.""",[],['고백하지 않고 허물'],[],[],[],0,1,0,0,0,0,0,
written_data_30.json,48099007-d14b-4a37-92e3-bb4e3b750bc5,524,"하니, 임금이 말하기를,""임금의 직책은 임금을 대신하여 만물을 돌보는 것이니, 만물이 그 처소를 얻지 못하여도 오히려 대단히 기뻐해야 할 것인데 하물며 사람일 경우야 어떠하겠는가. 진실로 차별 당한 만물을 다스려야 할 임금이 어찌 양민과 천인을 구별해서 다스릴 수가 있겠는가. 녹비가 나타나서 일의 증거가 더욱 명백한 경우도 이와 같은데, 권채가 기어코 복죄하지 않는다면 반드시 형벌로서 신문할 것이다."" 하였다.

≫을 사고 본 】 12책 37권 17장 91 면 【 국편<NAME>본 】 3책 89면
【 분류 】 신분 - 천인/사법 - 재판",[],['복죄하지 않는다면'],[],['소를 얻지 못하여도'],[],0,1,0,0,1,0,0,
written_data_30.json,e88cfc81-9224-49cc-be13-825365298142,528,"장령 <NAME>를 통해 말하기를,""추가로 나타난 유감 동의 간부 중에서 이 간부가 근각을 알면서 간통하였더라도 그것이 사죄 전에 아니던 사람과, 비록 사죄 후에 간통하였더라도 근각을 알지 못했던 사람은 모두 논죄 두지 말라.""",[],[],[],['각을 알지 못했던 사'],"['논죄 두지 말라.""']",1,0,0,0,0,1,0,
written_data_30.json,e88cfc81-9224-49cc-be13-825365298142,529,"하니, <NAME>가 계하기를,""참회 전인가 사죄 후인가를, 근각을 알았는가 몰랐는가를, 만약 <NAME>의 말로써만 사실을 가린다면 반드시 애정의 경하고 중한 것으로 정직하게 공초를 범하지 않을 것입니다. 모름지기 간부까지 사실을 점고하신 후에야만 그 사실을 알게 될 것입니다."" 하였다.",[],['를 범하지 않을 것입'],[],[],[],1,0,0,0,0,0,0,
written_data_30.json,e88cfc81-9224-49cc-be13-825365298142,530,"그는 말하기를,""서울에 거주하는 자을 문초함에 의하여 점고하는 것도 사실상 옳겠으나, 만약 부임하여 외방에 있는 사람은 잡아 오지 못하고 그 모든 증거만 가지고 추고 하라."" 하였다.",[],[],[],['잡아 오지 못하고 그'],[],0,0,0,0,0,1,0,
written_data_30.json,4866466c-bcd1-4c32-bf41-489ba594f424,549,"하니, 신하가 말하기를,""실 2품의 서자는 근무 한 날수의 임금을 하한 것을 계산하지 않는가."" 하였다.",[],"['계산하지 않는가.""']",[],[],[],0,0,0,0,0,1,0,
written_data_30.json,4866466c-bcd1-4c32-bf41-489ba594f424,550,"우사간 <NAME>이 대답하기를,""근무 한 것의 수는 적음을 계산하지 않고 제수 받는 것이 예이었습니다.""",[],['계산하지 않고 제수'],[],[],[],0,1,0,0,0,0,0,
written_data_30.json,4866466c-bcd1-4c32-bf41-489ba594f424,551,"하니, 임금이 말하기를,""그렇다면 죄주지 말라. 병조에서 어긴 사람의 고신은 내어주지 말고, <NAME>이 2품에 반열 한 까닭으로 다시 제수한 것이니 이다음부터 어긴 사람에게는 죄를 주어라 하라."" 하였다.

。을 사고 본 】 12책 37권 19장 B 면 【 국편<NAME>본 】 3책 90면
【 분류 】 인사 - 임면",[],[],[],[],"['면 죄주지 말라. 병', '내어주지 말고, <']",0,0,0,0,0,2,0,
written_data_30.json,e31194aa-2063-47ad-9fe0-82f12296666e,554,"하니, <NAME>이 아뢰기를,""다만 형률 조문으로써 시행하는 것이 옳겠습니다. 형률 밖의 죄로써 이를 징계시키고자 한 것도 알고 있기는 하지마는, 그러나 그 종말에는 반드시 변하지 않는 일이 있게 됩니다."" 하였다.",[],['시 변하지 않는 일이'],[],[],[],1,0,0,0,0,0,0,
written_data_30.json,e31194aa-2063-47ad-9fe0-82f12296666e,555,"<NAME>가 대답하기를,""우리나라의 사람들은 다만 부인들만 정조를 따르지 못할 뿐만 아니라 남자들도 더러는 강포할 짓을 하게 되니, 사람의 마음을 바루고서 풍속을 바로잡는 것이 옳을 것입니다.""",[],[],[],['를 따르지 못할 뿐만'],[],1,0,0,0,0,0,0,
written_data_30.json,e31194aa-2063-47ad-9fe0-82f12296666e,556,"하니, 신하가 말하기를,""여자들이 좋지 못한 행실을 한 것은 혼인의 시기를 정하는 까닭이다. 그러나 지금 이 동자와 금음동은 혼인을 때에 시집갔으니 어찌 이와 같은 일이 있겠는가. 여자가〈혼인의〉시기를 잃은 사람은 다시 서울과 지방의 관원으로 하여금 그렇게 하여 혼인을 성사시켰는데, 관리들이 마음을 쓰지 않은 까닭으로 이와 같은 일이 일어나게 되었으니, 혼인하는 데의 한계를 마련함이 어떠하겠는가.""",[],['음을 쓰지 않은 까닭'],[],['들이 좋지 못한 행실'],[],2,0,0,0,0,0,0,
written_data_30.json,e31194aa-2063-47ad-9fe0-82f12296666e,557,"하니, <NAME>이 아뢰기를,""15세로 한계를 정하는 게도 옳겠습니다. 그 중간에 사고가 있어 그 한두 해를 지나더라도 늦지는 않을 것입니다."" 하였다.",[],['라도 늦지는 않을 것입'],[],[],[],1,0,0,0,0,0,0,
written_data_30.json,e31194aa-2063-47ad-9fe0-82f12296666e,561,"하니, <NAME>가 아뢰기를,"" <NAME>이 그 사람을 죽였지만은 운평의 아들이 마땅히 백성에 원통함을 호소해야 될 것인데도 제 마음대로 40여 기병을 인솔하고 대흥현에까지 따라가서, <NAME>이 임금에 <NAME>와 같이 앉았는데 붙잡아 두고 그 발뒤꿈치를 쏘았으니 이보다 더 포학할 수 있겠습니까. 반드시 징계해야 한다는 것입니다. <NAME>은 탄핵을 당하여 미처 죄를 말하지 못하였지마는 감사와 수령들도 이 일에 대해를 다스리지 않았고, 신창의 아전은 전 황제와 아내가 현을 지나가는데 다만 후히 대접하지 않을 뿐만 아니라 도리어 능욕까지 주었으니, 이 풍속을 더럽힌 것은 이루 말 말할 수 없습니다.""",[],"['다스리지 않았고,', '대접하지 않을 뿐만']",[],['를 말하지 못하였지마'],[],1,0,0,0,0,2,0,
written_data_30.json,e31194aa-2063-47ad-9fe0-82f12296666e,562,"하니,""가 말하기를,""서 달을 쏜 일은 나도 이를 들었지마는 다른 무리들은 뒤쫓아 잡았다는 말은 아직 못 들었다.",[],[],['은 아직 못 들었다.'],[],[],0,0,0,0,0,1,0,
written_data_30.json,e31194aa-2063-47ad-9fe0-82f12296666e,564,이 버릇을 금하지 않는다면 장래의 일이 염려스럽겠습니다.,[],['을 금하지 않는다면'],[],[],[],0,0,0,0,1,0,0,
written_data_30.json,e31194aa-2063-47ad-9fe0-82f12296666e,565,"다른 나라로써 말하더라도, 위에 임금이 계시고, 아래에 정승이고, 다음은 판부사인데, 1품의 아내로서 시종을 갖추어 가는데도 의심하고 두려워함이 곧 작당하여 난을 일으켜 능멸함이 이와 같았습니다."" 하였다. 신하가 말하기를,""그러나 이 말을 들으니 놀라움을 금하지 못하겠다."" 하였다. <NAME> 그 죄를 조목별로 진술하고 아울러 충주 사람에 <NAME>이 그 괴수 <NAME>을 장으로 쳐서 죽였으므로 이로 인하여 죄를 받은 것을 아뢰니, 임금이 말하기를,""그 사람이 죽은 것은 바로는 일이며, 관에서 그를 장으로 친 것도 또한 옳은 일이다.",[],[],[],['을 금하지 못하겠다.'],[],0,0,0,0,0,1,0,
written_data_30.json,c56cb97a-deb8-4825-8492-c6d39d0c5db8,567,"<NAME>이 계하기를,"" <NAME>이 아뢰게 하되,'악기가 갖추지 못했는데다가 제단을 흙으로 쌓아 원장이 하니 더욱 미편하다.'합니다.""가 생각하기를, 담을 쌓고 그대로 집 3간을 지어서 사람을 잘 보살펴서 지키게 함이 옳을 것입니다.",[],[],[],['가 갖추지 못했는데다'],[],0,0,0,0,1,0,0,
written_data_30.json,c56cb97a-deb8-4825-8492-c6d39d0c5db8,569," 하니, 임금이 말하기를,사직단을 고쳐 만들 것은 이미 하고 이를 의논하였다."" 하였다. 인하여 말하기를,""거 서로 써 율관을 고쳐 만드는 데는 비록 <NAME> 라도 만들지 않을 것이다.",[],['도 만들지 않을 것이'],[],[],[],1,0,0,0,0,0,0,
written_data_30.json,c56cb97a-deb8-4825-8492-c6d39d0c5db8,571,중국의 <NAME>과 박연이 만든 율관의 소리를 듣는 그것이 조화되고 조화되지 않음을 볼 것이다.,[],['조화되지 않음을 볼'],[],[],[],0,0,1,0,0,0,0,
written_data_30.json,c56cb97a-deb8-4825-8492-c6d39d0c5db8,574," 하니, <NAME>은 말하기를,나누어서 제사하는 것도 옳으며, 합하여 제사드리는 것도 또한 옳으니, 음과 양은 서로 떨어지지 않는 것입니다.",[],['떨어지지 않는 것입'],[],[],[],1,0,0,0,0,0,0,
written_data_30.json,c56cb97a-deb8-4825-8492-c6d39d0c5db8,576,"하니, 임금이 말하기를,""삼국의 시조를 <NAME>과 합하여 제사 지낸다면 삼국을나라을 버리고 다른 나라로 가는 것이니 옳지 못하다."" 하였다.",[],[],[],"['이니 옳지 못하다.""']",[],0,0,0,0,0,1,0,
written_data_30.json,c56cb97a-deb8-4825-8492-c6d39d0c5db8,578,"하니, 임금이 말하기를,"" <NAME>이 삼국을 통일했는가를 내가 듣지 못하는 바이니, 그렇다면 서울에 모아서 한 제실에 모아 두어 제사 지내는 것이 타당을 것 같다."" 하였다.",[],[],[],['내가 듣지 못하는 바'],[],1,0,0,0,0,0,0,
written_data_30.json,63b8c8bf-3be9-4ee9-b2b1-e2229dfc1a0d,582,"사헌부에서 계하기를,""감찰'는 <NAME>와 유사 <NAME> · <NAME>이 <NAME> 권수종과 <NAME>에게는 참례를 받고, 이보정과 성허(<NAME>)에게는 받지 못은 <NAME> 병이라 핑계하고 함께 하게 했는데 <NAME> ·<NAME>·권수종은 방주와 유사에 부합""원의 037)를 순종하지 않고, <NAME> ·권준·김경종·이효로·<NAME>·김황· <NAME> 등은 이보정·성허의 흔구를 보아 명백히 진고하지 않으므로 본부에서 핵문하니, 다시 말하기를,'이 보정은 <NAME> 이숙의 사위인데, 동서 형이 감찰에 임명되니 아내 때문에 출사하여 형을 집행하지 못하였으며, 이숙의 매부 최주가 감찰에 임명되었으므로 또한 남편 때문에 출사하지 못했습니다.",[],"['순종하지 않고, <', '진고하지 않으므로']",[],"['게는 받지 못은 <N', '집행하지 못하였으며', '출사하지 못했습니다']",[],1,0,0,0,2,2,0,
written_data_30.json,63b8c8bf-3be9-4ee9-b2b1-e2229dfc1a0d,583,"<NAME>는 비첩을 매우 사랑하여 정처를 소박하였으며, 남부령이 아니고 관령과 함께 앉아서 같이 술을 마시었으므로 선비의 기풍이 없으니 모두 함께 동료로 할 수 없습니다.'하였습니다.""라는 교지에 구감찰과 신감찰에게 신구 대장의 예에 의거하여 공경하고 사양함으로써 서로 접촉하게 하되, 서로 관직을 같이할 수 없는 사람이 아니고 대장에게 명백히 진고하도록 하였는데, 지금 감찰 또한 이 교지를 따르지 않으니 형률에 의거하면<NAME> 50대를 지게 될 것입니다.""",[],['를 따르지 않으니 형'],[],[],[],0,0,0,0,1,0,0,
written_data_30.json,63b8c8bf-3be9-4ee9-b2b1-e2229dfc1a0d,584,"하니, 그대로 따르게 하고, <NAME> ·<NAME>· <NAME> · <NAME>은 그와 자손이므로 논죄하지 말라도 록 하였다.",[],[],[],[],['논죄하지 말라도 록'],0,1,0,0,0,0,0,
written_data_30.json,63b8c8bf-3be9-4ee9-b2b1-e2229dfc1a0d,585,"임금이 또 말하기를,""비록 논죄는 말도록 하였으나 관직에 나아가는 것은 옳지 못하다.""",[],[],[],"['것은 옳지 못하다.""']",[],0,0,0,0,0,1,0,
written_data_30.json,aa14d850-f23f-4879-b01a-251580d2f106,588,"병조에서 황해도 지방는 관문에 의거하여 계하기를,""해주 대수압도와 말의 압도에는 말을 방목하기가 적합하지 않으나 다만 옹진의 창린도와 해주의 용매도 하는 물과 풀이 다 넉넉하니, 청컨대 두 수압도의 마필을 창린도에 옮겨 쓰게 하게 하소서.""",[],['적합하지 않으나 다'],[],[],[],0,0,0,0,1,0,0,
written_data_30.json,7fea7f64-1ddd-446a-abe6-143ff08a6a1b,600,"전지하기를,""형조와 사헌부에서는 번거로운 잡송 때문에 맡은 고을을 능히 전심으로 다스리지 않아 차오를 일으키기도 하니, 그중의 일을 덜어야 할 조건은 의정부와 지방 관청과 함께 의논하여 계하라.""",[],['다스리지 않아 차오'],[],[],[],0,1,0,0,0,0,0,
written_data_30.json,bf8958d8-fe5c-4383-8dfc-82527d88abee,608,"의정부·육조·삼군 판부사·한성부 당상이 대궐에 나아가 문안드리고, 다시 계하기를,""전하께서 그렇게 한 자기가 오래되지 않았는데도 말을 타시고 냇물을 건너 대열을 구경하신다면 이렇게 한 것이 효과가 없어질까 신 등은 염려됩니다. 아무리<NAME>일지라도 침구를 하면 물을 건너는 것을 아주 꺼리는데 아직 지존하신 몸이온데 더 말할 수는 있겠습니까. 청컨대 금년의 일을 정지하소서.""",[],['오래되지 않았는데도'],[],[],[],0,1,0,0,0,0,0,
written_data_30.json,d35a430e-9d23-4981-9d18-505b704ba770,616,"사헌부에서 상소 하기를,""신 등이 유감동·양자부·금음동의 제도를 갖추어 형벌을 극형에 처하기를 청하였으나, 전하께서는 형률에 의거하여 죄를 처단하시니, 이것은 곧 전하의 형벌을 신중히 처리하는 아름다운 뜻이므로 감히 목 베기를 막을 수는 없습니다. 그러나 이보다 먼저 이를 범한 사람은 마땅히 극형을 받았는데, 이 3인만이 형률에 의거하게 하여 다만 경중의 적당함을 더는 잃을 뿐만 아니라 부녀의 가져야 될 절개를 힘쓰게 하여 모든 풍속을 바로잡게 할 수가 있는 것입니다. 삼가 바라옵건대, 이미 곤장을 친 후에 잡아서 변 군의 노비로 일을 종신하도록 하여 비록 사면을 당하더라도 그렇게 되지 못하도록 하소서.""",[],[],[],['렇게 되지 못하도록'],[],0,1,0,0,0,0,0,
written_data_30.json,c4b35150-4fc6-4727-94f7-b0532b113c0e,621,"하니, 이가 말하기를,""옛적의 원대의 무덤은 조종 때로부터 이미 수축 나지 않았는데, 오늘날에 이를 수축하는 일이 어떻겠는가.""하였다.",[],"['수축 나지 않았는데,']",[],[],[],0,0,0,0,0,1,0,
written_data_30.json,c4b35150-4fc6-4727-94f7-b0532b113c0e,622,"이조 때 <NAME>가 아뢰기를,""상사는 멀어져 가는 것이므로 폐하에 나아감은 물론으나 뒤로 물러남은 없습니다. 이 무덤은 <NAME>에게 이미 외증조가 되었으니 수축하지 않는 게가 옳을 것입니다.""하였다.",[],['수축하지 않는 게가'],[],[],[],1,0,0,0,0,0,0,
written_data_30.json,c4b35150-4fc6-4727-94f7-b0532b113c0e,624,"하므로, 임금이 이를 내려 주도록 명하고, 다시 말하기를,""이보다 앞서 귀화한 사람이 오면 3년까지 기한하여 양식을 주는 것은 이미 새로운 법을 만들었는데, 귀화한 사람의 수효가 본디 크지 않으나 토착 하여 생계가 넉넉한 사람은 그만이겠지마는, 그중에 신분에 충실하지 못한 사람은 양료를 주는 것이 옳을 것이다.""",[],['본디 크지 않으나 토'],[],['충실하지 못한 사람'],[],0,1,0,0,0,1,0,
written_data_30.json,c4b35150-4fc6-4727-94f7-b0532b113c0e,625,"북방 사람이 와서 벼슬하는 사람은 양식을 받아 편안하게 살게 됨으로써, 북쪽 변방이 그로 인하여 걱정이 없게 된다면 장차 벼슬하는 사람은 20여 인에 지나지 않으니 굳이 천여 석을 쓰더라도 무엇이 아깝겠는가.",[],['에 지나지 않으니 굳'],[],[],[],0,0,0,0,1,0,0,
written_data_30.json,c4b35150-4fc6-4727-94f7-b0532b113c0e,632,"지금 세자가 입조 하매 공청에 두 정승이 있었는데, 임금이 말할 때에 정승은 꿇어앉았는데도 세자는 꿇어앉지 않았으니, 정승은 스승이므로 옳지 못한 일이 아닌가.",[],"['꿇어앉지 않았으니,']",[],['므로 옳지 못한 일이'],[],1,0,0,0,1,0,0,
written_data_30.json,c4b35150-4fc6-4727-94f7-b0532b113c0e,634,또한 사신이 답례 하는 것이 옳겠지마는 중조에 들어가면 답례하지 않는 것이 옳을 것이다.,[],['답례하지 않는 것이'],[],[],[],1,0,0,0,0,0,0,
written_data_30.json,c4b35150-4fc6-4727-94f7-b0532b113c0e,636,입조 할 적에 조배를 없애는 것은 옳지 못한 것이 아닌가.,[],[],[],['것은 옳지 못한 것이'],[],1,0,0,0,0,0,0,
written_data_30.json,c4b35150-4fc6-4727-94f7-b0532b113c0e,637,"조현하는 예도는 상소에 상고하여 법을 만드는 것이 옳을 것이다.""하였으며, 또 말하기를,""입조 한 때에 부득이하여 사야 될 물건은 어떤 물건인가.'하니, 사성과 <NAME>가 대답하기를,""사모·품대·우의 등 물건은 사지 않을 수 없습니다. 전일에는 특별히 서책과 약재 및 물건을 사는 사람도 있었습니다.""하였다.",[],['건은 사지 않을 수'],[],[],[],1,0,0,0,0,0,0,
written_data_30.json,c4b35150-4fc6-4727-94f7-b0532b113c0e,638,"집의 <NAME>가 아뢰기를,""이는 보통의 행차가 되니 모름지기 금법을 마련하여 물건을 사고팔지 못하도록 해야 할 것이오며, 품대·우의는 삼가는 것이 아니라는 것입니다.""",[],[],[],['사고팔지 못하도록'],[],0,1,0,0,0,0,0,
written_data_30.json,c4b35150-4fc6-4727-94f7-b0532b113c0e,639,"하니, <NAME>가 아뢰기를,""전일 조현 할 때에 행차의 법을 마련하지 않았으므로 소인이 많이 불순 한 것이 있었습니다.""하였다.",[],['마련하지 않았으므로'],[],[],[],0,0,0,0,1,0,0,
written_data_30.json,c4b35150-4fc6-4727-94f7-b0532b113c0e,640,"<NAME>가 아뢰기를,""태장은 천하에서 통용 하는 법이니 모름지기 모품 없는 관원에게 바로 처단 할 법을 마련하여, 혹시 금법을 범하는 사람이 있으면 이를 형벌하여 근신하지 않는 사람을 벌을 것입니다.""",[],['근신하지 않는 사람'],[],[],[],1,0,0,0,0,0,0,
written_data_30.json,0e9434f5-5519-4cfb-b92b-d0b4250d23f6,647,"하니, <NAME>이 계하기를,""신 등은 그에 뜻을 알지 못하옵고, 다만 자신은 강무를 정지하라고 명하셨는데 오늘 이를 행하게 되니, 신의를 잃은 죄인 같았기 때문입니다."" 하였다.",[],[],[],"['뜻을 알지 못하옵고,']",[],0,0,0,0,0,1,0,
written_data_30.json,84f1a1fb-cd4d-453f-bea9-f2acc6df13bf,660,"이제 주석처럼 의지하고 시구 039)처럼 믿으려고 하였더니, 근년에 그에의 병 때문에 사직하도록 하여 오로지 조섭하는 데 힘쓰기를 바라서 부득이 한가한 곳에 처하게 하였더니, 병이 점점 더 크게 되어 슬픈 부고가 갑자기 가시게 될 줄은 생각지도 못하였는데 어떻게 이 지경에 이르렀는지 그 누구를 알 수 없구나.",[],[],[],['은 생각지도 못하였는데'],[],0,0,0,0,0,1,0,
written_data_30.json,dfe51df3-1095-455f-8014-7e13fb1c945e,680," 하니, <NAME>가 또 아뢰기를,모든 행차할 때에 누와 신하들이 모시고 서는 예를 없앴는데, 물론 전하께서 늙은 신하들은 존경하는 뜻이겠지마는, 그러나 매양 행차하는 날에 여러 사사 집 문에 모여서 사람을 불러 문안을 드리게 하고 혹은 친히 나와서 하게 되니, 세자의 수레 앞에 먼저 나가는 사람도 없게 되고, 하관이 상관보다 먼저 가는 사람도 있게 되어, 자못 덕을 잃는 폐단이 있으므로 높고 낮은 등급의 분변이 없는 것 같으니 참으로 옳지 못합니다.",[],[],[],['으로 옳지 못합니다.'],[],0,0,0,0,0,1,0,
written_data_30.json,dfe51df3-1095-455f-8014-7e13fb1c945e,681,"그러나 군신의 사이는 부자의 정리와 다름이 없는데, 뵈옵지 못한 것이 몇 년이 되면 아버지를 기다리는 마음이 더욱 깊지 않겠습니까.",[],[],[],"[', 뵈옵지 못한 것이']",[],1,0,0,0,0,0,0,
written_data_30.json,2c967d30-ca5f-49f4-bfa2-2b3d928fdea1,684,"임금이 정흠지에게 이르기를,""전일에 대간이 여러 차례 양녕의 일을 말하였으나 내가 끝내 윤허하지 않았더니, 몇 번이나 말을 바치었으나 내가 또 들어주지 않고 회유 하기를,'앞으로 만약 불러 볼 때는 반드시 여러 신하들에게 이를 알리겠다.'하였다. 내가 궐 안에 있을 때에도 오히려 불러 보고자 한다가 하물며 지금 행차하게 돼 매 겨우 30리가량 떨어져 있으니 불러 보지 못을 수 있으랴. 정부와 육조에 전유 시켜 비록 여기에 있더라도 그는 윤허하지 않을 것이니 아울러 이를 유시 하라."" 하였다.",[],"['윤허하지 않았더니,', '들어주지 않고 회유', '윤허하지 않을 것이']",[],['불러 보지 못을 수'],[],2,1,0,0,1,0,0,
written_data_30.json,7152b0b2-390a-454b-b2a2-df5b44175cd8,687,이 시기에 신은 의논을 올리는 반열에 있었으면서도 양일의 관계를 모두 참예하지 못했습니다.,[],[],[],['참예하지 못했습니다'],[],0,0,0,0,0,1,0,
written_data_30.json,7152b0b2-390a-454b-b2a2-df5b44175cd8,688,"물러와서 생각해 보니, 교명이 다 내렸는데 말을 할 수 없고 말하지 않는 것은 신하의 예가 아니므로, 신은 신하가 됨을 생각지 않고 잠정적으로 들은 바로써 어리석은 포부를 대략 진술합니다.",[],"['고 말하지 않는 것은', '을 생각지 않고 잠정']",[],[],[],1,1,0,0,0,0,0,
written_data_30.json,7152b0b2-390a-454b-b2a2-df5b44175cd8,690,신은 그렇지 못으로 생각합니다.,[],[],[],['은 그렇지 못으로 생'],[],1,0,0,0,0,0,0,
written_data_30.json,7152b0b2-390a-454b-b2a2-df5b44175cd8,691,"예로부터 왕자가 천명을 올리게 되면 토지와 인민은 안으로 선군에게 받아서 적의 강계를 엄하게 수비하고 우리의 적자 043)를 보전하고 그치지 않으면 날로 나라를 백 배나 개척하게 되니, 신은 조종의 전한 땅을 다른 사람에 소유로 맡겨서 더욱 그들의 몹시 탐내고 엿보는 것을 내게 한다는 것은 보지 못했습니다.",[],['고 그치지 않으면 날'],[],['것은 보지 못했습니다'],[],0,0,0,0,1,1,0,
written_data_30.json,7152b0b2-390a-454b-b2a2-df5b44175cd8,694,"중세에 이르러 예전 공주로 한계를 두어 이에 우리 왕조에 미치게 되고, 그대로 옮겨 지금의 경원이 되었으니, 그 옛날 모양대로 돌아가고자 한다면 반드시 비를 세웠던 땅에 경계를 만들 것이며, 그렇지 않으면 공주의 땅에 이르러 경원을 만드는 것이 옳겠습니다.",[],"[', 그렇지 않으면 공']",[],[],[],0,0,0,0,1,0,0,
written_data_30.json,7152b0b2-390a-454b-b2a2-df5b44175cd8,696,그러나 계책은 추진시킬 수가 없사오니 이것이 신의 그렇지 않다는 것의 둘째의 이유입니다.,[],['의 그렇지 않다는 것'],[],[],[],1,0,0,0,0,0,0,
written_data_30.json,7152b0b2-390a-454b-b2a2-df5b44175cd8,697,"성상께서는 가만히 계시기만 하면 문덕이 저절로 펴어지고, 문무의 장상들이 외방의 방비를 분담하고 호령을 하면서 혹은 항복을 선포하여 불러서 위안하기도 하고, 혹은 적을 방어하고 승리하기도 할 것이온데, 생각이 이에 미치지 않고 그 내왕하는 것을 꺼려서 이 땅을 줄이는 일로써 의논을 올리게 되니, 그들이 감히 국가를 위하여 생각함이 깊다고 볼 수 있겠습니까.",[],['에 미치지 않고 그'],[],[],[],0,1,0,0,0,0,0,
written_data_30.json,7152b0b2-390a-454b-b2a2-df5b44175cd8,698,"혹은 임금의 정사에 부지런히 임하는 지극한 생각을 체득하지 못하고, 그 지키는 일이 태만하여 생각하기를 깊지 않음이 이와 같다면 비록 용성에까지 땅을 줄이더라도 어쩔 이 없겠습니까.",[],['기를 깊지 않음이 이'],[],"['체득하지 못하고,']",[],0,0,1,0,1,0,0,
written_data_30.json,7152b0b2-390a-454b-b2a2-df5b44175cd8,699,"한갓 지키는 것만 허비하고 지키는 근본이 덕이 없다는 것을 알지 못한다면, 가령 용성에서 또 줄어들어 그 땅에 배치하더라도 그와 역시 같이 되어 걱정이 한없이 많게 될 것이므로, 실을 정리하면서 헝크는 것과 마찬가지가 이것이 신의 그렇지 않다는 것의 셋째 이유입니다.",[],['의 그렇지 않다는 것'],[],"['것을 알지 못한다면,']",[],1,0,0,0,1,0,0,
written_data_30.json,7152b0b2-390a-454b-b2a2-df5b44175cd8,705,이것이 신의 옳지 않다는 것의 근본 이유입니다.,[],['신의 옳지 않다는 것'],[],[],[],1,0,0,0,0,0,0,
written_data_30.json,7152b0b2-390a-454b-b2a2-df5b44175cd8,706,신은 지금 땅을 줄임이 옳지 않다는 것을 대강 들어서 다음과 같이 진술하였습니다.,[],['임이 옳지 않다는 것'],[],[],[],1,0,0,0,0,0,0,
written_data_30.json,7152b0b2-390a-454b-b2a2-df5b44175cd8,709,"지금 각 읍에서 모두 군사를 나누어 둔을 치고 지키는데 우리 본읍과 서로 떨어지기가 멀지 않은 곳에 유수 한 군졸을 나누어서 버티어 지키게 하니, 백성이 편안하지 못합니다.",[],['기가 멀지 않은 곳에'],[],['편안하지 못합니다.'],[],1,0,0,0,0,1,0,
written_data_30.json,7152b0b2-390a-454b-b2a2-df5b44175cd8,711,"둘째로는 경원·경성 세 읍의 인민 내에 한마을에 모여 사는 장용 한 군정은 수가 많지마는, 겨우 호수의 명자만 등록되고 있는 모두 등록되지 않으므로 거개 누락된 것이 많은데, 그걸 끝까지 조사하여 이름을 나타내고자 한다면 인심이 고마워할 것이오니, 그대로 고과하지 않고 이전 사람의 그르친 일이 구애된다면 백성들이 마음을 하는 데가 없을 것입니다.",[],"['등록되지 않으므로', '고과하지 않고 이전']",[],[],[],0,1,0,0,1,0,0,
written_data_30.json,7152b0b2-390a-454b-b2a2-df5b44175cd8,713,"두 읍의 인물이<NAME> 하기를 기약하여 부역을 제한하여 공부와 부역을 일체 모두 감면하여 주고,<NAME>같이 수어 하고 힘써 싸우는 것으로 생계에 전 일할 수 있게 하고, 일을 맡은 사람은 다만 무휼을 더하여 평안한 위엄을 보인다면 사람마다 함께 죽기를 결단하고 싸울 마음이 있을 것이니, 적게는 능히 이 책을 지켜서 환란을 피하는 것이며, 크게는 그 장수를 따라서 싸우면 이기지 못은 것이 없으며, 공격하면 빼앗지 않은 것이 없을 것이므로, 수년이 되지 않은 사이에 마을은 넓어지고<NAME> 많아질 것이오니, 그 효과가 또한 크지 않겠습니까.",[],"['면 빼앗지 않은 것이', '년이 되지 않은 사이']",[],['면 이기지 못은 것이'],[],3,0,0,0,0,0,0,
written_data_30.json,7152b0b2-390a-454b-b2a2-df5b44175cd8,717,"그와 야인은 견융의 남은 종족으로서 기뻐하고 노여워함이 일정하지 않은 것은 짐승과 같아서, 은혜가 크고 감사하고 악의가 있으면 보복하게 되니, 이를 대우하는 방법은 그 백성을 믿을 수 없으며, 반드시 은혜로써 이를 복종시키고 또한 물질로써 이를 받고 야만 되니, 때때로 와서 변방 백성을 핍박하는 것은 보통 일이 아니고 오래된 노여움으로 말미암는 그 원망을 보복하는 것입니다.",[],['일정하지 않은 것은'],[],[],[],1,0,0,0,0,0,0,
written_data_30.json,7152b0b2-390a-454b-b2a2-df5b44175cd8,719,"이롭지 못하면 갑자기 돌아갔다가 얼마 안 지나서 정성스럽게 하여 귀순하는 자가 끊어지지 않으니, 이것은 임금의 덕을 알고 감사하여 제멋대로 날뛰는 마음이 지금부터 있는 것입니다.",['가 얼마 안 지나서'],"['끊어지지 않으니,']",[],['이롭지 못하면 갑'],[],0,1,0,0,1,1,0,
written_data_30.json,7152b0b2-390a-454b-b2a2-df5b44175cd8,721,"그 사람이 그렇게 하여 시위가 되기를 원하는 자에게는 그가 적은 것을 구애하지 말고 허락하여, 이를 멀리하여 건국 후를 예와 같이 대우한다면, 아들이 아버지에게 벼슬하고 아우가 형에게 벼슬하게 되니, 비록 그 땅에 머물러 있더라도 어찌 마음을 달리하겠습니까.",[],[],[],[],['구애하지 말고 허락'],0,1,0,0,0,0,0,
written_data_30.json,7152b0b2-390a-454b-b2a2-df5b44175cd8,723,"비록 그렇지마는 저 사람들의 한때의 기뻐하고 노여워함도 없이 중간에서 통역해 말하는 사람의 하는 도리에 달려 있으니, 믿을 만한 사람을 선택하여 시키되 너무 함부로 하지 말도록 하여 불화의 단서를 만들지 못하게 하고 서둘러서 화목을 하는 것이 옳겠습니다.",[],[],[],['를 만들지 못하게 하'],['부로 하지 말도록 하'],0,2,0,0,0,0,0,
written_data_30.json,7152b0b2-390a-454b-b2a2-df5b44175cd8,724,"저들은 그 통속이 없으므로 비록 도적질을 하고자 하더라도 나와 같이 거처하는 무리들과 모의할 뿐이며 여러 종족과 함께 행하지 않는 까닭으로, 만약 따라서 도적질을 당한 자가 있더라도 전사하거나 혹은 도적이 죽으면 반드시 그 값을 징수하게 되므로, 이로 말미암아 그를 따르는 자가 있게 되니 오히려 이것이 한 가지 다행한 일입니다.",[],['께 행하지 않는 까닭'],[],[],[],1,0,0,0,0,0,0,
written_data_30.json,7152b0b2-390a-454b-b2a2-df5b44175cd8,729,"두 읍에 거주하는 백성 안에서 만약 그가 다른 지역 각 고을에서 도망해 온 아전·관노·역자와 각 관사의 노비는 본 고을로 돌아가지 못하도록 영구히 그 마을에 소속시키고, 사처에서 노비가 나타나서 잡히면 그 집의 수령은 나이와 이름을 일일이 살펴 감사에게 보고하면, 감사는 형조에 공문을 보내고, 형조에서 계문하여 전농시 한에 혁파된 사사의 노비는, 나이가 서로 비슷한 만큼 그 본 고을에 주어 충당시켜 또한 다른 고을에 소속시킨다면 인물이 자연적으로 점차 많아질 것입니다.",[],[],[],['돌아가지 못하도록'],[],0,1,0,0,0,0,0,
written_data_30.json,7152b0b2-390a-454b-b2a2-df5b44175cd8,731,"으니 혹시 적중하지 않을는지 염려되지마는, 그러나 이 사람이 이을 045)에 앉아서 서로 옳다 그르다 하면서 천하의 계책을 결정한 사람이 있었는데, 하물며 저가 우리나라에서 나서 자랐으므로 함께 말하는 사람은 이'046)의 사람이요, 같이 의논하는 사람도 임무를 경험한 신하입니다.",[],['적중하지 않을는지'],[],[],[],0,0,0,0,0,1,0,
written_data_30.json,7152b0b2-390a-454b-b2a2-df5b44175cd8,732,신이 비록 지극히 어리석지마는 어찌 미처 보지 않은 것을 핑계하고 마침내 입이나 다물고 말을 아니하겠습니까.,[],['미처 보지 않은 것을'],[],[],[],1,0,0,0,0,0,0,
written_data_30.json,fb7c336a-88d9-4ddc-9608-743ae7ff6e30,736,"장령 <NAME>가 계하기를,""초하룻날 양녕 대군을 부르셨을 것에 신은 초차에서 잠깐만 뵈올 따름이리라 생각하였는데, 이제까지 돌아오지 않고 사격장에 출입하니 진실로 합당치 않습니다.""",[],['돌아오지 않고 사격'],[],[],[],0,1,0,0,0,0,0,
written_data_30.json,4fd4cc99-3838-4d71-a574-7a9fa6c08b77,740,"황해도 감사가 계하기를,""본도의 실농은 타도에 비해 더 심하오니, 내년 가을까지는 살인·강도·범간과 재물에 관계되는 일 및 남의 노비·전토를 빼앗은 뒤 도망한 노비를 잡아 관청에 고하는 경우 등을 제외하고 긴급하지 않은 여러 가지 송사는 일절 금하고, 오로지 생업에만 힘쓰게 하소서.""",[],['긴급하지 않은 여러'],[],[],[],1,0,0,0,0,0,0,
written_data_30.json,cc65a052-58f1-4c1e-bc62-3cb89c6725d2,745,하물며 세자의 원행은 진실로 국가를 위하여 소중한 일이니 <NAME>에게 의뢰하지 않고 아뢰고 대답함에 따라 틀림없이 하겠는가.,[],['의뢰하지 않고 아뢰'],[],[],[],0,1,0,0,0,0,0,
written_data_30.json,cc65a052-58f1-4c1e-bc62-3cb89c6725d2,746,"오직<NAME> 정성스럽고 순일하여 화사하지 않으며, 깊고 무거우며<NAME>가 있어 참으로 희대의 온 식 048)이며 세상을 보필할 큰 인재라.",[],"['화사하지 않으며,']",[],[],[],0,1,0,0,0,0,0,
written_data_30.json,cc65a052-58f1-4c1e-bc62-3cb89c6725d2,749,이전의 일은 기복에도 오히려 면함을 얻지 못하였거든,[],[],[],['함을 얻지 못하였거든'],[],0,0,0,0,0,1,0,
written_data_30.json,cc65a052-58f1-4c1e-bc62-3cb89c6725d2,765,그러하오나 사람이 효도를 다하지 못하면 온갖 것이 다 무너져서 충으로 옮겨 갈 바탕이 없어집니다.,[],[],[],['를 다하지 못하면 온'],[],0,0,0,0,1,0,0,
written_data_30.json,cc65a052-58f1-4c1e-bc62-3cb89c6725d2,767,"신은 어미가 살았을 때 조석으로 보살피는 등 좋은 음식으로 봉양함을 다하지 못하여 자식의 직분을 못하였사오니, 예제에 비추어 보아 마땅히 끊어버리셨어야 한다는 것이옵거늘 도리어<NAME>을 입사와 지위가 백관의 으뜸으로 여겨 사람이 쳐다보는 바가 되었습니다.",[],[],[],['을 다하지 못하여 자'],[],0,0,0,0,1,0,0,
written_data_30.json,cc65a052-58f1-4c1e-bc62-3cb89c6725d2,769,"더군다나 이제 전하께서는 사직과 생민을 보하여 특별히 세자로 하여금 명나라에 들어가 황제께 뵈옵게 하심에 어찌 만 리의 노고를 생각하지 아니하옵시거든, 신이 비록 기가 둔하오나 외람되게 재보에 있어서 신하는 몸을 어찌 감히 아끼어 행역을 꺼리겠나이까.",[],['생각하지 아니하옵시거'],[],[],[],0,0,0,0,1,0,0,
written_data_30.json,cc65a052-58f1-4c1e-bc62-3cb89c6725d2,770,"돌아보옵건대, 그 중요한 소임은 기회를 놓치지 않고 동궁을 열고 가서 황제께 뵈옵는 일이옵니다.",[],['를 놓치지 않고 동궁'],[],[],[],1,0,0,0,0,0,0,
written_data_30.json,cc65a052-58f1-4c1e-bc62-3cb89c6725d2,772,"만일에 스스로 자신의 능하지 못함을 돌아보지 아니하고 사퇴 하기를 즐겨 하지 않고 맡을 바가 아닌 일을 맡았다가, 국가가 실수하여 국가에 부끄러움이 이르게 되오면 신의 죄는 몸이 모두 가루가 될지라도 어찌 속죄할 수가 없겠습니까.",[],"['즐겨 하지 않고 맡을', '돌아보지 아니하고 사']",[],['의 능하지 못함을 돌'],[],0,2,1,0,0,0,0,
written_data_30.json,cc65a052-58f1-4c1e-bc62-3cb89c6725d2,775,"【 태백산 사고」는 12책 38권 1장 B 면 【 국편<NAME>본 】 3책 96면
【 분류 】 인사 - 관리/풍속 - 예속 - 외교 - 명

[047] 복속 - 재상으로서 그 소임을 감당하지 못하는 사람들[048]온식:많은 지식을 쌓은 사람.",[],[],[],['감당하지 못하는 사'],[],1,0,0,0,0,0,0,
written_data_30.json,7e0106cd-9665-491d-a484-69d5217ecd44,776,"사헌부에서 <NAME>이 아내를 죽인 일에 계하니, 임금이 말하기를,""전에 사헌부에서 추핵하여 사죄에 해당한 일을 아뢰므로 형조에 보내어 율에 비추어 시행하게 하였으나, <NAME>과 관련한 자는 비록 율에 비추어 보지 않더라도 사죄가 되는 일이 분명하다. 따라서 사죄로서 의심쩍은 자는 사헌부에서 율에 비추어 죄가 아니게 확정된 다음에 형조로 넘기는 것이 옳겠으니, 그러므로 사헌부는 그리 알라."" 하였다.",[],['추어 보지 않더라도'],[],[],[],0,1,0,0,0,0,0,
written_data_30.json,153ab54f-aaf7-4c09-ba47-794176544641,779,"나를 드디어 정부와 육조에 내려서 의논하게 하니, 모두가 말하기를,""옳다.""라고 하므로, 이에 호조에 아뢰는 화매할 것의 일을 주장하고 담당할 사람을 결정하여 아뢰라 하니, 호조 <NAME> 등이 계하기를""풍저창·군자감·내자시·내섬시·인순부·인수부 등 각사의 묵은 쌀은 매달 1백 석을 화매하며, 군자·안구와 위의 각사의 관리에게 맡겨서 교지에 따라 돈을 받고 벌을 주되, 한 사람에게 한 말이 넘지 않도록 하소서.""",[],['말이 넘지 않도록 하'],[],[],[],0,1,0,0,0,0,0,
written_data_30.json,814cf93c-437a-424d-a1ca-2175778ddfb0,783,"<NAME> 이에 후하여 부화하지 않았으며, 침 정하여 지조를 지키었다.",[],"['부화하지 않았으며,']",[],[],[],0,0,0,0,0,1,0,
written_data_30.json,814cf93c-437a-424d-a1ca-2175778ddfb0,786,"일은 일을 처리함에는 작은 일에 구애되지 않았고, 몸가짐과 행실을 접함에는 오로지 사랑과 은혜 베풀기에 힘썼다.",[],"['구애되지 않았고,']",[],[],[],0,0,0,0,0,1,0,
written_data_30.json,814cf93c-437a-424d-a1ca-2175778ddfb0,789,어찌하여 하늘이 남겨 마지 아니하여 갑자기 슬픔을 주었는고.,[],['남겨 마지 아니하여 갑'],[],[],[],0,1,0,0,0,0,0,
written_data_30.json,9d35cbf6-eb88-4176-80cd-598081923b17,799,"하니, 판서 <NAME>이 대답하기를,""그 법이 이미 정해졌으나 본보에서 아직 거행하지 않았습니다.""",[],['거행하지 않았습니다'],[],[],[],0,0,0,0,0,1,0,
written_data_30.json,9d35cbf6-eb88-4176-80cd-598081923b17,800,"하니, 임금이 말하기를,""그러면 그 지함을 죄주는 것은 불가하지 않은가. 논란하지 말라. 결송관이 이것을 들으면 장차 족히 깨달을 것이다."" 하였다.",[],[],[],[],['논란하지 말라. 결'],0,0,0,0,0,1,0,
written_data_30.json,9d35cbf6-eb88-4176-80cd-598081923b17,802,"전자엔 <NAME>이 말 하기를,'명나라 임금을 대접하는 잔치 외에는 비록 가벼운 잔치일지라도 소 잡는 일을 없애자.'하였거니와, 나도 생각하건대, 본국 군신이 외국 사신과 함께 하는 때 외에는 소를 잡지 말아서 백성에게 그 중함을 보이는 것이 될 것이다.",[],[],[],[],['소를 잡지 말아서 백'],0,1,0,0,0,0,0,
written_data_30.json,2b9429c7-a7d2-4225-bc15-e49ceb545e7b,823,"왕세자가 자리에 오르고, 3품 이상이 뜰 가운데 위계를 두고 겹줄로 나아가 재배하면, 왕세자는 답하지 아니한다.",[],['는 답하지 아니한다.'],[],[],[],0,0,0,0,0,1,0,
written_data_30.json,d7b38de7-10f4-4c21-887c-8983e69b6ccc,837,"이조 판서 <NAME> ·예조 참판 <NAME> 등이 계하기를,""지금 칙서를 가지고 오는 백호는 하나가 흠차가 아니니 대접하는 예절은 급을 올리고 등위를 밝혀야 할 것입니다. 의복은 약간 고운 무명을 가진 것이며, 또 중국 사신이 매우 귀중히 여기는 것은 초구이니 이번에는 초구를 주지 말고, 매일 말을 하지 말게 하소서.""",[],[],[],[],"['구를 주지 말고, 매', '말을 하지 말게 하소']",0,1,0,0,0,1,0,
written_data_30.json,d7b38de7-10f4-4c21-887c-8983e69b6ccc,838,"하니, 임금이 말하기를,""그 밖에도 줄일 만한 일을 줄이는 것이 가하나, 이번에 갖옷 주는 것은 전날 황친에게 치제를 내릴 적에 본국과 관계있는 일이 아니었지마는 오히려 행하였으니, 이번이 특별히 흠차는 아니라고 하나 오로지 세자의 일을 맡아 오는 것이니, 우리는 갖옷 주는 일을 하지 않을 수 없다."" 하고, 이에서 전조 가운데가 초피의 귀천을 물으니, 판부사 <NAME>이 대답하기를,""전조에는 초피가 극히 귀하였습니다."" 하였다.",[],['일을 하지 않을 수'],[],[],[],1,0,0,0,0,0,0,
written_data_30.json,5880bfae-4941-49be-81e1-3a6851298661,844,"하니, <NAME>이 아뢰기를,""비록 예부에 청하더라도 혹시 주달하지 아니게 두렵사오니, 전조에 <NAME> 의 직질을 친왕의 예에 비겨서 대접한 것과 <NAME> · <NAME> 황제가 총대 줄 연유를 갖추어서 예부에 자문을 통하는 것이 더 좋을까 합니다.""",[],['주달하지 아니게 두렵'],[],[],[],0,1,0,0,0,0,0,
written_data_30.json,5880bfae-4941-49be-81e1-3a6851298661,846,"하니, <NAME>가 아뢰기를,""말로는 묻는 것이 옳은 일이며, 글로써 자문을 구하는 것은 옳지 않습니다.""하고, <NAME>은 말하기를,""만약 성사하기를 이는 자문을 통하는 것이 가장 좋을 듯합니다,""하매, 임금이 말하기를,""이 일이 심히 크니 모름지기 다시 만나 의논하여 아뢰라.""",[],['것은 옳지 않습니다.'],[],[],[],0,0,0,0,0,1,0,
written_data_30.json,5880bfae-4941-49be-81e1-3a6851298661,847,"<NAME>가 아뢰기를,""다시 <NAME> · <NAME>과 의논하니, 다 이르기를, 자문에 옛일을 인용하지 말고 가장 높고 낮은 사람의 관복이 등급이 없다는 것으로써""함이 가하다고 하옵니다.""하였다.",[],[],[],[],['인용하지 말고 가장'],0,0,0,0,0,1,0,
written_data_30.json,536c65f9-c6b5-4216-bae9-b394dfaa6cb1,850,"하니, 이조 판서 <NAME>가 대답하기를,"" <NAME>에서는 요동 토관의 유가 아닙니다. 뒷날 아침 내사가 나와도 말을 주는 것이 두 필을 주지도 않을 것이오니, 후박의 차등이 없게 되므로 모름지기 약례에 좇아 말 한 점을 주는 것이 옳을 것 같습니다."" 하였다.",[],['필을 주지도 않을 것이'],[],[],[],1,0,0,0,0,0,0,
written_data_30.json,0ab08714-86bc-4031-aa80-2a3fe3acccfa,852,"수원 부사 <NAME>가 사조하니, 그에 인견하여 말하기를,""근년에 홍수와 한재가 겹쳐서 염려하지 않을 것 없다. 그대는<NAME> 054)을 지내어 나의 근심을 더욱 잘 될 것이니 마음을 써서 무휼 하라."" 하였다.",[],['염려하지 않을 것'],[],[],[],1,0,0,0,0,0,0,
written_data_30.json,fd58df81-e026-4f96-ba0c-165d3c1b5514,855,"그리고 칙서에""세자가 와서 조 근 하고자 한다는 말씀을 들으니 이미 왕 부자의 충경 한마음을 알겠도다. 그러나 임금은 이제 부지런히 학문에 힘쓸 나이를 당하였고, 더구나 먼 곳에 산을 넘고 물을 건너는 것이 쉽지 않으니, 그 오는 것을 막는 것이요, 만일 이미 떠났더라도 또한 도로 건너게 하라. 이에 함께 하노라."" 하였다.",[],"['것이 쉽지 않으니,']",[],[],[],0,0,0,0,1,0,0,
written_data_30.json,5872bff4-2f01-4c10-ac8a-40997f0f5999,858,"사간원에서 상소하기를.""신 등이 있게 생각하옵건대, 신하가 되어 위를 공경하는 마음이 있으니 죄가 이보다 큼이 없을 것입니다. 의 <NAME> <NAME>는 공주가 떠날 때에 남의 첩을 보내고 음란하고 더러운 일을 자행하였삽고, 공주가 돌아가셨을 때에도 근심하고 슬프하는 마음이 없었으며, 또한 그 첩이 도망한 것을 찾느라고 왕자가 피접하고 그곳에서 광포 한 짓을 하게 부렸사오니, 공경하고 삼가는 마음이 없음이 심하였으나 전하께서 그 너그러움과 인자하심으로써 죄책을 가하지 않으셨으니 은혜가 지극히 우악하였습니다.""",[],['을 가하지 않으셨으니'],[],[],[],0,0,0,0,1,0,0,
written_data_30.json,5872bff4-2f01-4c10-ac8a-40997f0f5999,859,"금년 3월에 헌릉의 전향하는 명을 받고 향을 받드는 자가 어찌에 갔는지를 알지 못하고 망령되이 살아가다가 누문 밑에 이르러서야 비로소 알고서는, 그리고도 감히 쫓아 찾지를 않고 다른 사람을 시켜서 죄를 독촉하게 하였사오니, 이 어찌 신하가 위를 섬기고 공경하고 삼가는 소위이겠습니까.",[],[],[],['지를 알지 못하고 망'],[],0,1,0,0,0,0,0,
written_data_30.json,5872bff4-2f01-4c10-ac8a-40997f0f5999,860,"그때에 사헌부가 연유를 갖추어 신청하였사오나, 또 죄를 주지 않으시고 다만 그에에의 출입을 하지 못하도록만 하셨사오니, 휘로서는 진실로 교명을 우러러 생각하고 밤과 밤을 느끼고 깨달아 마음을 고치고 생각을 바꾸는 것이 마땅하옵거늘, 도무지 이를 돌아보지 못은 명을 받잡고 나와서도 도리어 이를 꾀하는 마음을 내어 녹패를 광흥창에 들여서 녹을 받아든 것을 꾀하였사오니, 봉창의 녹을 받는 죄는 이미 부당하옵거든",[],['죄를 주지 않으시고'],[],"['입을 하지 못하도록만', '돌아보지 못은 명을']",[],1,1,0,0,1,0,0,
written_data_30.json,5872bff4-2f01-4c10-ac8a-40997f0f5999,862,"이것으로 휘의 마음을 살펴보건대, 자신이 있게 하신 것을 죄로 내리심인 줄을 생각지 않고 옳을 생각하는 버릇이""조금도 허물을 뉘우치고 스스로 새롭고자 하는 뜻이 보이지 아니하오니, 어찌 징계하는 마음이 있겠습니까. 전하를 공경하는 마음이 없음은 사실에 드러났사오니, 전하께서는 대의로 결단하시와 유사에 내려서 율에 따라 죄를 짓도록 명하소서."" 하였다.",[],"['을 생각지 않고 옳을', '이 보이지 아니하오니,']",[],[],[],0,0,0,0,2,0,0,
written_data_30.json,5f19a703-2d68-4445-a188-9f4288b3e4d3,864,"좌정언 <NAME>이 계하기를,""의산군 <NAME>는 견책을 받고 있다을을 때에도 경계하고 두려워하는 마음이 없고, 나오자마자 녹을 타는 것에만 급급하였사오니 그 염치없음이 막심하므로, 그 등이 어제 사유를 갖추어 거듭 청하였사오나 이제까지 가부의 뜻을 알지 못하옵니다.""",[],[],[],['뜻을 알지 못하옵니다'],[],0,0,0,0,0,1,0,
written_data_30.json,f73adb4a-a245-4e2d-a6ec-f7f630a129c4,867,"임금이 임금 이하 문무 여러 관원을 거느리고 의식에 따라 하정 표전에 배례하고 또 회주를 보내는데, 그 주문에 이르기를,""신 아무는 세자 전하를 보내어 경사에 조현 하기를 이미 뜻하옵던 차에 선덕 2년 10월 25일 요동 도지휘사사 겸을 지휘 <NAME>과 천호 유정(<NAME>)을 보내어와서 칙유를 받자온 바 말씀하옵시기를,'세자가 제 조 근""를 한다는 말을 들으니 이미 왕 부자의 충경 한마음을 알겠도다. 그러나 그는 이제 부지런히 학문에<NAME>과 나이를 당하였고, 더구나 먼 길을 산을 넘고 물을 건너는 길도 쉽지 않으니, 그 오는 것을 그만둘 것이요, 만일 멀리 떠났더라도 도로 돌아가게 하라. 삼가 흠차 하노라.'",[],"['길도 쉽지 않으니,']",[],[],[],0,0,0,0,1,0,0,
written_data_30.json,f73adb4a-a245-4e2d-a6ec-f7f630a129c4,869,"이에게 따르지 않을 수 없사옴을 삼가 아뢰옵나이다."" 하였다.",[],['게 따르지 않을 수'],[],[],[],1,0,0,0,0,0,0,
written_data_30.json,b9d3fc59-4be4-4b64-8d79-17046075b254,873,"좌의정 <NAME>가 대궐에 나아가 글을 올리기를,""신에게 기복을 명하신 것은 오로지 세자를 모시고 폐하에 궁정에 들어가 황제께 뵈옵게 하려 함이 이었사온데, 이제 세자는 이미 조현을 하시지 않게 되었고, 또 국가는 전하가 무사하므로 이 기복은 혐의가 깊사오니, 엎드려 바라옵건대, 돌아가 최복을 입고 삼년상을 입도록 허락하시옵소서.""",[],['을 하시지 않게 되었'],[],[],[],0,1,0,0,0,0,0,
written_data_30.json,b9d3fc59-4be4-4b64-8d79-17046075b254,874,"하니, 임금이 말하기를,""나의 기복은 단지 세자의 <NAME>을 위한 것이 아니다. 다만 대신의 기복은 조종이 세우신 법이니 말한 바는 결코 허락하지 않을 것이다."" 하였다.",[],['허락하지 않을 것이'],[],[],[],1,0,0,0,0,0,0,
written_data_30.json,cd407f9d-8d09-4cb4-a773-d5992b9a6b8a,879,"임금이 조계 밖에 여러 신하에게 말하기를,""나의 몸가짐을 보아 그 마음가짐을 알 수 있으니, 사신의 불초함이 어찌 이번에 온 <NAME>와 같을 리 있으랴. 황제가 내관을 보내지 않고 이들에게 일러 준 것은 정히 폐를 덜기 위함인데, 이들은 이 세상을 돌아보지 않고 조그마한 이익을 위하여 여러 가지 입을 여니 참으로 저잣거리의 경박한 무리 같도다.""",[],"['을 보내지 않고 이들', '돌아보지 않고 조그']",[],[],[],0,2,0,0,0,0,0,
written_data_30.json,cb5f7539-459f-44ff-8af6-f454b0774698,891,"임금이 말하기를,""다시 들으니 이사검이 바친 송골매가 발을 다쳤다 하니 진상하지 않는 것이 좋지 않겠는가.""",[],['진상하지 않는 것이'],[],[],[],1,0,0,0,0,0,0,
written_data_30.json,ee519f10-5de7-4ca2-af51-41ef601c3bc5,895,"예조에서 계하기를,""외방 각 사람은〈수령으로〉하여금 의원 생도는「한 일을 시키지 말고〉오로지 의업만 익히도록 하여, 재주가 능한 사람을 뽑아서 전의감과<NAME>국에 보내게 하소서.""",[],[],[],[],['을 시키지 말고〉오로'],0,1,0,0,0,0,0,
written_data_30.json,ee519f10-5de7-4ca2-af51-41ef601c3bc5,896,"하므로, 정부와 의논을 내려 의논하게 하니, 모두 합의하여 계하기를,""매년 말에 감사가 직접 보내되 2,3명을 넘지 말게 하고, 이에 적합한 자가 없으면 해마다 꼭 천거하지 않아도 되겠습니다.""",[],['천거하지 않아도 되'],[],[],['명을 넘지 말게 하고'],0,1,0,0,0,1,0,
written_data_30.json,49e0beef-fd4f-4e0d-bb0d-42949e525bec,900,"다음에 <NAME> ·예조 판서 <NAME> ·형조 판서 <NAME> 등이 의논하기를,""아무리 훈친이라도 십악죄를 범하면 용서하지 못을 고로, <NAME>의 아들 <NAME> 도 일찍이 죄를 받았으니,<NAME>의 죄를 법에 따라 처벌해야 합니다.""",[],[],[],['용서하지 못을 고로'],[],1,0,0,0,0,0,0,
written_data_30.json,c5792a7e-b4ac-4903-9122-078236d34749,904,"<NAME>가 다시 계하기를,""각도의 검에 별감을 이러한 심한 추위에도 아직 돌아오도록 부르지 않았사온데, 대개 매 잡는 기구는 그 높은 봉우리 위에 설치하였을 것인즉, 외방의 궁한 밤을 새벽부터 저물도록 지켜서 어째서 많은 백성이 추위에 떨고 있는지 모르겠사오니, 채방 별감을 소환함이 어떠하옵니까"" 하니, 그가 말하기를,""다른 사람의 추위도 나는 오히려 염려하거든 하물며 이제 그를 잡는 것 때문에 추위를 당하는 자가 매우 많을 것이니, 어찌 염려되지 않으리오. 그러므로 내가 진념하는 것은 곧을 잡는 일이 더욱 크다. 만약 채방 별감을 불러오게 되면 매 잡는 기구가 또한 더 해이해질 것이다."" 하였다.",[],['록 부르지 않았사온데'],[],[],[],0,0,0,0,0,1,0,
written_data_30.json,c5792a7e-b4ac-4903-9122-078236d34749,905,"<NAME>가 나가니, 임금이 두와 등에게 이르기를,""당초에 모두 말하기를 채방을 보내지 말라 하였고, 이제 또 소환하기를 청하는 것은 다만 이조 판서만이 아니다. 그러나 금년에 마음을 다해서 매를 잡을 수 무엇에 없는지의 단서를 알아 본 후에 그만두는 것이 옳겠다."" 하고, 인하여 각도 감사와 함께는 별감에게 전지하기를,""조응·각응·황응은 잡을 때가 이미 있고 해청은 늦지 않았으니, 금년에 모름지기 잡아서 바칠 것이며, 그런 틀을 더욱 연구하고 다듬는 것이 옳겠다."" 하였다.",[],"['청은 늦지 않았으니,']",[],[],['을 보내지 말라 하였'],0,0,0,1,1,0,0,
written_data_30.json,dab445ae-277c-4517-976f-3ace98e81215,919,"임금이 풍저창과 군자감을 하는 일에 대하여 말하기를,""금년은 심한 흉년이며 겨울 날씨가 또 순조롭지 아니아 내년의 흉풍을 다시 기약할 수 없으니,<NAME> 하는 것은 옳지 못한 일일 따름이나 같고, 또 흉년이 들면 주린 백성을 모아서 먹이고 부역시키는 법이 옛 법이기도 하다.<NAME>을 중지하는 것과 주린 백성을 끌어 먹여서 부역시키는 방법은 이 두 가지 중 적당하고 적당하지 않다는 것을 다시 의논하여 아뢰라.""",[],"['적당하지 않다는 것', '순조롭지 아니아 내년']",[],['것은 옳지 못한 일일'],[],2,0,0,0,1,0,0,
written_data_30.json,dab445ae-277c-4517-976f-3ace98e81215,923,"하니, 임금이 말하기를,""그렇다. 문묘의 개천에 하는 역사에는 그중들의 부역을 금지하였으니, 금후로는 다시 승도들로 하여금 공관을 짓게 두지 말라."" 하였다.",[],[],[],[],"['짓게 두지 말라.""']",0,0,0,0,0,1,0,
written_data_30.json,e84d3e87-8cd9-4d58-bf67-317b3f059cc7,927,"길에서 쓸데없이 지체하지 말고 이달 초 1일까지 다시 복명 받도록 하라.'라고 하였사오니, 성부를 범영에게 딸려 요동에 갔고 그 받은 물품은 물을 곳이 없어서 전혀 모르겠다고 하여 회답하고자 하옵니다."" 하니, 그대로 따랐다.",[],[],[],[],['지체하지 말고 이달'],0,0,0,0,0,1,0,
written_data_30.json,aaa9a693-9908-496f-ac48-1695a818280a,932,"하니, 공조 참판 <NAME>이 말 하기를,""변진 대감은 백호를 이미 지내면 비로소 봉죽 네 사람을 받게 허락되고, 또한 몸소 구실을 치르지 않게 되기 때문에 모두 하고자 하옵니다.""",[],['을 치르지 않게 되기'],[],[],[],0,1,0,0,0,0,0,
written_data_30.json,58bafad0-4f92-4138-8532-0e6c6e81706c,940,"하니, 임금이 말하기를,""학업을 폐한다는 말은 그럴듯한 말이나, 조계하는 시간이 길지 않으며 또 세자가 아직도 어려서 사리를 알지 못한다. 예전 일을 보면, 송 나라의 사신이 정사를 들을 때에 들어와서 있었다고 하니,""조계에는 참예하지 않더라도 매일 두 차례씩 들어와서 문안을 하니, 조계 때에 문안을 함께 하는 것이 어떠할까.",[],"['간이 길지 않으며 또', '참예하지 않더라도']",[],['리를 알지 못한다.'],[],0,1,0,0,0,2,0,
written_data_30.json,58bafad0-4f92-4138-8532-0e6c6e81706c,941," 하니, <NAME> · <NAME> 등이 아뢰기를,일이 없으면 2,3일씩 하는 조계가 있사오니, 한 달 중의 조계가 10여 일에 이르지도 않습니다.",[],['에 이르지도 않습니다.'],[],[],[],0,0,0,0,0,1,0,
written_data_30.json,145ce9ac-8268-44d2-a74d-6a784f3d3165,945,"이제 목전의 일로서 못 씀하오 면, 혼인에 시기를 잃음은 작은 것이 아니 온대, 지금 혼인하는 연한을 정하여 시기를 어기는 한탄이 없게 하였으며, 또한 혼인할 때에 능단을 쓰지 말고 모두 명주와 의복을 쓰도록 영전에 실려 있으나, 이것의 헛치레를 숭상하여 본국 산물을 쓰기를 부끄러워하므로 이에 시기를 잃는 원인이 되고 있습니다.",[],[],['일로서 못 씀하오'],[],['단을 쓰지 말고 모두'],0,1,0,0,1,0,0,
written_data_30.json,145ce9ac-8268-44d2-a74d-6a784f3d3165,948,이렇게 하여도 혼인하는 집이 별다른 것을 귀하게 여기지 아니하여 저절로 시기를 잃지 않게 될 것입니다.,[],"['기를 잃지 않게 될', '게 여기지 아니하여 저']",[],[],[],0,2,0,0,0,0,0,
written_data_30.json,145ce9ac-8268-44d2-a74d-6a784f3d3165,951,"중국 정치에서 가장 먼저 구휼해야 할 일은 노인인데, 그 노인이 아직 의탁할 곳이 없고 또 전할 될 재물이 없으면 비록 친족이 있어도 마땅히 구제되지 못하여 반드시 춥고 굶주리게 할 것입니다.",[],[],[],['구제되지 못하여 반'],[],0,1,0,0,0,0,0,
written_data_30.json,145ce9ac-8268-44d2-a74d-6a784f3d3165,952,"원하옵건대 앞으로는 80세 이상으로서 봉양할 자손이 없는 노인은 친족의 유무를 물론하고 그 안은 한성부, 외방은 수령으로 하여금 살뜰히 하고 문안하고, 관에서 옷을 입을 것을 주어서 살아갈 길을 잃지 않게 하소서.",[],['길을 잃지 않게 하소'],[],[],[],0,1,0,0,0,0,0,
written_data_30.json,145ce9ac-8268-44d2-a74d-6a784f3d3165,953,그리고 지금 매를<NAME>하기 위하여 각도에 사신을 보내었으니 이것이 비록 전하의 사대의<NAME>이오나 지금 역전 063) 하는 노고와 공급하는 비용을 생각하지 못을 수 없습니다.,[],[],[],['생각하지 못을 수'],[],1,0,0,0,0,0,0,
written_data_30.json,33149452-9084-4e1b-a2de-ebbc5ce85ece,958,"사헌부에서 계하기를,""한성부 판부사 <NAME> ·윤( <NAME> ·판관 <NAME> 등이,<NAME> 관찰사 안 <NAME>의 아내 양 씨가 왕 씨와 더불어 노비 다툼으로 서로 송사하는 일을 벌로 함에 있어, 세가 대족의 소송이기 위하지 처결하기를 꺼려서 오래 끌고 판단하지 않으며, 비록 상피가 없는데도 상피라 일컫고 얼버무려 아뢰었으니, 소의 죄를 율대로 보면 소는 장 90에 도 2년 반이요, 견은 장 80에 가 2년이며,<NAME>은 장 70에 도 1년 반의어가 해당하옵니다.""",[],"['판단하지 않으며,']",[],[],[],0,0,0,0,0,1,0,
written_data_30.json,33149452-9084-4e1b-a2de-ebbc5ce85ece,959,"하니, 소에게는 태 50을 속으로 바치게 되고 견과<NAME>은 논죄하지 않고 명하니, 대사헌 <NAME>이 계하기를,""종선 등의 죄는 말감 않는 것이 옳지 못하오며, 또 소에게 태 50을 속으로만 바치게 되면 다시 그 벼슬에 복직하게 되오니 더욱 불가하옵니다. 청하옵건대 제는 죄를 다스리게 하소서.""",[],['논죄하지 않고 명하'],[],"['것이 옳지 못하오며,']",[],0,1,0,0,1,0,0,
written_data_30.json,2470dd2c-0a6b-4b7f-83af-075c0901fc79,966,"하니, 최견은 다른 것은 제외하고 파직만 시킬 것이며,<NAME>은 거론 가지 말라고 명하였다.",[],[],[],[],['거론 가지 말라고 명'],0,0,0,1,0,0,0,
written_data_30.json,37faa7d5-4906-4293-84b6-1d65aac28f0a,968,"경연에 있는《강목 통감》을 강론하다가,"" <NAME>이 죽어서 그 아들이 상중에 있는데, 황제가 근신에게 명하여 그 자리에 가서 기복 해라라는 명을 전하라 하였더니, 근신이 돌아와 아뢰기를 그 사람은 매우 애통하여 그지없사오므로 신이 그 명을 받지 못하였습니다.""라고 한 대목에 이르러서 참찬관 <NAME>이 계하기를,""근자에 기복한 신하가 하나 없게 아니 오니, 신은 두렵건대, 기복하라는 명이 한 번 내리면 조정의 관원 중에 기복 하는 이가 자못 많을 것이며, 아래에서 보고 느끼는 것 또한 유행처럼 쏠리게 될까 걱정입니다.""",[],[],[],['명을 받지 못하였습니'],[],0,0,0,0,0,1,0,
written_data_30.json,37faa7d5-4906-4293-84b6-1d65aac28f0a,969,"하니, 임금이 말하기를,""앞으로는 대신으로서 이는 유무가 능히〈국정에 관계되는〉이가 아니면 기복하게 가지 않는 것이 좋겠다."" 하고, 그 성에게 이르기를,""오는 봄에 환자곡을 나누어 주어 진휼 구제하는 등의 것을 늦출 수 없으니, 다른 해에 비할 바가지가 아니다. 감사와 감사가 반드시 행이를 기다린 뒤에 시행하면 일이 늦어서 미치지 못할 것이므로 그 수가 적지 않다. 하물며 근간에 수령이 행이를 기다리지 아니하고 환자곡을 분배로 주었다고 하여 죄를 물어 파직된 여기까지 있었다 하니 도대체 어떻게 할 일인가. 만약 굶주린 백성 중에 환자곡을 받고자 하는 자가 있거든 곧 나누어 주고는는 교지를 반포함이 어떠하겠는가. 이런 것들을 의논하여 아뢰도록 하라."" 하였다.",[],"['하게 가지 않는 것이', '수가 적지 않다. 하', '기다리지 아니하고 환']",[],['서 미치지 못할 것이'],[],2,1,0,0,0,1,0,
written_data_30.json,06a05ddb-fd77-4a2c-b84e-a66eda9b40d8,976,"예조에서 계하기를,""문무과 회시에 대간이 올 때의 행례 하는 절차는, 《원전》및 《속전》의 집 한 거처의 예에 의하여 3품 이상의는 앉았으면 뒤에 들어오는 3품 이하를 맞이하되, 은신하여 예를 행하는 예는 이미 정한 것에 의하며, 2품 이상이 이르면 대간원은 중문 안 동쪽에서 읍을 맞이하고, 2품 이상이 읍을 행하고 당에 올라서 자리에 나아가면, 대간원이 먼저 월대 뒤에 나아가서 뵙기를 청하여 앞에 나아가서 재배한다. 2품 이하를 우대하여 답례하고 있는 3품 이하는 직차대로 섞여서 앉으며, 전송하는 예는 영접하는 것과 같습니다.""",[],[],[],[],[],0,0,0,0,0,0,0,부정 아님
written_data_30.json,be60ca1e-f093-4226-b355-1de0e6906e38,991,"<NAME> <NAME>이 글로 계하기를,""금년 11월 14일에 황제에 이르니, 도독 왕진과 흠차 포옹하여서 사대인이 해청과 황응을 모두 못내 칭찬하며 말하기를,'우리는 이십사 위의 군인을 거느리고 한 달 동안 잡으려 하였으나 못 잡았는데, 너의 군사를 사대하는 지극한 정성으로 능히 이렇게 귀한 매를 얻었으니 황제가 심히 기뻐할 것이라.'했습니다. 신이 16일 요동을 떠나고자 하였삽더니 의주의 아들 이 근 고가 전지를 데리고 와서 정지하라고 하므로 그대로 머물러 명을 기다리옵니다.""",[],[],['하였으나 못 잡았는데'],[],[],0,0,0,0,0,1,0,
written_data_30.json,be60ca1e-f093-4226-b355-1de0e6906e38,992,"하니, 전지하기를,""사검이 요동을 건너지 않았거든 머물러 기다리라.""라고 하는 것의 내용이었는데, 평안도 감사 <NAME>이 전지의 의미을 잘못 알고 요동에서 멈추게 한 것이었다.",[],['을 건너지 않았거든'],[],[],[],0,1,0,0,0,0,0,
written_data_30.json,1c5722f2-cc0b-4b08-99e4-8ebe0a5149e0,997,"하니, 우가 또 대답하기를,""울산에 두 성이 있으나 군호가 있지 않으므로 수어 하기가 어렵습니다.""",[],['호가 있지 않으므로'],[],[],[],0,1,0,0,0,0,0,
written_data_30.json,1c5722f2-cc0b-4b08-99e4-8ebe0a5149e0,998,"하므로, 임금이 말하기를,""변경의 말을 내가 다 자세히 하지 못하니, 네가 가서 다시 살펴서 감사에게 알려 아뢰게 하라."" 하였다.",[],[],[],"['세히 하지 못하니,']",[],0,0,0,0,1,0,0,
written_data_24331.json,7818fc12-a20d-49b8-b7aa-368681d40ee2,7,"그 뜻을 간추려 설명한다면, 지기금지원위대강(至氣今至願僞大降：우주 본체 생명의 기운을 크게 받고자 하며)·시천주조화정(侍天主造化定：<NAME>님을 바르게 알고 바르게 모시면 <NAME>님 마음과 덕에 합할 것이며)·영세불망만사지(永世不忘萬事知：한평생 잊지 않고 생각하면 <NAME>님 도를 알고 그<NAME>를 받아 지극한 성인에 이를 것입니다)가 그것이다.",[],['평생 잊지 않고 생각'],[],[],[],0,1,0,0,0,0,0,
written_data_24331.json,d21d818d-e1cb-41d1-87b9-0d9bf2156263,25,이에 <NAME> 자신의 운명이 오래지 못할 것을 깨닫고 체포되기 전에 자신의 사상을 서술하기 위하여 전라도 선국사(善國寺) 은적암(隱寂庵)과 경주에 은신하면서 이 책을 저술하여 1863년 8월 14일에 당시 수제자인 <NAME>(崔時亨：호는 海月)에게 도통(道通)을 전수하고 이 글을 출판하여 경전으로 삼으라고 유시하였다고 한다.,[],[],[],['이 오래지 못할 것을'],[],1,0,0,0,0,0,0,
written_data_24331.json,d21d818d-e1cb-41d1-87b9-0d9bf2156263,40,당시 유교문화의 횡포하에서는 '기송사장지급'을 이단지교라고 배척하고 우리 한글마저 언서니 내서니 하며 천시하던 풍토 속에서 용감하게 우리 글과 말로써 저작·간행했다는 점에 주목하지 않을 수 없다.,[],['주목하지 않을 수'],[],[],[],1,0,0,0,0,0,0,
written_data_24331.json,d21d818d-e1cb-41d1-87b9-0d9bf2156263,44,"(1) ""옛날부터 봄과 가을이 바뀌고 4시의 성쇠가 변하지도 않고 변하지도 않는 것이니 이것은 한울의 조화가 천하에 드러난 것이다.""",[],"['가 변하지도 않고 변하', '고 변하지도 않는 것이']",[],[],[],2,0,0,0,0,0,0,
written_data_24331.json,d21d818d-e1cb-41d1-87b9-0d9bf2156263,46,"(2) 다음 장에서는 이러한 천도의 떳떳한 이치를 원시인간들은 알지 못한 채 살았다고 지적하고(愚夫愚民未知雨露之澤知其無爲而化矣), (3) 오제(五帝)때부터 성인들이 배출하여 글자를 만들고 천지도수와 일월성신의 운행하는 이치를 가르쳐서 모든 천리(天理)에 순종케 하여 덕치시대를 이루었다고 찬양하였다",[],[],[],['들은 알지 못한 채'],[],1,0,0,0,0,0,0,
written_data_24331.json,d21d818d-e1cb-41d1-87b9-0d9bf2156263,48,"(4) 하(夏)·은(殷)·주(周) 3대의<NAME>이 다하고 춘추전국(春秋戰國)시대가 되면서 사람들의 인심은 각자위심(各自爲心)이 되어 천명을 어기고 천리에 순종치 않는 어지러운 세상이 되었다고 개탄하고, (5) 근래에 와서는(수운의 당시) 모든 사람들이 불순도덕(不順道德)하고 미지시운(未知時運)하여 도탄중에 빠져 갈 바를 몰라 방황하고 있음을 크게 걱정하는 때에 전해들리는 말이 서양사람들은 천주를 위하는 뜻으로 부귀를 탐내지 않는다고 공언하면서 후진국들을 쳐서 빼앗고 천주당을 세워 서학을 펴고 있으니 내가 그럴 수 있을까 하고 의심하였다(傳聞西洋之人不取富貴攻取天下 立其堂行其道故吾亦有其然豈其然之疑).",[],['를 탐내지 않는다고'],[],[],[],0,0,0,1,0,0,0,
written_data_24331.json,d21d818d-e1cb-41d1-87b9-0d9bf2156263,51,"즉 ""<NAME>님이 나에게 말하기를 개벽 5년 만에 너(수운)를 세상에 내보내 이 법을 사람들에게 가르치게 하리니 의심하지 말라"".",[],[],[],[],"['의심하지 말라"".']",0,0,0,0,0,1,0,
written_data_24331.json,d21d818d-e1cb-41d1-87b9-0d9bf2156263,56,지자(至者)는 극(極)을 지라 하고 기자(氣者)는 허령이 창창하여 무슨 일에나 간섭하지 않는 데 없고 무엇에나 명령치 않는 데 없지만 형상키도 어렵고 보이지도 않는 혼원한 일기라(至者極焉爲至氣者虛靈蒼蒼無事不涉無事不命然而如形而難狀如聞而難是亦渾元之一氣也)고 하여 우주의 생성원리를 지기일원(至氣一元)으로 보았다.,[],"['간섭하지 않는 데', '고 보이지도 않는 혼원']",[],[],[],2,0,0,0,0,0,0,
written_data_24331.json,d21d818d-e1cb-41d1-87b9-0d9bf2156263,63,"그러기에 <NAME> ""나는 도시 믿지 말고 한울님만 믿어서라 네 몸에 모셨으니 사근취원(捨近取遠)하지 말라(敎訓歌)""하여 인간 외에 어떤 신이나 우상을 부인하고 내시천주(內侍天主)를 수행하는 자력적 신앙을 강조하였다.",[],[],[],[],"['도시 믿지 말고 한울', '取遠)하지 말라(敎訓']",0,0,0,0,0,1,0,
written_data_24331.json,d21d818d-e1cb-41d1-87b9-0d9bf2156263,96,신자가 국가와 민족을 위해 헌신하지 않는다면 참된 신앙인으로서의 모습을 찾을 수 없다는 것이 당연하다.,[],['헌신하지 않는다면'],[],[],[],0,1,0,0,0,0,0,
written_data_24331.json,d21d818d-e1cb-41d1-87b9-0d9bf2156263,98,"수운은 종교인들 사이에서 흔히 발견되는, 국가나 민족에 소속되는 것이 아니라, 절대자인 한울님의 신민이라는 사고를 용인하지 않는다.",[],['용인하지 않는다.'],[],[],[],0,0,0,0,0,1,0,
written_data_24331.json,d21d818d-e1cb-41d1-87b9-0d9bf2156263,100,"수운은 이러한 자신의 위치를 더욱 드러내 신앙인과의 관계를 알려 주고 있는데, ""나는 도시 믿지 말고 한울님만 믿었어라""고 효유한 <NAME>가 이러한 자신의 위치를 더욱 드러내 주고 있다.",[],[],[],[],['도시 믿지 말고 한울'],0,0,0,0,0,1,0,
written_data_24331.json,d21d818d-e1cb-41d1-87b9-0d9bf2156263,108,"온 세상 사람들이 각기 제 마음대로 천리에 순종하지 않고 천명을 돌보지 않으므로 항상 마음이 두려워 어찌할 바를 몰랐다든가, 우리나라는 나쁜 질병으로 가득 차서 백성들이 잠시도 편안할 날이 없으니 어려운 시련이 닥쳐 오리라는 것을 지적했으며, 서양의 세력이 점점 다가오는데 장차 보국안민할 계책이 과연 나올 것인가 하고 걱정하고 있다.",[],"['순종하지 않고 천명', '을 돌보지 않으므로']",[],[],[],0,0,0,0,2,0,0,
written_data_24331.json,d21d818d-e1cb-41d1-87b9-0d9bf2156263,125,"마음으로는 가정을 돌보려고 하지만 농사짓는 일을 알지 못했고, 글공부를 독실히 하지 않은 것은 벼슬하려는 마음이 없었기 때문이라고 자신의 심경을 밝히면서 복잡한 심경을 떨치고 일어나 구도를 위해 독공에 들어갈 것을 다짐하고 용담정에 파묻힌다.",[],['실히 하지 않은 것은'],[],"['일을 알지 못했고,']",[],1,0,0,1,0,0,0,
written_data_24331.json,d21d818d-e1cb-41d1-87b9-0d9bf2156263,130,이 글은 1863년 그가 신앙이 가장 왕성할 때 쓴 것으로 우주만물의 생성 과정에서 '그러한 것'과 '그렇지 않은 것'의 이치를 밝힌 글이다.,[],"[""'그렇지 않은 것'""]",[],[],[],1,0,0,0,0,0,0,
written_data_24331.json,d21d818d-e1cb-41d1-87b9-0d9bf2156263,132,"따라서, <NAME>는 불연과 기연의 새로운 이치를 발견하여 이론적으로 진리를 탐구하거나 사물을 관찰할 때 현상 그대로를 보지 말고, 그 현상이 나타난 동기를 살펴서 기연과 불연의 이치를 통해서 통일원리를 찾아내야 한다고 가르쳤다.",[],[],[],[],"['로를 보지 말고, 그']",0,0,0,1,0,0,0,
written_data_24331.json,d21d818d-e1cb-41d1-87b9-0d9bf2156263,138,<NAME>이 포교(布敎)를 시작한 지 3년에 이르러 많은 수의 교인들이 모여들었으나 도를 올바르게 이해하지 못하고 빨리 덕을 이루고자 함을 보고 이치를 밝혀 교인이 가져야 할 바를 자상하게 설명해 주고 있다.,[],[],[],['이해하지 못하고 빨'],[],0,0,1,0,0,0,0,
written_data_24331.json,d21d818d-e1cb-41d1-87b9-0d9bf2156263,154,"나도 잊지 않겠다고 다짐하지만, 용담이 역적의 소굴이라는 누명을 쓰게 된다면 가슴 아픈 일이라고 탄식하며 끝맺는다.",[],['나도 잊지 않겠다고'],[],[],[],0,0,0,1,0,0,0,
written_data_24331.json,d21d818d-e1cb-41d1-87b9-0d9bf2156263,169,"도인들의 사리에 밝지 않거나 참을성 없이 중도에서 그침을 개탄하면서, 그러한 자세는 바른 것이 아님을 일깨워 주고 있다.",[],['리에 밝지 않거나 참'],[],[],[],0,0,1,0,0,0,0,
written_data_24331.json,d21d818d-e1cb-41d1-87b9-0d9bf2156263,170,이 글은 원칙적으로 가사 8편 속에 넣지 않으나 매우 중요한 글이다.,[],['속에 넣지 않으나 매'],[],[],[],0,0,0,0,0,1,0,
written_data_24331.json,2be51eaf-9bd8-47a7-84f4-3e7ddb5fdf05,191,천도 교인들은 기본적으로 지켜야 할 준칙인 이 5관을 지키지 않을 시 교헌이 정하는 바에 따라 교인이 될 수 없다.,[],['을 지키지 않을 시'],[],[],[],1,0,0,0,0,0,0,
written_data_24331.json,2be51eaf-9bd8-47a7-84f4-3e7ddb5fdf05,209,"천도교는 타 종교와 달리 탄신이나 순도일을 경축하지 않고 득도, 도통 전수일을 경축한다는 것이 특징이다.",[],['경축하지 않고 득도'],[],[],[],1,0,0,0,0,0,0,
written_data_24331.json,6e6aff5b-e599-474e-8eab-98b48fb6f104,227,혁명군은 군사적인 훈련을 전혀 받지 않았음에도 불구하고 이 포제와 6임제를 통해 규율되고 기개 있게 싸울 수 있었다.,[],['전혀 받지 않았음에도'],[],[],[],0,0,1,0,0,0,0,
written_data_24331.json,6e6aff5b-e599-474e-8eab-98b48fb6f104,243,이 조직체계는 중앙 총부에서 말단 교인에게까지 교구를 통하여 일사불란하게 움직일 수 있으며 교구 단위의 별개 활동이나 독자적 활동은 허용하지 않으므로 단합된 조직의 힘을 보여줄 수 있다.,[],['허용하지 않으므로'],[],[],[],0,1,0,0,0,0,0,
written_data_24331.json,6e6aff5b-e599-474e-8eab-98b48fb6f104,249,속인 제는 동학 초기에 집단적인 기관을 갖지 못하였을 때 지역의 책임자를 정해 그 지역의 교인을 소속시켰던 제도로 접주제와 포제 그리고 연원제가 있다.,[],[],[],['관을 갖지 못하였을'],[],1,0,0,0,0,0,0,
written_data_24331.json,6e6aff5b-e599-474e-8eab-98b48fb6f104,256,"연원조직은 지역에 얽매이지 않고 전 교인과 수교인이, 또는 정신적 지도 관계를 중심으로 조직된 포 조직이다.",[],['얽매이지 않고 전'],[],[],[],0,1,0,0,0,0,0,
written_data_24331.json,8f7412a0-0cc0-416f-b80c-b550f251ce8a,286,다만<NAME>이 들어와 공식외교를 거치지 않고 포교를 한 것이며 이런 점에서 쉽게 토착화할 수 있는 기회를 얻은 셈이다.,[],['를 거치지 않고 포교'],[],[],[],0,1,0,0,0,0,0,
written_data_24331.json,8f7412a0-0cc0-416f-b80c-b550f251ce8a,302,"- 통일신라시대 불교를 크게 3분하면, (1) 전성기
<NAME>(재위 661∼681)에서 혜공왕(재위 765∼780) 때까지로서 불교문화의 극치를 이룬 시기 (2) 침체기 ――
<NAME>(재위 780∼785) 때부터 헌덕왕때까지로서, 불교(佛敎)가 국가사회에 별로 영향을 주지 못한 시기 (3) 선법전래기(禪法傳來期) ― 흥덕왕 원년(826)에서 신라멸망기(935)까지로 나눌 수 있다.",[],[],[],['향을 주지 못한 시기'],[],1,0,0,0,0,0,0,
written_data_24331.json,8f7412a0-0cc0-416f-b80c-b550f251ce8a,324,"<NAME>는 교종(敎宗)과 선종(禪宗)을 융통하되 교종의 입장을 떠나지 아니하였고 보조국사(普照國師, 1158∼1210)는 선(禪)의 입장에서 선·교(禪·敎)의 일치(一致)를 제창함으로써 이 두 사상이 양종(兩宗)의 대조적 선풍을 이루게 되었다.",[],['을 떠나지 아니하였고'],[],[],[],0,0,0,0,0,1,0,
written_data_24331.json,8f7412a0-0cc0-416f-b80c-b550f251ce8a,334,하지만 <NAME> 자신이 선과 교를 함께 공부하였듯이 선종에 얽매여 교종의 경전을 소홀히 하지 않은 점이 특징이다.,[],['홀히 하지 않은 점이'],[],[],[],1,0,0,0,0,0,0,
written_data_24331.json,120f39e8-edfb-4bfe-bce4-6195bcae1623,344,"불교가 그 발상지인 인도에서 직접 들어오지 않고 중국을 거쳐 들어왔다는 것은, 8∼9세기라는 시간적 간격을 두고 들어왔다는 것은 그 본래의 순수한 종교 형태에 어느 정도 변형이 있었으리라는 것을 어렵지 않게 짐작할 수 있다.",[],"['들어오지 않고 중국', '을 어렵지 않게 짐작']",[],[],[],0,2,0,0,0,0,0,
written_data_24331.json,120f39e8-edfb-4bfe-bce4-6195bcae1623,394,"고려조 전체를 통하여 이와 같이 고정화되어 버린 속신적(俗信的) 기복(祈福)의 저속성은 국민사상을 구제하지 못했고, 그로 인해 시대정신을 선도할 역량을 교단에서도 잃어버렸다.",[],[],[],"['구제하지 못했고,']",[],0,0,0,0,0,1,0,
written_data_24331.json,120f39e8-edfb-4bfe-bce4-6195bcae1623,396,"<NAME>는 불교를 외호하는 데 있어서 종파에 차별을 두지는 않았으나, 자신의 무인적인 성격에서 자연 선종을 좋아하여 선승(禪僧)에게 귀의, 왕사(王師)와 국사(國師) 제도는 이때부터 시작됐다, 958년 관리등용을 위해 과거제도를 쓴 데에 견주어, 승려의 위계질서를 가리려고 승과(僧科)를 설치했다.",[],"['별을 두지는 않았으나,']",[],[],[],0,0,0,0,0,1,0,
written_data_24331.json,120f39e8-edfb-4bfe-bce4-6195bcae1623,399,화엄교학은 이러한 선법의 영향으로 여러 종파의 교학이 쇠퇴하는 와중에도 그 세력을 잃지 않았다.,[],['력을 잃지 않았다.'],[],[],[],0,0,0,0,0,1,0,
written_data_24331.json,120f39e8-edfb-4bfe-bce4-6195bcae1623,417,"이와 같이 가혹한 시련을 겪어야 했던 불교계에서는 <NAME>의 창업에 적지 않은 영향을 끼쳤다는 <NAME>(無學, 1327∼1405)을 비롯하여 많은 고승들이 나오기는 했으나, 교학상 혹은 선리(禪理)상 독창력을 발휘하지는 못하고 말았다.",[],['업에 적지 않은 영향'],[],['발휘하지는 못하고 말'],[],1,0,0,0,0,1,0,
written_data_24331.json,120f39e8-edfb-4bfe-bce4-6195bcae1623,420,그러나 도성 안에서의 승려들은 억불책이 해제되지 않고 산속으로 들어갔다.,[],['해제되지 않고 산속'],[],[],[],0,1,0,0,0,0,0,
written_data_24331.json,120f39e8-edfb-4bfe-bce4-6195bcae1623,442,오랜 세월 동안 발을 들여놓지 못하던 성(城) 안에 자유로이 전교할 수 있게 되자 암담했던 불교는 겨우 숨을 돌리게 되었다.,[],[],[],['들여놓지 못하던 성'],[],1,0,0,0,0,0,0,
written_data_24331.json,120f39e8-edfb-4bfe-bce4-6195bcae1623,443,하지만 얼마 지나지 않아 일본의 각 종파 승려들이 드나들면서 전도에 종사하던 나라가 일본에게 송두리째 넘어가게 되었다.,[],['마 지나지 않아 일본'],[],[],[],0,0,0,0,1,0,0,
written_data_24331.json,120f39e8-edfb-4bfe-bce4-6195bcae1623,458,그의 생몰년이나 출가 시기는 알려지지 않았지만 고구려의 <NAME>(재위 413∼491) 후기에 태어난 것으로 생각된다.,[],['알려지지 않았지만'],[],[],[],0,0,0,0,0,1,0,
written_data_24331.json,120f39e8-edfb-4bfe-bce4-6195bcae1623,460,당시 삼론학은 성실론이란 소승적 유사상에 영향을 받아 본래의 삼론학의 진의를 드러내지 못하고 있었다.,[],[],[],['드러내지 못하고 있'],[],0,0,0,0,0,1,0,
written_data_24331.json,120f39e8-edfb-4bfe-bce4-6195bcae1623,488,"또한 고구려불교에 대한 일본의 영향력은 종교적인 차원을 넘어서 문화 전반에 걸쳐 광범위한 것으로 생각되는데, 기록에 나타난 승려들의 이름 이외의 이름이 기억나지 않는 고승들이 많았을 것이다.",[],['기억나지 않는 고승'],[],[],[],1,0,0,0,0,0,0,
written_data_24331.json,120f39e8-edfb-4bfe-bce4-6195bcae1623,491,"처음 일본 군신들은 이를 믿으려 하지 않았고 <NAME>(蘇我馬子)만이 이를 예경(禮敬)하였는데, 석천가(石川家)에 불전(佛殿)을 만들고 이를 모셨으나 그 용도나 의미는 몰랐다.",[],['으려 하지 않았고 <'],[],[],[],0,0,0,0,0,1,0,
written_data_24331.json,120f39e8-edfb-4bfe-bce4-6195bcae1623,545,"오늘날 그의 &lt;해심밀경소&gt; 제10권과 8권 일부가 멸실되어 전해지지 않으나, &lt;서장대장경&gt; 속의 해심밀경소는 완전하여 그의 저술을 빠짐없이 접할 수 있게 된 것은 기연(奇緣)이라 할 수밖에 없다.",[],"['전해지지 않으나,']",[],[],[],0,0,0,0,0,1,0,
written_data_24331.json,120f39e8-edfb-4bfe-bce4-6195bcae1623,564,"<NAME>는 도중에 깨달은 바가 있어 돌아왔으나 의<NAME>(初志)를 굽히지 않고 입당(入唐)하여 후에 중국 화엄종의 제3조(祖)가 된 <NAME>(賢首法藏, 643∼712)과 함께 제2조인 지엄(智儼, 602∼668)의 제자가 되었다.",[],['를 굽히지 않고 입당'],[],[],[],0,1,0,0,0,0,0,
written_data_24331.json,120f39e8-edfb-4bfe-bce4-6195bcae1623,570,"곧, ""정교(政敎)가 밝으면 초구(草丘)로 땅을 그어 성(城)을 삼을지라도 백성이 감히 넘지 못하고, 정교(政敎)가 밝지 못하면 비록 장성(長城)을 쌓아도 재해(災害)가 소멸되지 않을 것입니다""라고 상주하여 왕이 역사(役事)를 포기하게 하였다.",[],['소멸되지 않을 것입'],[],"['감히 넘지 못하고,', ')가 밝지 못하면 비']",[],1,0,0,0,1,1,0,
written_data_24331.json,120f39e8-edfb-4bfe-bce4-6195bcae1623,575,"삼국 통일기를 전후하여 이들 유학승(留學僧)의 수는 급격히 증가되었으나 그들은 거의 본국으로 귀환하지 못하고 일부는 인도에서, 일부는 귀국 도중 중국에서 세상을 떠났다.",[],[],[],['귀환하지 못하고 일'],[],0,0,0,0,0,1,0,
written_data_24331.json,120f39e8-edfb-4bfe-bce4-6195bcae1623,578,<NAME>(慧業)도 같은 시기에 나란타사에 머물다가 귀국하지 못하고 60여 세로 일생을 마쳤다.,[],[],[],['귀국하지 못하고 6'],[],0,1,0,0,0,0,0,
written_data_24331.json,120f39e8-edfb-4bfe-bce4-6195bcae1623,581,그러나 당나라에서 그후 무엇을 하였는지는 알려지지 않고 있다.,[],['알려지지 않고 있다'],[],[],[],0,0,0,0,0,1,0,
written_data_24331.json,120f39e8-edfb-4bfe-bce4-6195bcae1623,583,"이외에도 구법순례 도중 수마트라(Sumatra)섬 서해안 파로사국(婆魯師國：Baros)에서 병사한 2인의 신라 유학승이 있었다는 기록이 전해지나, 그들의 이름은 밝혀지지 않고 있다.",[],['밝혀지지 않고 있다'],[],[],[],0,0,0,0,0,1,0,
written_data_24331.json,120f39e8-edfb-4bfe-bce4-6195bcae1623,590,당으로 돌아온 후 <NAME>는 <NAME>(金剛智)와 그의 제자 <NAME>(不空：<NAME>)에게 밀교(密敎)를 배우며 밀교 경전을 번역하다 끝내 고국에 돌아오지 못하고 당토(唐土)에서 죽었다.,[],[],[],['돌아오지 못하고 당'],[],0,1,0,0,0,0,0,
written_data_24331.json,120f39e8-edfb-4bfe-bce4-6195bcae1623,652,이미 신라시대에 5교종과 9산선문이 형성되었지만 중국처럼 뚜렷한 종지를 갖고 종파를 이루지는 못했다.,[],[],[],['를 이루지는 못했다.'],[],0,0,0,0,0,1,0,
written_data_24331.json,120f39e8-edfb-4bfe-bce4-6195bcae1623,674,- 조계종이란 말이 정확하게 언제부터 있었는지는 확실하지 않으나 조계종지가 성립된 것은 지눌(1158∼1210)에서부터였다.,[],['확실하지 않으나 조'],[],[],[],0,0,0,0,0,1,0,
written_data_24331.json,120f39e8-edfb-4bfe-bce4-6195bcae1623,675,지눌은 일찍이 &lt;육조단경(六祖壇經)&gt;과 이통현(李通玄)의 &lt;화엄론(華嚴論)&gt;에서 체용(體用)이 곧 정혜(定慧)라는 것과 화엄원돈지(華嚴圓頓旨)와 선지(禪旨)가 다르지 않음을 깨달았고 &lt;대혜어록(大慧語錄)&gt;에서 힘을 얻은 바가 있었다.,[],['가 다르지 않음을 깨'],[],[],[],0,0,1,0,0,0,0,
written_data_24331.json,120f39e8-edfb-4bfe-bce4-6195bcae1623,746,주위 여론이 승니(僧尼)를 도태시키고 사원(寺院)을 혁파(革罷)해야 한다고 했으나 <NAME>는 개국(開國) 초기부터 그렇게 할 수 없다 하여 척불(斥佛)에 휩쓸리지 않았다.,[],['휩쓸리지 않았다.'],[],[],[],0,0,0,0,0,1,0,
written_data_24331.json,120f39e8-edfb-4bfe-bce4-6195bcae1623,753,그러나 연경사(衍慶寺)·화장사(華藏寺)·신광사(神光寺)·석왕사(釋王寺)·낙산사(洛山寺)·성등사(聖燈寺)·진관사(津寬寺)·상원사(上元寺)·견암사(見岩寺)·관음굴(觀音窟)·회암사(檜巖寺)·반야사(般若寺)·만의사(萬義寺)·감로사(甘露寺) 등만은 노비(奴婢)와 토지를 감(減)하지 않았다.,[],['(減)하지 않았다.'],[],[],[],0,0,0,0,0,1,0,
written_data_24331.json,120f39e8-edfb-4bfe-bce4-6195bcae1623,757,이런 정부의 처사에 <NAME> 등이 수백 명의 승려를 이끌고 신문고를 쳐서 복구를 호소했으나 받아들여지지 않았다.,[],['아들여지지 않았다.'],[],[],[],0,0,0,0,0,1,0,
written_data_24331.json,120f39e8-edfb-4bfe-bce4-6195bcae1623,792,"당시 유생들의 반대에도 굽히지 않고 봉은사(奉恩寺)에 선종을, 봉선사(奉先寺)에 교종을 두어 양종제(兩宗制)를 부활시켰다.",[],['도 굽히지 않고 봉은'],[],[],[],0,1,0,0,0,0,0,
written_data_24331.json,120f39e8-edfb-4bfe-bce4-6195bcae1623,825,여기서 그는 <NAME>의 설에 대해 찬성과 반대를 각각 피력하고 있으나 선론을 집대성하고 정리하지는 못하였다.,[],[],[],['정리하지는 못하였다.'],[],0,0,0,0,0,1,0,
written_data_24331.json,120f39e8-edfb-4bfe-bce4-6195bcae1623,827,통일신라 후기에도 미타신앙이 성행하였으나 정토종이 성립되진 못했다.,[],[],[],['성립되진 못했다.'],[],0,0,0,0,0,1,0,
written_data_24331.json,120f39e8-edfb-4bfe-bce4-6195bcae1623,833,"이에 견디지 못해 폐허가 된 사원이 속출했고, 이때 이판승과 사판승의 두 유별이 생겨났다.",[],[],[],['에 견디지 못해 폐허'],[],0,1,0,0,0,0,0,
written_data_24331.json,120f39e8-edfb-4bfe-bce4-6195bcae1623,838,당시 일본 일련종 승려 <NAME>는 한국의 승려가 성내에 들어오지 못하자 총리대신 <NAME>에 상서하고 다시 <NAME>이 고종에 상주하여 승려 입성을 허락하였다.,[],[],[],['들어오지 못하자 총'],[],0,1,0,0,0,0,0,
written_data_24331.json,120f39e8-edfb-4bfe-bce4-6195bcae1623,839,그 후 3년 만인 광무 2년(1898)에 다시 성안의 승려를 축출하는 영이 내려져 승니의 입성을 금지했으나 이것은 실행되지 않고 해제되었다.,[],['실행되지 않고 해제'],[],[],[],0,1,0,0,0,0,0,
written_data_24331.json,120f39e8-edfb-4bfe-bce4-6195bcae1623,840,"이리하여 오랫동안 출입을 못하던 승려의 성내 출입이 자유로워졌지만, 오래지 않아 국가의 관리를 받게 되었고 또 일제의 영토가 되었다.",[],"[', 오래지 않아 국가']",[],[],[],0,0,0,0,1,0,0,
written_data_24331.json,120f39e8-edfb-4bfe-bce4-6195bcae1623,847,"그러나 이후 관리서와 대법산도 오래 가지 못하고 광무 8년(1904) 1월에 폐지되어, 관리서의 소관사무는 내부관방으로 옮겨졌고, 사사에 관한 사무는 같은 해 2월에 칙령 제15호로 인하여 내부지방국이 담당하게 되었다.",[],[],[],['오래 가지 못하고 광'],[],0,1,0,0,0,0,0,
written_data_24331.json,120f39e8-edfb-4bfe-bce4-6195bcae1623,871,그렇지만 전국 사찰을 통솔하고 전 승려를 통제하지는 못하였다.,[],[],[],['통제하지는 못하였다.'],[],0,0,0,0,0,1,0,
written_data_24331.json,120f39e8-edfb-4bfe-bce4-6195bcae1623,872,"조선 불교계에 대한 일제의 간섭과 통제가 심해지자, 신진 소장 승려들이 전국승려대회를 열어<NAME> 종교가 행정관청의 지시를 받는 것은 옳지 않다고 주장했다.",[],['것은 옳지 않다고 주'],[],[],[],0,0,0,1,0,0,0,
written_data_24331.json,125be24e-b101-444e-a7e1-07abf690fd6b,892,"한국 불교가 토착화하는 과정에서 토속신앙과의 융합은 적지 않은 비중을 차지해 왔는데, 이러한 현상은 오늘날에도 볼 수 있다.",[],['합은 적지 않은 비중'],[],[],[],1,0,0,0,0,0,0,
written_data_24331.json,125be24e-b101-444e-a7e1-07abf690fd6b,898,"중국 천태종(天台宗)의 제2조(祖) <NAME>(慧思) 밑에서 법화삼매(法華三昧)와 관심법(觀心法)을 얻고 돌아온 <NAME>(玄光)이라든가, 또는 유학(留學)은 하지 않았어도 &lt;속고승전(續高僧傳)&gt;에 들어간 혜현(惠現) 등이 법화(法華)와 삼론사상을 널리 편 일도 있었으나 백제불교는 마침내 그 계율주의(戒律主義)가 극단적으로 흘렀다.",[],[')은 하지 않았어도'],[],[],[],0,1,0,0,0,0,0,
written_data_24331.json,125be24e-b101-444e-a7e1-07abf690fd6b,908,그러나 그들은 중국의 경우와는 달리 어느 일가일파(一家一派)에 치우치지 않고 총화불교(總和佛敎)로서 통불교(通佛敎)적인 학풍을 세웠던 것이다.,[],['치우치지 않고 총화'],[],[],[],0,1,0,0,0,0,0,
written_data_24331.json,125be24e-b101-444e-a7e1-07abf690fd6b,912,범부(凡夫)와 부처 차이도 이를 선천적인 것으로 보지 않고 오직 시간적인 선후관계로 다루었던 것도 화엄사상(華嚴思想)의 입장에서 오성각별설(五性各別說)을 지양시킨 것이다.,[],['으로 보지 않고 오직'],[],[],[],1,0,0,0,0,0,0,
written_data_24331.json,125be24e-b101-444e-a7e1-07abf690fd6b,927,한편 <NAME>(<NAME>)는 미륵하생사상을 들고 나와 이상국가의 건설을 꿈꾸었으나 고대를 극복할 만한 사상을 자기 것으로 체질화하지는 못했다.,[],[],[],['체질화하지는 못했다.'],[],0,0,0,0,0,1,0,
written_data_24331.json,125be24e-b101-444e-a7e1-07abf690fd6b,935,<NAME>(知訥)조계산 송광사에는 이후 <NAME>(<NAME>)·<NAME>·<NAME>·<NAME>·<NAME> 등이 배출되어 고려가 망할 때까지 그 명맥이 끊기지 않았다.,[],['이 끊기지 않았다.'],[],[],[],0,0,0,0,0,1,0,
written_data_24331.json,125be24e-b101-444e-a7e1-07abf690fd6b,944,"유교주의를 지향한 <NAME>(崔承老)도 두 가지 사상을 함께 지니는 것을 모순된 것으로 여기지 않았으며, <NAME>(權近)은 불교와 유교가 다 같이 효(孝)를 근본으로 삼기 때문에 결국은 다를 바가 없는 것이라 했다.",[],"['로 여기지 않았으며,']",[],[],[],0,0,0,0,0,1,0,
written_data_24331.json,125be24e-b101-444e-a7e1-07abf690fd6b,948,한국 불교는 조선시대에 들어오면서 근본적으로 국가의 배불(排佛) 정책에 의해 교세가 여지없이 위축되지 않을 수 없었다.,[],['위축되지 않을 수'],[],[],[],1,0,0,0,0,0,0,
written_data_24331.json,125be24e-b101-444e-a7e1-07abf690fd6b,962,"그러므로 모든<NAME> 2체를 벗어나지 않으며, 2체를 밝히면 모든 경을 해득하게 된다.",[],"['벗어나지 않으며,']",[],[],[],0,0,0,0,0,1,0,
written_data_24331.json,125be24e-b101-444e-a7e1-07abf690fd6b,965,그는 100여 부 240여 권의 저서를 남겼을 뿐 아니라 어느 종파에도 속하지 않고 몸으로 체험하고 실천한 대자유인이었다.,[],['도 속하지 않고 몸으'],[],[],[],0,1,0,0,0,0,0,
written_data_24331.json,125be24e-b101-444e-a7e1-07abf690fd6b,972,<NAME>는 어느 한 종파에 치우치지 않고 &lt;화엄경&gt;·&lt;열반경&gt;·&lt;반야경&gt;·&lt;심밀경&gt;·&lt;미타경&gt;·&lt;능가경&gt; 등 대승(大乘)불교 경전의 전체를 섭렵·통효(通曉)한 사람이었다.,[],['치우치지 않고 &l'],[],[],[],0,1,0,0,0,0,0,
written_data_24331.json,125be24e-b101-444e-a7e1-07abf690fd6b,982,그러므로 해당하지 않음이 없으며 일체의 타의(他義)가 모두 불의(佛義)이다.,[],['해당하지 않음이 없'],[],[],[],0,0,1,0,0,0,0,
written_data_24331.json,125be24e-b101-444e-a7e1-07abf690fd6b,983,백가(百家)의 설이 옳지 않음이 없고 8만법문(八萬法門)이 모두 이치에 맞는 것이다.,[],['설이 옳지 않음이 없'],[],[],[],0,0,1,0,0,0,0,
written_data_24331.json,125be24e-b101-444e-a7e1-07abf690fd6b,987,"이것이 심지(心旨)이다(今云無心 非無心體 名爲心也 但心中無物 名曰無心 如言空甁 甁中無物 名曰空甁 非甁無體 名空甁也 …汝但於心無事 於事無心 自然虛而靈
寂而妙 是此心旨也).""마음이 없으면 불안하지만 마음이 없으면 즐겁다(  ). 그러므로 정혜의 궁극적인 뜻도 이 무심에 있다고 할 수 있다.  돈오점수. 수행과 각오의 차제와 단계는 돈오점수라는 문제에서 시작된다. 즉 깨달음이 먼저냐 깨달음이 먼저냐. 수행을 먼저 해야 하느냐, 수행을 통해 깨달음을 얻는 것이냐, 깨달은 후에 단계적인 수행을 해야 하느냐가 문제이다. 그는 ""마음은 본래 깨끗하여 번뇌가 없고, 부처와 조금도 다르지 않으므로 돈오라고 말한다.",[],['도 다르지 않으므로'],[],[],[],0,1,0,0,0,0,0,
written_data_24619.json,54b56f06-9323-41e2-9618-b8767b01ca42,23,"지금 두 사람은 적막한 강산, 새소리, 벌레 소리 한 마리 들리지 않는 백설이 만건곤 한 유곡 속에 서 있다.",[],['리 들리지 않는 백설'],[],[],[],1,0,0,0,0,0,0,
written_data_24619.json,54b56f06-9323-41e2-9618-b8767b01ca42,27,해가 지고 나면 길이 안 좋아져요.,['면 길이 안 좋아져요'],[],[],[],[],0,0,0,0,1,0,0,
written_data_24619.json,54b56f06-9323-41e2-9618-b8767b01ca42,41,더구나 저런 아가씨가......<NAME>의 말을 주인마누라가 믿지 않는 모양이다.,[],['라가 믿지 않는 모양'],[],[],[],1,0,0,0,0,0,0,
written_data_24619.json,54b56f06-9323-41e2-9618-b8767b01ca42,58,"그렇지만 그것은 제각기 혼자서 품고 있는 심정의 일치일 뿐, 감히 그것을 입에 내어 상대방의 의사를 타진해 보려고 하지는 않았다.",[],['려고 하지는 않았다.'],[],[],[],0,0,0,0,0,1,0,
written_data_24619.json,54b56f06-9323-41e2-9618-b8767b01ca42,63,"신이 벗겨지면 안 될 테니까.』
『노끈이야 있지만도……』
마누라는 다시 가게로 들어가서 먼지가 허옇게 내려앉은 건설 담배 상자 속에서
올망 졸망한 노끈 뭉치를 몇 낱 집어 주며,
『생각해 보시고 내일 아침 올라가시지.",['벗겨지면 안 될 테니'],[],[],[],[],1,0,0,0,0,0,0,
written_data_24619.json,54b56f06-9323-41e2-9618-b8767b01ca42,71,"<NAME>봉함을 하고 나서,
『등산에는 자신이 있는 저희들이지만요. 또 운이 나빠서 어떻게 될는지, 사람의
일이란 알 수 있습니까. 내일 중으로 저희들이 내려오지 않는 경우에는 귀찮으시겠지만 서울 가는 인편에 부탁을 해서 우체통에 좀 넣어주시도록……』",[],['내려오지 않는 경우'],[],[],[],1,0,0,0,0,0,0,
written_data_24619.json,54b56f06-9323-41e2-9618-b8767b01ca42,79,영심은 글쎄 이슥한 눈길에...... 사양하지 않고 받았다.,[],['사양하지 않고 받았'],[],[],[],0,1,0,0,0,0,0,
written_data_24619.json,54b56f06-9323-41e2-9618-b8767b01ca42,85,"어쨌든 골짜기를 끼고 올라가야 했는데, 하얀 눈 위에는 짐승의 흔적 하나 보이지 않았다.",[],['나 보이지 않았다.'],[],[],[],0,0,0,0,0,1,0,
written_data_24619.json,54b56f06-9323-41e2-9618-b8767b01ca42,89,발등을 완전히 덮지 못하는 곳도 간혹 있었으나 대부분 발목까지는 찼다.,[],[],[],['전히 덮지 못하는 곳'],[],1,0,0,0,0,0,0,
written_data_24619.json,54b56f06-9323-41e2-9618-b8767b01ca42,106,<NAME>은 그 절실한 애무에의 충격을 간신히 억누르며 고무신과 발등과 발목을 벗겨지지 않도록 천천히 묶었다.,[],['벗겨지지 않도록 천'],[],[],[],0,1,0,0,0,0,0,
written_data_24619.json,54b56f06-9323-41e2-9618-b8767b01ca42,119,효용이라는 것은 사랑에는 존재하지 않는다.,[],['존재하지 않는다.'],[],[],[],0,0,0,0,0,1,0,
written_data_24619.json,54b56f06-9323-41e2-9618-b8767b01ca42,122,그렇지만 그것은 <NAME>이가 자신의 감정을 표현하기에 적당한 어휘를 선택하지 못했기 때문에 그렇게 생각해 본 것일 뿐이다.,[],[],[],['선택하지 못했기 때'],[],0,0,1,0,0,0,0,
written_data_24619.json,54b56f06-9323-41e2-9618-b8767b01ca42,123,실은 죽고 싶다는 생각이 전혀 들지 않았다.,[],['전혀 들지 않았다.'],[],[],[],0,0,0,0,0,1,0,
written_data_24619.json,54b56f06-9323-41e2-9618-b8767b01ca42,126,<NAME>은 레존데뜨르([존재가치])를 사랑한다는 그 자체만이 지닌다고 주저하지 않았다.,[],['주저하지 않았다.'],[],[],[],0,0,0,0,0,1,0,
written_data_24619.json,54b56f06-9323-41e2-9618-b8767b01ca42,133,치마 귀를 한 손으로 움켜쥐지 않을 수 없었다.,[],['움켜쥐지 않을 수'],[],[],[],1,0,,0,0,0,0,
written_data_24619.json,54b56f06-9323-41e2-9618-b8767b01ca42,160,이처럼 완전무결한 두 사람의 사랑이 이렇게 막다른 골목에서 이루어지지 않아야 했던 운명 그 자체가 한스러울 뿐이었다.,[],['이루어지지 않아야 했'],[],[],[],1,0,0,0,0,0,0,
written_data_24619.json,54b56f06-9323-41e2-9618-b8767b01ca42,170,<NAME>씨를 만나지 못했음,[],[],[],['를 만나지 못했음'],[],0,0,0,0,0,1,0,
written_data_24619.json,54b56f06-9323-41e2-9618-b8767b01ca42,211,그렇지만 두 사람의 허리는 아직 길지 않았다.,[],['아직 길지 않았다.'],[],[],[],0,0,0,0,0,1,0,
written_data_24619.json,54b56f06-9323-41e2-9618-b8767b01ca42,213,그리고 허리띠를 매지 않고 아까 그 노끈을 남은 것으로 바지를 감았다.,[],['띠를 매지 않고 아까'],[],[],[],0,0,0,0,0,1,0,
written_data_24619.json,54b56f06-9323-41e2-9618-b8767b01ca42,222,이은 데만 없으면 끊어지지 않지요.,[],['끊어지지 않지요.'],[],[],[],0,0,0,0,0,1,0,
written_data_24619.json,54b56f06-9323-41e2-9618-b8767b01ca42,223,이것 하나 잡수시면 안 되나요?,['잡수시면 안 되나요?'],[],[],[],[],0,0,0,0,0,1,0,
written_data_24619.json,54b56f06-9323-41e2-9618-b8767b01ca42,235,일어서서 걸을 용기를 내지 못하고 꼭 안은 채 서 있기도 했다.,[],[],[],['기를 내지 못하고 꼭'],[],0,1,0,0,0,0,0,
written_data_24619.json,54b56f06-9323-41e2-9618-b8767b01ca42,240,그러고는 피로가 풀리지 않은 영심의 몸을 가만히 앉혔다.,[],['가 풀리지 않은 영심'],[],[],[],1,0,0,0,0,0,0,
written_data_24619.json,54b56f06-9323-41e2-9618-b8767b01ca42,256,"영심도 두 손을 올려 <NAME>의 볼을 어루만져 보면서,
『혼자 죽지 않은 것이 다행이에요! 하마터면 백운대 둥산을 못해 보고 죽을
뻔했어요.』",[],['혼자 죽지 않은 것이'],[],[],[],1,0,0,0,0,0,0,
written_data_24619.json,54b56f06-9323-41e2-9618-b8767b01ca42,259,"얼굴을 더듬던<NAME>의 손이 영심의 몸을 끌어안아 품 안에 꼭 넣어 보며,
『하마터면……나도 영심을 보지 못하고 죽을 뻔했 지요. 이 유서 ── 인제
다 소용없게 됐소.』",[],[],[],['심을 보지 못하고 죽'],[],0,1,0,0,0,0,0,
written_data_24619.json,54b56f06-9323-41e2-9618-b8767b01ca42,269,이윽고 백설로 담요를 만들고 이불을 덮은 두 개의 육체에서 한 쌍의 영혼의 나비가 창공을 향해 나블나블 승천할 때가 머지않았다.,[],['때가 머지않았다.'],[],[],[],0,0,0,0,0,1,0,
written_data_24619.json,762c8ae6-5a28-453e-8e9c-0e07bd14b72c,274,"이날에 경복궁 안 자선당= 동궁이 거처하시던 집에서 큰 슬픔의 주인 될 이가 탄생하시니 그는 <NAME>의 맏손자님이 시고, 장차 단종 대왕이 되실 아기시었다.",[],[],[],[],[],0,0,0,0,0,0,0,
written_data_24619.json,762c8ae6-5a28-453e-8e9c-0e07bd14b72c,283,왕께서는 옷을 끄르지 아니하시고 때때로 나인(內人)을 보내시와 물으시고 친히 내의(內醫)를 불으시와 약을 마련하시며 거의 밤을 새이시었다.,[],['을 끄르지 아니하시고'],[],[],[],0,0,0,0,0,1,0,
written_data_24619.json,762c8ae6-5a28-453e-8e9c-0e07bd14b72c,306,태평성대의 기쁨은 어느 것에도 뒤지지 않았다.,[],['도 뒤지지 않았다.'],[],[],[],0,0,0,0,0,1,0,
written_data_24619.json,762c8ae6-5a28-453e-8e9c-0e07bd14b72c,307,또한 보산이 겨우 사십오 세밖에 안 되신 영기와 총명함을 겸비한 임금과 충성을 다하고 재주를 갖춘 두 신하.,['세밖에 안 되신 영'],[],[],[],[],1,0,0,0,0,0,0,
written_data_24619.json,762c8ae6-5a28-453e-8e9c-0e07bd14b72c,312,"젊은 두 학자는 왕의 말씀에 온몸이 찌르르하여 굽은 허리를 올리지 못하고, 목이 메어 말을 하지 아니하였다.",[],['말을 하지 아니하였다.'],[],"['를 올리지 못하고,']",[],0,0,0,0,0,2,0,
written_data_24619.json,762c8ae6-5a28-453e-8e9c-0e07bd14b72c,316,내가 죽은 후에라도 내 부탁을 잊지 말아라.,[],[],[],[],['탁을 잊지 말아라.'],0,0,0,0,0,1,0,
written_data_24619.json,762c8ae6-5a28-453e-8e9c-0e07bd14b72c,332,암만해도 가만히 있지 아니할걸.,[],['만히 있지 아니할걸.'],[],[],[],0,0,0,0,0,1,0,
written_data_24619.json,762c8ae6-5a28-453e-8e9c-0e07bd14b72c,350,"""모사야 자네를 두고 달리 구하겠나마는 용사와 치평 지재(治平之材)는 어떻게 구할꼬?
이것도 자네 방촌(方寸)에는 있을 것이니 아끼지 말고 말하소.""
하고 <NAME> 다시 <NAME>의 손을 잡았다.",[],[],[],[],['니 아끼지 말고 말하'],0,1,0,0,0,0,0,
written_data_24619.json,762c8ae6-5a28-453e-8e9c-0e07bd14b72c,355,지금까지도 <NAME>이 자기를 믿지 아니한 것은 아니지만 그래도 <NAME> 자신의 높은 지위를 더 많이 믿었었다.,[],['기를 믿지 아니한 것은'],[],[],[],1,0,0,0,0,0,0,
written_data_24619.json,762c8ae6-5a28-453e-8e9c-0e07bd14b72c,366,"""어? 경덕궁직?""
하고 수양 대군은,
""이 사람아, 나이가 서른여덟에 벼슬이 겨우 궁직이야? 허허허.""
하고 대소하기를 그치지 아니하였다.",[],['를 그치지 아니하였다.'],[],[],[],0,0,0,0,0,1,0,
written_data_24619.json,edf6ab41-1f27-43b7-8244-22edd4d7a7ec,386,길에 나서 다니면 모두 뒤로 손가락질하는 것 같았고 사실상 만월대 망신이 있은 뒤로는 송도 사람들은 <NAME>를 미워하기만 하지 아니하고 멸시하기까지 하여 길에서 마주칠 때에는 분명히 비웃는 눈살을 보이었다.,[],['기만 하지 아니하고 멸'],[],[],[],0,1,0,0,0,0,0,
written_data_24619.json,edf6ab41-1f27-43b7-8244-22edd4d7a7ec,406,<NAME>는 다시금 편지를 보아 자기 눈이 잘못 본 것이 아닌 줄을 확실히 안 뒤에는 편지를 한 손에다 꽉 쥐고 껄껄껄 웃기를 금치 못하였다.,[],[],[],[],[],0,0,0,0,0,0,0,
written_data_24619.json,edf6ab41-1f27-43b7-8244-22edd4d7a7ec,412,자기는 덩실덩실 춤을 출지라도 궁상맞은 남편 때문에 무슨 일이 생길 것 같지도 않고 그렇다고 서울 올라가면 본 마누라 <NAME>를 만나러 가는 것이다.,[],['것 같지도 않고 그렇'],[],[],[],0,0,0,0,0,1,0,
written_data_24619.json,edf6ab41-1f27-43b7-8244-22edd4d7a7ec,428,생각하건대 내가 이번에 서울 가면 다시 송도에 오지 못할 듯 싶으니까 임운이가 오거든,[],[],[],['도에 오지 못할 듯'],[],0,0,0,0,1,0,0,
written_data_24619.json,edf6ab41-1f27-43b7-8244-22edd4d7a7ec,431,""" 하고 눈을 꿈쩍하지 않는다. 하고 코로 웃는다.
<NAME>는 <NAME>을 데리고 그날로 집을 떠나 서울로 향하였다. 하필 유수로 하여금 집을 보게 하는 데는 까닭이 있다. 양 정은 유수보다 얼굴이 잘 생기고 풍채가 좋아서 집에 혼자 두면 젊은 첩 <NAME>를 빼앗길 염려가 있기 때문이다. 명회는 결코 사람을 믿는 일이 없었고 특별히 첩에 대하여서는 항상 반반한 남자가 가까이하는 것을 의심하였다.자기 얼굴이 흉하기 때문에 더욱 풍채 좋은 양정을 의심한 것이다.
<NAME>가 <NAME>와 대화하기를 허하는 남자는 <NAME>의적형(嫡兄)되는 정보(<NAME>)한 사람뿐이었다. 그러나 정보도 근래에는 서울 올라가 성 삼문, <NAME> 같은 집 사람으로 돌아다니고 송도에는 없었다.
""",[],['꿈쩍하지 않는다.'],[],[],[],0,0,0,0,0,1,0,
written_data_24619.json,edf6ab41-1f27-43b7-8244-22edd4d7a7ec,432,대문 밖에 나지 말고 아무도 대문 안에 들이지 말어!,[],[],[],[],"['밖에 나지 말고 아무', '에 들이지 말어!']",0,0,0,0,0,2,0,
written_data_24619.json,edf6ab41-1f27-43b7-8244-22edd4d7a7ec,449,<NAME>께서 창업하신 어려움을 생각하시거나 창생이 대한에 운예와 같이 바라는 것을 생각하시든지 겸양하시는 것이 옳지 아니하외다.,[],['것이 옳지 아니하외다.'],[],[],[],0,0,0,0,0,1,0,
written_data_24619.json,edf6ab41-1f27-43b7-8244-22edd4d7a7ec,458,<NAME>는 <NAME>의 진의를 의심하지 아니할 수 없었다.,[],['의심하지 아니할 수'],[],[],[],1,0,0,0,0,0,0,
written_data_24619.json,edf6ab41-1f27-43b7-8244-22edd4d7a7ec,462,하지만 <NAME>는 그만한 일에 움츠러들지는 않는다.,[],['움츠러들지는 않는다.'],[],[],[],0,0,0,0,0,1,0,
written_data_24619.json,edf6ab41-1f27-43b7-8244-22edd4d7a7ec,467,"이 뜻하지 아니한 행동에 권람이 먼저 놀라서 일어나 명회의 소매를 잡으며,
""이 사람, 이게 웬 일인가.""
하였다.",[],['이 뜻하지 아니한 행동'],[],[],[],1,0,0,0,0,0,0,
written_data_24619.json,edf6ab41-1f27-43b7-8244-22edd4d7a7ec,468,"명회는 권람이 잡은 소매를 뿌리치며,
""아니, 나를 붙잡지 말게. 선비의 행색이 한 번 말을 내었다가 용납이 되면 머물고 용납이 아니 되면 물러가는 법이야. 나는 원래 세상 일에 뜻이 없는 사람이야. 부귀와 공명이 내게 부운이로세. 가만히 세상에서 숨어 유유자적하는 것이 나 같은 사람의 본색이어늘 자네 말을 그릇 들고 서울에 올라 왔다가 이제 나으리 뜻이 네가 생각던 바와 다르니까 나는 물러가는 것이 옳은 일일세.""
하고 다시 <NAME>을 향하여,
""소인 물러갑니다.""
하고 두어 걸음 문을 향하여 나갔다.",[],[],[],[],['를 붙잡지 말게. 선'],0,0,0,0,0,1,0,
written_data_24619.json,edf6ab41-1f27-43b7-8244-22edd4d7a7ec,474,"""낸들 나라 일에 무심할 리가 있소? 근심이 되길래 이렇게 계책을 묻는 것이 아니요? 그렇지마는 내가 무슨 힘이 있소? 군국대사(軍國大事)가 모두 <NAME>, <NAME> 배의 손에 있으니 고장난명(孤掌難鳴)이라 내가 어찌하면 좋겠소. 아끼지 말고 높은 계책을 말하오.""",[],[],[],[],['. 아끼지 말고 높은'],0,1,0,0,0,0,0,
written_data_24619.json,edf6ab41-1f27-43b7-8244-22edd4d7a7ec,487,<NAME>의 말도 매우<NAME>로운 데가 있거니와 이처럼 구구절절이 귀신 같지는 못하였다.,[],[],[],['귀신 같지는 못하였다.'],[],0,0,0,0,0,1,0,
written_data_24619.json,edf6ab41-1f27-43b7-8244-22edd4d7a7ec,492,"""그것은 어렵지 아니하외다. 광활하고 조용한 땅을 택하여 사정(射亭)을 세우고 습사장 (習射場)을 베풀고 나으리가 친히 사정에 임하시어 같이 활을 쏘시고 그 날에 가장 잘 맞힌 사람에게 상금을 내리시고 나으리 친히 그 사람을 부르시어 칭찬하는 말을 주시면 팔도에 활 쏘는 사람이 다 그리로 모일 것이외다.
명회의 말은 절절이 옳았다.
<NAME> 감격함을 이기지 못하는 드싱 손을 내어 밀어 명회의 팔을 잡으며,
""이사람, 어찌 이리 만나기가 늦었나.",[],['은 어렵지 아니하외다.'],[],['을 이기지 못하는 드'],[],1,0,0,0,0,1,0,
written_data_24619.json,edf6ab41-1f27-43b7-8244-22edd4d7a7ec,502,이 일이 심히 어렵기는 하나 반드시 안 될 일은 아니외다.,['반드시 안 될 일은'],[],[],[],[],1,0,0,0,0,0,0,
written_data_24619.json,edf6ab41-1f27-43b7-8244-22edd4d7a7ec,505,기 건의 말을 옳게 여기는 모양이니까 섣불리 반대하다가는 일도 되지 아니하고 도리어 망신만 할는지 모르니 차라리 내버려 두고 후일을 기다리는 것이 상책일지 몰라.,[],['일도 되지 아니하고 도'],[],[],[],0,1,0,0,0,0,0,
written_data_24619.json,edf6ab41-1f27-43b7-8244-22edd4d7a7ec,512,하면 자존심이 많으신 <NAME> 대군이 들으실 것 같지 아니하외다마는 기건의 일은 나으리께만 관계 있는 일이 아니라 종친 전체에 관계되는 일이니까 <NAME> 대군의 자존심을 한 번 건드려 두면 그만일 것이외다.,[],['것 같지 아니하외다마'],[],[],[],0,0,0,0,0,1,0,
written_data_24619.json,edf6ab41-1f27-43b7-8244-22edd4d7a7ec,513,"<NAME>가 종친의 분경(奔競)을 금한다는 것은 종친을 의심하는 것이요, 특별히 종친 중에 가장 세력이 있는 <NAME> 대군을 의심하는 것이라고 나으리가 <NAME> 대군께 한 번 말씀만 하시면 반드시 <NAME> 대군이 가만히 있지 아니한 것이외다.",[],['만히 있지 아니한 것이'],[],[],[],1,0,0,0,0,0,0,
written_data_24619.json,edf6ab41-1f27-43b7-8244-22edd4d7a7ec,523,"""
하고 <NAME> 대군은 수상스러운 듯이 좌우를 돌아 보았다.
문객 중에 어떤 사람은 <NAME>의 뜻을 헤아릴 수가 없으니 칭병하고 가지 말기를 권하였다. 안평 대군은 듣지 아니하였다.
""",[],['군은 듣지 아니하였다.'],[],[],['하고 가지 말기를 권'],0,0,1,0,0,1,0,
written_data_24619.json,edf6ab41-1f27-43b7-8244-22edd4d7a7ec,541,"""
하여 승정원(承政院)에서도 그 일은 알지 못한다는 뜻을 말하여 겁난 무 대신을 두호한다.
기실 분경 금한단 말을 먼저 <NAME>에게 일러 바친 이가 강 <NAME> 자신이면서.
""",[],[],[],['일은 알지 못한다는'],[],1,0,0,0,0,0,0,
written_data_24619.json,edf6ab41-1f27-43b7-8244-22edd4d7a7ec,547,"""
하는 <NAME>의 헌책도 있거니와 <NAME> 자신도 무슨 일에나 참예하고 말썽을 부리는 것이 세력을 잡는 비결인 줄을 안 까닭이다.
어리신 상감께서는 거의 본능적으로 제숙부(諸叔父), 그중에도 <NAME> 대군을 싫어하시지 마는 부득부득 들어오는 것을 나가라고 내밀 수도 없었다.
""",[],[],[],[],[],0,0,0,0,0,0,0,
written_data_24619.json,edf6ab41-1f27-43b7-8244-22edd4d7a7ec,554,"""
하고 자천하였다.
왕은 옥좌 위에서 놀라는 듯이 작으신 몸을 움직이시었다. 제일 무섭고 싫은 숙부를 명 나라에 보내기는 참으로 원치 아니한 것이다.
그래서 왕은 역시 묵연히 대답이 없으시었다. 왕이 말씀이 없으므로 <NAME> 대군은 잠간 머쓱하여 탑전에서 물러 나왔다.
왕은 이때를 놓지 아니하리라 하고 제신을 돌아보시며,
""남녕위 <NAME>이 어떠하오?",[],['때를 놓지 아니하리라'],[],[],[],0,0,0,1,0,0,0,
written_data_24619.json,edf6ab41-1f27-43b7-8244-22edd4d7a7ec,557,방금 재궁(梓宮)이 빈전(殯殿)에 계시거든 <NAME>이 나라에 종신(宗臣)이 되어 나라를 떠나신다는 것이 마땅하지 아니하외다.,[],['마땅하지 아니하외다.'],[],[],[],0,0,0,0,0,1,0,
written_data_24619.json,edf6ab41-1f27-43b7-8244-22edd4d7a7ec,558,"""
<NAME>의 반대도 당연한 말이었으나 아무도 허 후를 돕는 이가 없어 결국 <NAME>의 말대로 <NAME>이 명나라에 가기로 되었다.
<NAME> 대군은 이날에 <NAME>가 자기를 도와 말하여 준 것을 심히 덕으로 여겨서 그날 밤에 대군이 미행(微行)으로 <NAME>의 집에 가서 다짜고짜로 안으로 들어가 인지의 손을 잡고,
""대감, 나허고 혼인합시다. ""
하였다. 이때에 <NAME> 아드님이 두 분이나 있었지마는 <NAME>는 당혼한 자녀가 없었기 때문에 <NAME> 대군의 말하는 뜻을 알지 못하여 잠간 주저하다가 마침내 그 뜻을 알고,
""네, 그러하오리다.",[],[],[],['뜻을 알지 못하여 잠'],[],0,1,0,0,0,0,0,
written_data_24619.json,edf6ab41-1f27-43b7-8244-22edd4d7a7ec,568,"""
이렇게 수군거리지 않는 데가 없고 그러면 누가 들어 앉느냐고 물으면 혹은 수양 대군이라고도 하고 혹은 안평 대군이라고도 하고, 또 혹은 고려 왕씨의 후손이 다시 들어앉는다고도 수군대었다.
정부에서도 이런 소문을 안 들었을 리가 없다.
<NAME>, 김 <NAME> <NAME>의 행동을 의심하는지는 어제 오늘부터가 아니다. 근래에 와서 무뢰지배(<NAME> 궁에서 무사라고 일컫는 무리를 세상에서는 그중에서도 대관들은 무뢰지배라고 일컬어 웃어버린다)를 모아 자주 활을 익히고 술을 먹이고 하는 것을 못 들었을 리가 없다.
""",['소문을 안 들었을'],['수군거리지 않는 데가'],['는 것을 못 들었을'],[],[],3,0,0,0,0,0,0,
written_data_24619.json,edf6ab41-1f27-43b7-8244-22edd4d7a7ec,575,"""
이 모양으로 <NAME> 뽐내었다. 여간해서 흥분되지 아니하고 그의 얼굴은 술이 반이나 취한 듯이 붉었다. 아홉 놈이라 함은 <NAME>(皇甫仁), <NAME>(金宗瑞), 이양(<NAME>樑), <NAME>(閔伸), <NAME>(趙克寬), <NAME>(尹處恭), 이 명민(<NAME>命敏), <NAME>(<NAME>矩), 조번(趙蕃)을 가리킨 것이다.
""",[],['흥분되지 아니하고 그'],[],[],[],0,0,0,0,0,1,0,
written_data_24619.json,edf6ab41-1f27-43b7-8244-22edd4d7a7ec,581,그런데다가 만일 우리 꾀를 알아채었다 하면 반드 시 무슨 계책이 있을 것이니까 섣불리 하다가는 일은 안 되고 공연히 역적 득명이나 하고 신수이처(身首異處)를 며치 못할 것이외다.,['는 일은 안 되고 공'],[],[],[],[],1,0,0,0,0,0,0,
written_data_24619.json,edf6ab41-1f27-43b7-8244-22edd4d7a7ec,588,"""
하고 홍 <NAME>을 뒤로 물려 앉히고 나서,
""<NAME> 기개도 장하오마는 송석사의 말도 이치가 없지 아니한 줄 아오.",[],['치가 없지 아니한 줄'],[],[],[],1,0,0,0,0,0,0,
written_data_24619.json,edf6ab41-1f27-43b7-8244-22edd4d7a7ec,589,협천자이령제후(挾天字以令諸侯)란 셈으로 저놈들이 취할 길이 <NAME>께 매어달리는 길 밖에 없으니 그놈들에게 좋은 일을 시키지 말고 나으리가 먼저 <NAME>께 저늠들이 역모를 한단 말을 삶고 왕명을 받아 가지고 당당하게 저놈들을 토벌하는 것이 좋을 듯하외다.,[],[],[],[],['을 시키지 말고 나으'],0,1,0,0,0,0,0,
written_data_24619.json,edf6ab41-1f27-43b7-8244-22edd4d7a7ec,596,"어, 홍 <NAME>, 사람을 그리 ㅗ지 마소.""
하고 <NAME>은 끝으로 한 번 더 홍 <NAME>을 노려보았다.
홍 <NAME> 더하고 싶은 말을 참노라고 넓적한 코만 씰룩거리고 있었다.
홍 <NAME>의 생각에는 땟국이 꾀죄죄 흐르는 좀선비들이 무에라고 찧고 까불고 하는 것이 다 마음에 맞지 아니하였다. 그저 손에 맞는 철여의 하나를 들고 <NAME>, 김<NAME>의 무리를 모조리 바서 죽이고 모든 공명을 저 혼자서만 가지고 싶었다.
<NAME>, 민 말의 말에 <NAME> 마음이 솔깃하였다. 곧 궐내로 <NAME> 상감께 <NAME>, 김<NAME>의 무리가 역모를 한다는 말을 삷고 당당히 왕명을 받아가지고 천하에 호령한다는 것이 진실로 번듯하였던 것이다.
""",[],['음에 맞지 아니하였다.'],[],[],[],0,0,0,0,0,1,0,
written_data_24619.json,edf6ab41-1f27-43b7-8244-22edd4d7a7ec,598,"""
하고 <NAME>이가 자기 말을 세우려고 한 번 더 다진다.
이렇게 되면 일등의 마음은 자연 움츠러진다. 아무쪼록 위험을 무릎쓰지 말고 공을 이루고 싶은 생각이 나는 것이다.
<NAME>(洪純老)가 나서며,
""그게, 일이 그러하지 아니하외다.",[],['그러하지 아니하외다.'],[],[],['무릎쓰지 말고 공을'],0,1,0,0,0,1,0,
written_data_24619.json,edf6ab41-1f27-43b7-8244-22edd4d7a7ec,635,그 밖에는 아무 다른 뜻이 없는 것이니 만일대감을 뵙지 말고 가라고 하 면 가지요.,[],[],[],[],['감을 뵙지 말고 가라'],0,1,0,0,0,0,0,
written_data_24619.json,edf6ab41-1f27-43b7-8244-22edd4d7a7ec,637,"""
하고 호기심이 생기는 듯이 웃는다. 나이는 칠십이 가깝지마는 백발 동안에 이빨 하나 지 지 아니하도록 정정하고 몸은 작지마는 어성은 쇳소리같이 쨍쨍하다.
""",[],['\ue71d지 지 아니하도록'],[],[],[],0,1,0,0,0,0,0,
written_data_24619.json,edf6ab41-1f27-43b7-8244-22edd4d7a7ec,641,아주 태연하고 몸에 무슨 흉기를 지닌가 싶지는 아니합니다.,[],['닌가 싶지는 아니합니다.'],[],[],[],0,0,0,0,0,1,0,
written_data_24619.json,edf6ab41-1f27-43b7-8244-22edd4d7a7ec,645,"""
하고 유쾌한 뜻이 껄껄 소리를 내어 웃는다. 만동(萬同)이라 함은 지금 네 살 먹는 <NAME>의 둘째 아들이다. 맏아들은 조동(祖同)이다.
종서는 <NAME>이 자기를 가장 큰 원수로 아는 줄을 모름이 아니요, 따라서 자기의 목숨을 엿보는 사람이 가까이 올 줄ㅇㄹ 모름이 아니나 그런 것은 호랑이 김 정승을 두렵게 할 만한 것이 되지 못하였다.
""",[],[],[],['것이 되지 못하였다.'],[],0,0,0,0,0,1,0,
written_data_24619.json,edf6ab41-1f27-43b7-8244-22edd4d7a7ec,668,"이 거는 못 분지르더라마는.""
하고<NAME>는<NAME>이가 분지른 활을 물어<NAME>를 보인다.
""",[],[],['이 거는 못 분지르더'],[],[],0,0,0,0,0,1,0,
written_data_24619.json,edf6ab41-1f27-43b7-8244-22edd4d7a7ec,669,그놈이 못 분질렀다는 것을 제가 분질러 보겠습니다.,[],[],['그놈이 못 분질렀다'],[],[],1,0,0,0,0,0,0,
written_data_24619.json,edf6ab41-1f27-43b7-8244-22edd4d7a7ec,686,"""
하고<NAME>는 자기의 귀를 의심하지 아니할 수 없었다. <NAME> 대군은 여러 번 찾아왔지마는 수양 대군은 올 까닭이 없는 것이다.
""",[],['의심하지 아니할 수'],[],[],[],1,0,0,0,0,0,0,
written_data_24619.json,edf6ab41-1f27-43b7-8244-22edd4d7a7ec,696,"""
하고 저녁상도 밀어 놓고 <NAME>의 부액을 받아 <NAME> 안중문을 나서서 대문 안 넓은 마당으로 나왔다.
바깥은 아직 그처럼 어둡지는 아니하였다. <NAME> <NAME>, <NAME>, <NAME>을 뒤세우고 우두커니 대문 안에 서 있었다.
<NAME> 국궁하여 <NAME>에게 예하고 <NAME>은 읍하여 대신에게 답례하였다.
종서의 좌우에는 <NAME>와 신 <NAME>, <NAME> 옹위하고 서서 마치 서로 대진한 것 같았다.
""",[],['럼 어둡지는 아니하였다.'],[],[],[],0,0,0,0,0,1,0,
written_data_24619.json,edf6ab41-1f27-43b7-8244-22edd4d7a7ec,703,"""
하고 <NAME> 어째 말이 두서를 잃었다.
종서가 굳이 권하는 것을 아기지 못하여 사랑 마당에까지 들어왔으나 방에는 들어오지 아 니하고 <NAME> 겨우 말머리를 찾는 듯이,
""그, 저, <NAME>(<NAME>膺夫人)일 말이요.",[],[],[],['을 아기지 못하여 사'],[],0,1,0,0,0,0,0,
written_data_24619.json,edf6ab41-1f27-43b7-8244-22edd4d7a7ec,707,"""
하고, <NAME> 부러진 사모뿔을 손에 들고 흔들었다.
기실 고이할 것은 조금도 없다. 이것이 다 <NAME>가 <NAME>에게 준 꾀다. 만일 <NAME>가<NAME>의 곁을 떠나지 아니하거든 사모뿔을 멀어뜨리라, 그리하면 반드시<NAME>가<NAME>를 시키어 가져오게 하리라, 이렇게 꾀를 정한 것이다. <NAME>가<NAME>의 곁에 있고는 비록 <NAME>, 유수, <NAME>이 합력을 하더라도<NAME>를 당하기 어려울 줄 안 것이다.
종서는 무론 그 꾀를 알았을 리가 없다. 그렇지마는 왕자(王子)가 내 집에서 사모뿔을 분지렀으니 일각이라도 주저할 수가 없어서 곧 자기의 것을 매어서,
""그게, 원, 웬일입니까.",[],['을 떠나지 아니하거든'],[],[],[],0,0,0,0,0,1,0,
written_data_24619.json,edf6ab41-1f27-43b7-8244-22edd4d7a7ec,708,"황송하오나 이것을 꽂으시겨오. ""
하고 두 손으로 <NAME>에게 드리었다.
<NAME> 계교가 틀어짐을 보았다. 이렇게<NAME>가 제 머리에 꽂았던 것을 빼어 주면 <NAME>는 곁을 떠나지 않고 말모양이니 이래서는 아니 될 것이다.
<NAME> 대군은<NAME>가 받들어 드리는 사모뿔을 받아 들고,
""그 원, 미안하외다. ""
하며 사모에 꽂아 보더니,
""허, 이것이 맞지를 않는군 좀 굵은 걸.",[],['을 떠나지 않고 말모'],[],[],[],0,1,0,0,0,0,0,
written_data_24619.json,edf6ab41-1f27-43b7-8244-22edd4d7a7ec,713,"""
하고 <NAME>를 재촉하였다.
<NAME>는 심히 난처한 경우를 당하였다. <NAME>이 온 것이 결코 심상한 일이 아니다. 아까 <NAME>가 다녀간 것이나 또 지금 <NAME>이 불량하게 생긴 위인을 데리고 와서 들어앉지도 아니하고 게다가 사모뿔을 분지로는 것이나 어느 것이 수상치 아니한 것이 없다.
그러나 부명을 어길 수가 없다. <NAME>는 사면, <NAME> 두 사람에게 한 번 더 뜻 있는 눈을 주고 안으로 들어갔다. 사면, 광은 두 사람은<NAME>의 뜻이 자기네더러<NAME>의 곁을 떠나지 말라는 것임을 알고 전보다 한 걸음을 다가들어<NAME>를 옹위하고 섰다.
""",[],['들어앉지도 아니하고 게'],[],[],['을 떠나지 말라는 것'],2,0,0,0,0,0,0,
written_data_24619.json,edf6ab41-1f27-43b7-8244-22edd4d7a7ec,714,<NAME> 대군 부인이 동래 온정에 가신 일은 소인도 들었소이다마는 종실 일이니까 정부에서 마음대로 처단할 수도 없어서 그렇지 아니하여도 나으리께 여쭈려고 하였습니 다.,[],['서 그렇지 아니하여도'],[],[],[],0,1,0,0,0,0,0,
written_data_24619.json,edf6ab41-1f27-43b7-8244-22edd4d7a7ec,716,"""
하고 최후의 결심을 하였다.
신, <NAME>은 할 수 없이 물러섰으나 서너 걸음 밖에 더 물러서지 아니하고 우뚝 섰다.
<NAME> 소매에서 편지 한 장을 내어<NAME> 앞에 내이밀며,
""여기 편지 한 장이 있으니 이것을 좀 보아 주시오.",[],['물러서지 아니하고 우'],[],[],[],0,1,0,0,0,0,0,
written_data_24619.json,edf6ab41-1f27-43b7-8244-22edd4d7a7ec,722,하늘이 무심하지 아니한 줄을 알아라.!,[],['무심하지 아니한 줄을'],[],[],[],1,0,0,0,0,0,0,
written_data_24619.json,edf6ab41-1f27-43b7-8244-22edd4d7a7ec,724,내가 죽어서라도 너를 그냥 두지는 아니하리라.,[],['그냥 두지는 아니하리라.'],[],[],[],0,0,0,0,0,1,0,
written_data_24619.json,edf6ab41-1f27-43b7-8244-22edd4d7a7ec,725,"""
하고 <NAME> 끝나기 전에 <NAME>의 칼이승규의 허리를 잘라버리었다. 이 역적놈아 하고 <NAME>가 원수 갚기를 맹세한 것은 <NAME> 대군이었다.
<NAME>의 독이 오른 상모와 말에 <NAME> 대군도 잠간 몸에 소름이 끼치었다. 그러나 양 정의 <NAME>를 마저 죽여버림을 볼 때에 <NAME> 대군은 만족한 웃음을 빙그레 웃었다. 김 <NAME>, 김 <NAME>, <NAME>, <NAME> 외 시체가 피에 떠서 가로 세로 넘어지고 유 수도 한 팔이 부러 직 옆고리를 <NAME>에게 채여 일어서지도 못하고 앉지도 못하고 가만히 누워 있을 수도 없이 비비 꼬고 꿈틀거리는 양을 한 번 더 돌려보고는,
""어, 되었네.",[],[],[],"['일어서지도 못하고 앉', '하고 앉지도 못하고 가']",[],0,2,0,0,0,0,0,
written_data_24619.json,edf6ab41-1f27-43b7-8244-22edd4d7a7ec,742,사모뿔 만으로 안 되어서 그 편지를 내어 주었네.,['만으로 안 되어서'],[],[],[],[],0,1,0,0,0,0,0,
written_data_24619.json,edf6ab41-1f27-43b7-8244-22edd4d7a7ec,747,"""
하고 <NAME> 말을 채치어서십자각을 향하여 달린다. 양 정이 그 뒤를 따르고 명회가 데리고 왔던 무사중에 두 사람이 역시 그 뒤를 따랐다.
수야 대군의 그림자가 아니 보이게 된 때에 명회는 달을 향하여 한 번 빙그레 웃었다 이제는 강원도 양양으로 아니가도 된다. 그의 계교는 귀신 같은 듯하였다. <NAME>는 자기의 계교가 하도 신통한 것을 스스로 찬탄하였다. 자기는 <NAME>(張良), <NAME>(諸葛亮)에지지 않는 모사라고 스스로 우러러보았다.
이렇게 요샛달로 하면 자기도취(自己陶醉)의 쾌미를 보면서 <NAME>는 수양 대군 궁으로 말을 달렸다.
""",[],['亮)에지지 않는 모사'],[],[],[],1,0,0,0,0,0,0,
written_data_24619.json,edf6ab41-1f27-43b7-8244-22edd4d7a7ec,750,"""
하고 이마를 조아리었다.
그러면 왕은 머쓱하여 장난을 그치고 같이 놀던 내시와 궁녀들은 돌아보지도 아니하고 내전으로 뛰어 들어가서 일부러 소리를 높이어 왱왱 글을 외었다.
글을 싫어하심은 아니었다. 아직 나이 어리시지마는 오언(五言), 칠언(七言)으로 고풍(古風)은 물론이어니와 절귀(絶句) 같은 것도 지으시어 여러 문신(文臣)들의 찬탄을 받았다. 그렇지마는 글도 잠시 잠시다. 언제나 하고 싶은 것은 장난이었다.
파조(罷朝) 후에 왕은 지긋지긋한 늙은이들의 이야기판을 벗어난 것만 기뻐서 편전(便殿)으로 나오시어서는,
""누가 윷 안 노느냐.",['누가 윷 안 노느냐.'],['돌아보지도 아니하고 내'],[],[],[],0,1,0,0,0,1,0,
written_data_24619.json,edf6ab41-1f27-43b7-8244-22edd4d7a7ec,760,그렇게 자주 민가(民家)에 거동하시는 것이 옳지 아니하외다.,[],['것이 옳지 아니하외다.'],[],[],[],0,0,0,0,0,1,0,
written_data_24619.json,edf6ab41-1f27-43b7-8244-22edd4d7a7ec,761,"하고 간(諫)하는 자가 있으면,
""구찮다. 너희들까지 나를 못견디게 구느냐. 내가 하는 일이 옳지 않거든 너희가 물러나가 서 보지를 말려무나!""
하고 왕이 발연 변색하여 책망하시는 일도 있었다.",[],['일이 옳지 않거든 너'],[],[],[],0,0,0,0,1,0,0,
written_data_24619.json,edf6ab41-1f27-43b7-8244-22edd4d7a7ec,762,이렇게나 하지 아니하면 그 충신인 체하는 작자들이 시끄러워서 견딜 수가 없었던 것이다.,[],['게나 하지 아니하면 그'],[],[],[],0,1,0,0,0,0,0,
written_data_24619.json,edf6ab41-1f27-43b7-8244-22edd4d7a7ec,764,"그러고 영양위 궁에 오신 뒤에도 승지(承旨) <NAME>(崔恒), 선전관(宣傳官) 한회(<NAME>賄), 내금위(內禁衛) <NAME>(奉石柱) 등이 각각 부서를 정하여 입직하고 금군(禁軍) 오십 명은 안에, 순군(巡軍) 오십 명은 밖에 옹위하여 새 새끼, 쥐 새끼 한 마리 얼씬하지 못하게 하였다.",[],[],[],['얼씬하지 못하게 하'],[],0,1,0,0,0,0,0,
written_data_24619.json,edf6ab41-1f27-43b7-8244-22edd4d7a7ec,769,"<NAME> 공주, 경숙옹주 두 분 누님도 왕이 기뻐하심을 만족히 여기어 아무쪼록 흥을 깨뜨리지 아니하도록 여러 가지로 장난할 것을 장만하였다.",[],['깨뜨리지 아니하도록'],[],[],[],0,1,0,0,0,0,0,
written_data_24619.json,edf6ab41-1f27-43b7-8244-22edd4d7a7ec,776,이 네 아가씨들은 국상 중이라 비록 채색 옷은 못 입는다.,[],[],['색 옷은 못 입는다.'],[],[],0,0,0,0,0,1,0,
written_data_24619.json,edf6ab41-1f27-43b7-8244-22edd4d7a7ec,786,이날도 왕께 대하여 끝없는 사랑을 가진 <NAME> 공주는 아무리 동기라 하더라도 군신지분(君臣之分)이 있으니 그 애정을 직접 왕께 표하지는 못하고 어린 아기 궁녀들에게 대신으로 주는 듯하였다.,[],[],[],['께 표하지는 못하고 어'],[],0,0,0,0,0,1,0,
written_data_24619.json,edf6ab41-1f27-43b7-8244-22edd4d7a7ec,803,그러나 밤이 깊은 지라 문을 열지 아니하고 문 틈으로 서로 말을 주고 받고 하였다.,[],['문을 열지 아니하고 문'],[],[],[],0,1,0,0,0,0,0,
written_data_24619.json,edf6ab41-1f27-43b7-8244-22edd4d7a7ec,805,"만일 <NAME>이가 아니하려면 이 밤에 <NAME> 대군이 상감께 뵈옵지 못할 것이요, 상감께 뵈옵기 전에 <NAME> 죽인 소문이 영의정 <NAME>이나 병조 판서 민 신의 귀에 들어가면 <NAME> 대군의 일은 수포로 돌아갈 것이니, 그리되면 지금 거느리고 온 삼백 명 군사로 영양위궁을 들이치고 성즉 군왕 패즉역적(成則君王敗則逆賊)의 최후 수단을 써야만 될 것인 즉 아직 여기까지는 나아갈 용기도 없고 준비도 없는 것이다.",[],[],[],['께 뵈옵지 못할 것이'],[],1,0,0,0,0,0,0,
written_data_24619.json,edf6ab41-1f27-43b7-8244-22edd4d7a7ec,820,늙은 내시의 낯빛에도 안심 못 되는 빛이 있었다.,[],[],['도 안심 못 되는 빛'],[],[],1,0,0,0,0,0,0,
written_data_24619.json,edf6ab41-1f27-43b7-8244-22edd4d7a7ec,827,"""인(仁),<NAME>(宗瑞) 놈들이 모반을 하옵기로 일이 급하와 미처 여짭지 못하옵고 적괴<NAME>를 베이옵고 그 연유를 상감께 아뢰오.""
하였다.",[],[],[],['처 여짭지 못하옵고'],[],0,1,0,0,0,0,0,
written_data_24619.json,edf6ab41-1f27-43b7-8244-22edd4d7a7ec,835,"""
하고 왕은 어린 아이답지 아니한 말을 물으시었다.
<NAME> 옳다구나 하는 듯이,
""좌찬성이 양(左贊成李穰)허옵고.""
하고 꼽기를 시작한다.
""",[],['아이답지 아니한 말을'],[],[],[],1,0,0,0,0,0,0,
written_data_24619.json,edf6ab41-1f27-43b7-8244-22edd4d7a7ec,841,"""<NAME>(尹處恭), 이 <NAME>(李命敏), <NAME>(<NAME>矩), <NAME>(<NAME>蕃) 등은 안에서 응하옵고 함길도 절제사 <NAME>(咸吉道節制使 李澄玉)은<NAME>의 심복이옵고 종성부사(鐘城府使) 이경유는 <NAME>의 명을 받아 병기(兵器)를<NAME>의 집으로 실어왔삽고 평안도 관찰사(平安道(觀察使) 조수량(<NAME>邃良), 충청도(忠淸道) 관찰사(觀察使) 안 완경(安完慶)은 다 이 무리외다.""",[],[],[],[],[],0,0,0,0,0,0,0,
written_data_24619.json,edf6ab41-1f27-43b7-8244-22edd4d7a7ec,845,<NAME> 왕의 등을 만지시며 그 사람들의 충성을 말씀하시고 어떤 사람이 참소를 하더라도 결코 의심하지 말고 끝까지 믿으라고 유훈이 계시었다.,[],[],[],[],['의심하지 말고 끝까'],0,1,0,0,0,0,0,
written_data_24619.json,edf6ab41-1f27-43b7-8244-22edd4d7a7ec,856,"만일 <NAME>, 김 <NAME> 치어버리고 만다 하면 참을 수도 있으려니와 <NAME> 대군이 어리었을 때부터 길러내나 다름이 없는 김, 한 두 내시는 수양 대군의 야심이 거기에만 그치지 아니하고 반드시 용상(龍床)에 올라 앉는 것임을 짐작한다.",[],['만 그치지 아니하고 반'],[],[],[],0,1,0,0,0,0,0,
written_data_24619.json,edf6ab41-1f27-43b7-8244-22edd4d7a7ec,858,천하고 늙은 몸이 아무것ㄷ 가진 것이 없고 있는 것이 오직 물 불도가리지 아니하는 한 조각 충성된 마음과 부월로도 능히 굽히지 못할 곧은 혀가 있을 뿐이다.,[],['불도가리지 아니하는 한'],[],['히 굽히지 못할 곧은'],[],2,0,0,0,0,0,0,
written_data_24619.json,edf6ab41-1f27-43b7-8244-22edd4d7a7ec,880,"""
하고 소리를 내어 울으시었다.
<NAME> 대군은 왕의 우는 얼굴을 굽어보았다. 비록 심히 숙성하신 왕이라 하더라도 우는 얼굴은 더욱이 어리시게 보이었다. <NAME> 대군은 피묻은 칼을 옷자락으로 씻어 칼집에 넣었다.
<NAME> 왕께 대하여 잠시 측은한 마음이 생기었따. 그렇지 아니하더면 두 늙은 내시를 베이던 칼로 왕을 해하였을는지 모른다. 그것은 <NAME> 자신도 모르는 것이다.
""",[],['. 그렇지 아니하더면'],[],[],[],0,1,0,0,0,0,0,
written_data_24619.json,edf6ab41-1f27-43b7-8244-22edd4d7a7ec,889,"""
하시고 물러가지 말라 하시었다.
이 말씀에 모두 소매로 낯을 가리웠다.
왕은 <NAME>의 말을 들어 훈련(訓練)도감(島監) <NAME>(成勝)에게 밀서를 내리시려 하였으나 나인 하나만 마당에 나서도 군사가 내달아 어디로 가느냐 무엇하러 가느냐 하여 두 손을 펴 보아라 하고 몸을 뒤지며 안 중문 밖으로는 고양이 하나 얼씬 못하게 하니 그 계획도 수포로 돌아가고 말았다. (<NAME> 성삼문의 아버지다.) 왕의 침소에서는 왕 이하로 칠판이 ㄴ사람들이 마치 같힌 새 모양으로 가슴을 두근거리며 맥맥히 서로 바라보고 밖에서 들리는 소리에 귀만 기울이었다.
이따금 <NAME> 공주와 경숙 <NAME>의 참다 못하여 터지는 울음 소리가 방안에 울려 사람들의 분함과 슬픔을 자아내었다.
""",[],[],[],[],['물러가지 말라 하시'],0,0,0,1,0,0,0,
written_data_24619.json,edf6ab41-1f27-43b7-8244-22edd4d7a7ec,892,"압다이 사람, 자네는 벌써<NAME> 놈을 하나 잡지 아니하였다.",[],['하나 잡지 아니하였다.'],[],[],[],0,0,0,0,0,1,0,
written_data_24619.json,edf6ab41-1f27-43b7-8244-22edd4d7a7ec,897,자네 따위가<NAME> 앞에 가면 고양이 본 쥐같이 기운을 못 썼을 것일세.,[],[],['기운을 못 썼을 것'],[],[],0,0,0,0,0,1,0,
written_data_24619.json,edf6ab41-1f27-43b7-8244-22edd4d7a7ec,908,"""
명회의 이 말에<NAME>과 양정은 서로 바라본다. 시골서 올라와서 벼슬도 못하는 놈들이 이조 판서의 얼굴을 먼발치 우러러 볼 기회라도 있었을 리가 없었다. 그중에 오직 구치관이 벼슬은 아직 전적(典籍)에 지나지 못하였으나 과거한지 이십년이나 되도록 각 마을로 미관말직을 다니었기 때문에 대관들의 얼굴 모르는 사람이 없었다. 더구나 벼슬 아니 올려 준다고 평생에 미워하던 조극관. <NAME>의 얼굴을 그믐 밤에라도 못 알아낼 리가 없었다. 오늘 밤 이 중임을 맡은 것도 그 덕이었다.
""",[],[],['밤에라도 못 알아낼'],['에 지나지 못하였으나'],[],1,0,0,0,0,1,0,
written_data_24619.json,edf6ab41-1f27-43b7-8244-22edd4d7a7ec,910,"""
하고 홍 <NAME>가 웃는다.
구치관(具致寬)도 한명회의 이른바 불평객 중의 하나다. 그가 수십 년 환로(宦路) 옥(玉) 관자(貫子)하나 못 얻어 붙이고 <NAME> 불평한 눈치를 보고 <NAME>가 수양 대군의 이름을 팔아서 끌어온 것이다. <NAME>은 <NAME>, <NAME>, <NAME> 등 과거의 동시에 즉 <NAME> 갑인에 문과에 오른 사람이다.
<NAME> 대군 휘하에 들어가서는 각 마을의 내정과 대관들의 언동을 염탐하는 일을 맡았고 오늘 밤에는 들어오는 사람이 누구인지를 알아내는 직분을 맡은 것이다. 구치관이가 보기에 저보다 벼슬이 높은 놈은 다 자기의<NAME>마는 그중에도 미운 것은 <NAME>과 <NAME>와 <NAME>가 조극관이였었다.
""",[],[],['子)하나 못 얻어 붙'],[],[],0,1,0,0,0,0,0,
written_data_24619.json,edf6ab41-1f27-43b7-8244-22edd4d7a7ec,943, 하고 <NAME> 눈을 감는다. 뜻은 극의 정권을 내 손에 쥐려는 욕심을 채운다는 말이다. 안평 대군이 아무리 못살게 굴어도 <NAME>가 죽여 주었다면 이런 맞추임은 일어나지 않았을 것이다. 그렇지마는 만일 <NAME> 대군이 안평 대군을 살리고 싶어 하는 빛을 조금만 보이고 말면 <NAME> 그것이 한 면치레인 줄 알고 '어 안되오.,[],['일어나지 않았을 것'],[],[],[],1,0,0,0,0,0,0,
written_data_24619.json,edf6ab41-1f27-43b7-8244-22edd4d7a7ec,948,"""단정코 <NAME> 대군에게 사사(儩死)를 하여야지요. 그러고 우선 허 후와 그 연루자를 일변 엄벌하고 또 성화같이 내외에 퍼지어 있는 <NAME>, 김 <NAME>의 잔당을 사실(査實)하여서 모조리 소멸(消滅)하여야 하지요. 지금에 순을 자르지 아니하면 나중에 큰 나무를 꺾어야 하 게 될 것이외다.
이렇게 정 인지의 의견은 심히 고압적 무단적이었다.
""",[],['을 자르지 아니하면 나'],[],[],[],0,1,0,0,0,0,0,
written_data_24619.json,edf6ab41-1f27-43b7-8244-22edd4d7a7ec,980,"다만 그 <NAME> 원통하게 죽은 <NAME>의 아들이라, 또 이제 겨우 열다섯 살밖에 안 된 어린 소년이라 형장에 들어설 때에 보는 사람들은 안타까움을 금치 못했다.",['살밖에 안 된 어린'],[],[],[],[],1,0,0,0,0,0,0,
written_data_24619.json,edf6ab41-1f27-43b7-8244-22edd4d7a7ec,982,"이제 <NAME> 왕에게 청하여, ""다시는 적도에 관한 말을 하지 말라.""는 명령을 내리게 하였다.",[],[],[],[],"['말을 하지 말라.""는']",0,0,0,1,0,0,0,
written_data_15205.json,0b126166-a042-4da7-b5e3-bbdefd7c1a62,2,하지만 이 전화선은 한반도를 아우르지 못하고 일본-조선- 만주 연결에 초점을 맞추거나 반일 움직임을 감지하기 위한 경비 통신에 집중되었다.,[],[],[],['아우르지 못하고 일'],[],0,1,0,0,0,0,0,
written_data_15205.json,0b126166-a042-4da7-b5e3-bbdefd7c1a62,10,"하지만 전기통신은 기본적으로 전신선을 가설해야 하는 설비산업인데, 남북 분단과 6.25 전쟁으로 전신선을 가설할 수 있는 기본적 환경이 조성되지 않았고 그나마 가설되었던 전신선마저 파괴, 훼손되었다.",[],['조성되지 않았고 그'],[],[],[],0,0,0,0,0,1,0,
written_data_15205.json,0b126166-a042-4da7-b5e3-bbdefd7c1a62,14,그럼에도 불구하고 전화선 공급이 원활하지 않아 사회적 문제가 발생했다.,[],['원활하지 않아 사회'],[],[],[],0,1,0,0,0,0,0,
written_data_15205.json,0b126166-a042-4da7-b5e3-bbdefd7c1a62,23,현대 한국의 전화 기술은 여기에서 멈추지 않았다.,[],['서 멈추지 않았다.'],[],[],[],0,0,0,0,0,1,0,
written_data_15205.json,0b126166-a042-4da7-b5e3-bbdefd7c1a62,26,1980년대 무선통신은 통신보안의 취약성으로 활용되지 못했다.,[],[],[],['활용되지 못했다.'],[],0,0,0,0,0,1,0,
written_data_15205.json,0b126166-a042-4da7-b5e3-bbdefd7c1a62,42,"초기 무선전화기는 집을 벗어나지 못했지만, 이 전화기로는 전화가 선으로 연결되지 않아도 된다는 생각을 하게 되었다.",[],['연결되지 않아도 된'],[],"['벗어나지 못했지만,']",[],0,1,0,0,0,1,0,
written_data_15205.json,0b126166-a042-4da7-b5e3-bbdefd7c1a62,44,이 이동 수단은 유지하기가 쉽지 않고 수송 용량도 적었지만 움직이는 차 안에서 통화가 가능하다는 인식을 심어주었다.,[],['기가 쉽지 않고 수송'],[],[],[],0,0,0,0,0,1,0,
written_data_15205.json,fd8831a6-c2bf-449a-a717-b1a958b651fc,64,처음에는 활자를 갖추지 못해 손으로 필사하여 순국문으로 석판인쇄하여 매월 2회 발행하였다.,[],[],[],['를 갖추지 못해 손으'],[],0,1,0,0,0,0,0,
written_data_15205.json,fd8831a6-c2bf-449a-a717-b1a958b651fc,69,"또한, 1907년 제국신문이 재정난에 빠졌을 때는 의연금 모금을 하였고, 대한매일신보의 애국정신에 대해서도 큰 관심을 보이면서 찬사와 격려를 아끼지 않았다.",[],['를 아끼지 않았다.'],[],[],[],0,0,0,0,0,1,0,
written_data_15205.json,e5a6950e-9055-40f9-98f8-a1d9759b97a8,114,"영 조대에 연경의 현손인 득후가 상직을 양자로 들이었는데, 상직은 대사간 벼슬을 맡고 있으면서 입 조하지 못하였다.",[],[],[],['입 조하지 못하였다.'],[],0,0,0,0,0,1,0,
written_data_15205.json,e4ad151c-3885-402a-9725-fa7f27f3fcb1,121,하지만 정작 충청주도 소속의 역 시설은 한 군데도 존재하지 않는 것이 계수관 충주이다.,[],['존재하지 않는 것이'],[],[],[],1,0,0,0,0,0,0,
written_data_15205.json,e4ad151c-3885-402a-9725-fa7f27f3fcb1,127,충주와 청주의 고을 이름을 합쳐 만든 역도 명칭인 충청주도는 청주 관내에 역과 역로가 분포하지 않아 역도 명칭의 유래에서 예외적인 사례이다.,[],['분포하지 않아 역도'],[],[],[],0,1,0,0,0,0,0,
written_data_15205.json,e4ad151c-3885-402a-9725-fa7f27f3fcb1,128,하지만 충청주도 내에 높은 산이나 큰 하천이 존재하지 않아 원활하게 상호간의 교통 활동이 이루어졌다.,[],['존재하지 않아 원활'],[],[],[],0,1,0,0,0,0,0,
written_data_15205.json,17ef71a7-c4f5-45ed-b827-1585313f0d70,227,우리나라 최초의 근대신문이라 할 수 있는 한성순보나 신문의 대중화를 이끈 독립신문 등 초기 신문에는 시사성을 다룬 만화는 실리지 않았다.,[],['는 실리지 않았다.'],[],[],[],0,0,0,0,0,1,0,
written_data_15205.json,17ef71a7-c4f5-45ed-b827-1585313f0d70,231,하지만 대한 민보는 동판 시설을 갖추지 못한 인쇄소에서 목판으로 조각을 하여 찍은 까닭에 선이 부드럽지 않고 투박하였다.,[],['부드럽지 않고 투박'],[],['을 갖추지 못한 인쇄'],[],1,0,0,0,0,1,0,
written_data_15205.json,17ef71a7-c4f5-45ed-b827-1585313f0d70,289,"박광수의 광수생각은 1997년부터 조선일보에 연재되고 있는데, 시사성에 구애받지 않고 유머와 위트를 중심으로 한 신선한 작법으로 인기를 끌고 있는데, 신 훔치라는 주인공을 통해 시사성에 구애받지 않고 표현되는 유머와 위트 위주의 신선한 작법이 인기를 얻고 있다.",[],"['구애받지 않고 유머', '구애받지 않고 표현']",[],[],[],0,2,0,0,0,0,0,
written_data_15205.json,17ef71a7-c4f5-45ed-b827-1585313f0d70,298,<NAME>이 일간 스포츠에 장편 극화 임꺽정 · 수호지 · 일지매  · 초한지  등을 연재하면서 극화의 초석을 마련한 것은 오래되지 않은<NAME>의 극화이다.,[],['오래되지 않은<NA'],[],[],[],1,0,0,0,0,0,0,
written_data_15205.json,17ef71a7-c4f5-45ed-b827-1585313f0d70,341,"청소년 만화나 극화는 성인 극화와 차이가 뚜렷하지 않고, 다만 청소년 대상의 신문 및 잡지에 실리느냐 아니면 일반 주간지 또는 일간지에 실리느냐에 따라 구별되는 것이다.",[],"['뚜렷하지 않고, 다']",[],[],[],0,0,0,0,0,1,0,
written_data_15205.json,17ef71a7-c4f5-45ed-b827-1585313f0d70,345,"만화영화는 원래 어린이부터 어른까지 모두 즐길 수 있는 것이지만, 우리나라에서는 그 범위가 그리 넓지 않다.",[],['그리 넓지 않다.'],[],[],[],0,0,0,0,0,1,0,
written_data_15205.json,17ef71a7-c4f5-45ed-b827-1585313f0d70,348,그렇지만 만화영화가 기업화되지는 못했다.,[],[],[],['기업화되지는 못했다.'],[],0,0,0,0,0,1,0,
written_data_15205.json,17ef71a7-c4f5-45ed-b827-1585313f0d70,360,"다작을 하다 보면 아이디어를 내지 못해 그런 결과가 나오기도 하겠으나, 일본의 문화권에 근접해 있는 데다 매스미디어를 통한 정보의 근접성으로 모작의 실태가 외국에까지 쉽게 알려질 수 있다.",[],[],[],['어를 내지 못해 그런'],[],0,1,0,0,0,0,0,
written_data_15205.json,17ef71a7-c4f5-45ed-b827-1585313f0d70,379,"한편 1990년대 들어서면서 공주 전문대학을 비롯하여 순천대학교 · 상명대학교 · 세종대학교 등 12개 대학에 만화학과가 정규과목으로 채택되었지만, 임청산과<NAME>이 정규 강의를 맡았을 뿐 아직 정착단계에 이르지는 못했다.",[],[],[],['에 이르지는 못했다.'],[],0,0,0,0,0,1,0,
written_data_15205.json,43b622a5-d7d5-4aa0-ab88-d8837a47d5b9,478,조선 후기에는 창검의 효용이 거의 상실되었기 때문에 대부분의 창이 실전용보다는 의장용 기창으로 사용되었으며 현존하는 몇 안 되는 창 유물도 대부분 기창의 일종이다.,['하는 몇 안 되는 창'],[],[],[],[],1,0,0,0,0,0,0,
written_data_15205.json,7cd8568b-aa77-47ad-be63-3be22d478942,488,소란반자로 꾸민 천장은 일반적인 다포집의 천장과 다르지 않다.,[],['과 다르지 않다.'],[],[],[],0,0,0,0,0,1,0,
written_data_15205.json,7cd8568b-aa77-47ad-be63-3be22d478942,491,"원래 가구 식인 기단은 지대석이 매몰되고 갑석은 보이지 않으며, 소맷돌이 남아있는 계단도 마모가 심하다.",[],"['은 보이지 않으며,']",[],[],[],0,0,0,0,0,1,0,
written_data_15205.json,4ebf6da2-8253-4a62-a163-9b7dbc14de94,542,"또한 사무실과 가정에서 낭비되는 종이를 줄이자는 종이 없는 날 캠페인, 과소비와 지구환경 보존을 위해 아무것도 사지 않는 날 캠페인, 내복 입기 캠페인 등 시민과 함께하는 캠페인을 전개해 시민의식 향상에도 힘쓰고 있다.",[],['것도 사지 않는 날'],[],[],[],1,0,0,0,0,0,0,
written_data_15205.json,9621904a-a43f-43f8-80c0-86062b6f2d44,626,하지만 사할린주 공산당위원회의 기관지로 바뀐 뒤에는 사할린에서 한국어를 보존하는 데 적지 않은 기여를 했다.,[],['데 적지 않은 기여'],[],[],[],1,0,0,0,0,0,0,
written_data_15205.json,6ae06077-2c51-4c66-94d7-1326f70c0566,642,"오어사의 창건은 신라 진평 왕대인데, 대웅전의 초창기 연대는 전해지지 않는다.",[],['전해지지 않는다.'],[],[],[],0,0,0,0,0,1,0,
written_data_15205.json,6ae06077-2c51-4c66-94d7-1326f70c0566,649,오어사 대웅전은 석가 삼존불을 안 상이 3단으로 구성된 수미단 위에 안치하고 그 뒤에 불벽을 만들어 불화를 걸었다.,[],[],[],[],[],0,0,0,0,0,0,0,
written_data_15205.json,6ae06077-2c51-4c66-94d7-1326f70c0566,660,"양 측면에는<NAME>와 출입문을 설치하지 않았지만, 후면 어칸의 중심부에 전면과 같은 꽃살청판문을 외닫이로 설치하였다.",[],"['설치하지 않았지만,']",[],[],[],0,0,0,0,0,1,0,
written_data_15205.json,25a546a7-8a01-45ce-afd7-07777bd6cd2b,667,"한 개의 돌로 8각의 가운데 받침돌도 이루어졌는데, 각 면에는 1구씩의 안 상이 얕게 오목 새김되었다.",[],[],[],[],[],0,0,0,0,0,0,0,
written_data_15205.json,25a546a7-8a01-45ce-afd7-07777bd6cd2b,679,"이 승탑이 원각 국사비에서 그리 멀리 떨어져 있지 않으므로, 건립 시기는 비가 세워진 1180년(명종 10) 경으로 짐작된다.",[],"['어져 있지 않으므로,']",[],[],[],0,0,0,0,1,0,0,
written_data_15205.json,41d392d0-bb3c-4780-b5a4-bb0190277bd5,681,산록에서 흐르는 자연암반의 상면을 평평하게 다듬어 기단을 만들지는 않았다.,[],['을 만들지는 않았다.'],[],[],[],0,0,0,0,0,1,0,
written_data_15205.json,a58aac7d-23b5-4e68-94a2-fd7cd130f644,692,"사리 장치는 서울특별시 용산구 용산동 6가 국립 중앙 박물관에 있으며, 2005년 새 국립중앙박물관 개관과 함께 용산으로 옮길 예정이었으나 상태가 좋지 않아 현 위치에 그대로 보존하게 되었다.",[],['태가 좋지 않아 현'],[],[],[],0,1,0,0,0,0,0,
written_data_15205.json,8a60c50a-2143-4386-b604-faa983063613,721,"국내에도 일부 유입되어 독자들에게 많은 영향을 주기도 하였지만, 일제의 철저한 감시로 국권을 완전히 상실한 1910년 이후에는 국내 독자에게는 거의 배포되지 않았다.",[],['배포되지 않았다.'],[],[],[],0,0,0,0,0,1,0,
written_data_15205.json,6e63e636-0b02-46cc-bf87-6d035c3ae87b,745,건물은 큰 부재를 간결하게 가구를 하였고 세부적인 부분도 간결하여 판고에 요구되는 기능을 충족시키기 위한 것 이외에는 장식적인 의장을 가하지 않았다.,[],['을 가하지 않았다.'],[],[],[],0,0,0,0,0,1,0,
written_data_15205.json,6e63e636-0b02-46cc-bf87-6d035c3ae87b,746,즉 갖가지 형태의 평초석 위에 배흘림이 큰 원주를 세워 기둥 위에는 주두를 올리고 그 위에 대들보 끝을 얹어서 도리가 좌우로 구르지 않게 고정하는 부재인 초공을 놓는다.,[],['로 구르지 않게 고정'],[],[],[],0,1,0,0,0,0,0,
written_data_15205.json,7e97e09c-c470-47f9-b2cf-9a12e266160d,762,그러나 탑 앞에 받침대처럼 놓여 있는 3층의 옥신석 외에는 2층의 옥신석밖에 올려놓지 못하고 있었다.,[],[],[],['올려놓지 못하고 있'],[],0,0,0,0,0,1,0,
written_data_15205.json,88ae1aaa-2d13-45dc-8def-716673cfb674,768,"김육(金堉)의 《잠곡필담 潛谷筆談》에 “서양 사람이 만든 자명종을 정두원이 북경에서 가져왔으나 그 운용의 묘를 몰랐고, 그 시각이 상합(相合) 됨을 알지 못하였다. ”고 기록되어 있는 것과 1636년에 김육이 명나라에 가서 자명종을 보았으나 그 기계의 원리와 운용의 묘를 몰랐다는 것으로 보아 그 사용방법이 그다지 쉬운 일은 아니었던 것 같다.",[],[],[],['됨을 알지 못하였다.'],[],0,0,0,0,0,1,0,
written_data_15205.json,17db174d-00c8-4f22-a8e4-d8d86c4416a3,775,"활부녀사의 사명으로는 부녀의<NAME>된 가정의 선도자화, 다양한 국내외의 신지식 수용, 정신적이며 물질적인 자기발전, 사상과 주의에 관한 선량한 판단력 육성 등을 제시하고 있으나 창간호가 전해지지 않아 발간 의도를 알 수 없다.",[],['전해지지 않아 발간'],[],[],[],0,1,0,0,0,0,0,
written_data_15205.json,7f322eff-10f9-440c-8d85-f58fbde4e0b0,796,그런데 열평형상태의 물질은 낮은 에너지 상태의 원자 수가 높은 상태의 원자 수보다 많은 관계로 입사광은 유도 흡수만 하고 유도방출은 실현되지 않는다.,[],['실현되지 않는다.'],[],[],[],0,0,0,0,0,1,0,
written_data_15205.json,7f322eff-10f9-440c-8d85-f58fbde4e0b0,798,그 이후 이것을 실증하려는 실험을 1930∼40년대에 걸쳐 많은 과학자들이 시도하였으나 성공하지 못하였다.,[],[],[],['성공하지 못하였다.'],[],0,0,0,0,0,1,0,
written_data_15205.json,7f322eff-10f9-440c-8d85-f58fbde4e0b0,800,이때의 유도방출 펄스는 매우 적어서 정미의 증폭은 실현되지 못하였다.,[],[],[],['실현되지 못하였다.'],[],0,0,0,0,0,1,0,
written_data_15205.json,7f322eff-10f9-440c-8d85-f58fbde4e0b0,847,"이것은 레이저만 판매하는 것이고, 관련 부품은 판매하지 않는 것이다.",[],['판매하지 않는 것이'],[],[],[],1,0,0,0,0,0,0,
written_data_15205.json,398a6273-7258-47c1-8a19-6b508aa24e92,889,"1626년(인조 4) 6월 영남의 유생들이 통문을 돌려 관찰사를 성토하여 마침내 방백(方伯), 원탁(元鐸)을 물러나게 한 일이 있으며, 그와는 반대로 임진왜란 당시 경상우도의 감사 김성일(金誠一)이 좌도의 감사로 제수(천거에 의하지 않고 임금이 직접 관리를 임명하는 일) 되자 우도 사민(士民)들이 통문을 돌려서 향교에 모여, 김성일을 머물러 있게 하여 달라는 상소를 올리기도 하였다.",[],['에 의하지 않고 임금'],[],[],[],0,1,0,0,0,0,0,
written_data_15205.json,398a6273-7258-47c1-8a19-6b508aa24e92,907,"한편, 일부<NAME>에서도 통문을 악용하여 백성들에게 억지로 금품을 거두어들이려는 경우가 적지 않았는데, “서원에 제수전(祭需錢)이 필요하니 모일(某日)까지 얼마를 봉납하라. ”는 내용에 이른바 까막 패자〔墨牌〕라 불리던 묵인이 찍힌 통문을 돌려, 이에 응하지 않으면 사형(私刑)을 가하기도 하였다.",[],"['우가 적지 않았는데,', '에 응하지 않으면 사']",[],[],[],0,1,0,0,1,0,0,
written_data_15205.json,398a6273-7258-47c1-8a19-6b508aa24e92,912,통문 한쪽 모서리에 이것을 일일이 돌려보되 고을 안에서 지체하지 말기를 바라오.,[],[],[],[],['지체하지 말기를 바'],0,0,1,0,0,0,0,
written_data_15205.json,398a6273-7258-47c1-8a19-6b508aa24e92,916,통문의<NAME>을 사용하지 않고 일반 백성들이 주로 이용하였다는 점에서 그 커뮤니케이션 사적 의의가 크다고 할 수 있다.,[],['사용하지 않고 일반'],[],[],[],1,0,0,0,0,0,0,
written_data_15205.json,5e123519-e58d-4af3-9e9e-8908386ecb61,928,이렇게 하면 둔해 보이지 않고 날씬하고 힘 있어 보인다.,[],['해 보이지 않고 날씬'],[],[],[],0,0,0,0,0,1,0,
written_data_15205.json,5e123519-e58d-4af3-9e9e-8908386ecb61,929,"또한 서까래나 부연의 말고를 직절하지 않고 빗 자르며, 양 옆면도 폭이 좁고 위가 넓은 역사다리 꼴로 만들어 아래에서 바라봤을 때 시각적인 안정감과 위가 좁아 보이는 착시현상을 없애준다.",[],['직절하지 않고 빗'],[],[],[],0,1,0,0,0,0,0,
written_data_15205.json,ca8657d6-b7ff-42a5-bb27-80560a877b56,955,"같은 시기인 1920년 봄에는 프리 아무르주 공산당위원회(프리 아무르) 조선부(고려부)기관지인 신문 새 세계, 흑하 공청 동맹의 잡지 붉은 별, 대한 국민의회 기관지 자유보가 발행되었지만, 이 출판물들도 지속적으로 발행되지는 못했다.",[],[],[],['발행되지는 못했다.'],[],0,0,0,0,0,1,0,
written_data_15205.json,ca8657d6-b7ff-42a5-bb27-80560a877b56,965,발행 사정이나 경영은 정기간행물인 신문 형태였지만 원활하지는 않았다.,[],['원활하지는 않았다.'],[],[],[],0,0,0,0,0,1,0,
written_data_4312.json,c1d97f49-dd49-42f7-9036-365580222047,64,"등의 사례
2) 아나필락시스 양 반응(75건)* 및 아나필락시스 쇼크(2건) 의심사례로 의료기관에서 신고된 사례
* 예방접종 후 2시간 이내 호흡곤란, 두드러기 등의 증상이 나타난 경우로 아나필락시스와는 다름 3) 경련(1건), 중환자실 입원(7건) 포함  예방접종 후 이상반응으로 의심되어 신고된 건으로 인과성이 확인되지 않은 사례이며, 사망이나 아나필락시스 등의 중증 사례는 주간 단위로 신고현황 검증을 통해 업데이트함.",[],['확인되지 않은 사례'],[],[],[],1,0,0,0,0,0,0,
written_data_4312.json,638802c6-17ed-48f2-ad48-01a861884c92,77,"학계·법조계 등 각계 전문가, 행정심판 발전방안 토론회에서 열띤 토론 진행 - ""국민권익위 행정심판-부패 방지-고충민원 연계해 국민권익 구제 효과 상승"" -  행정심판을 청구 요건을 갖추지 못했더라도 권리 구제 여지는 있다면 '고충민원'으로 접수해 처리하고, 불공정·불투명 행정 처분을 '행정심판'으로 구제하는 등 국민권익위원회의 부패 방지, 고충민원 기능과 연계할 수 있다는 의견이 나왔음.",[],[],[],['을 갖추지 못했더라도'],[],0,1,0,0,0,0,0,
written_data_4312.json,638802c6-17ed-48f2-ad48-01a861884c92,80,우선 '행정심판의 부당성 판단 확대'와 관련해 <NAME> 교수는 부당행정에 대한 직권 취소가 가능한 이상 심판청구 요건을 갖추지 못한 청구라도 조정을 통해 부당행정을 시정할 수 있다는 의견을 내놓았음.,[],[],[],['을 갖추지 못한 청구'],[],1,0,0,0,0,0,0,
written_data_4312.json,638802c6-17ed-48f2-ad48-01a861884c92,81,"행정심판 청구 요건을 갖추지 못했더라도 권리 구제 여지는 있다면 고충민원으로 접수해 처리하고, 불공정·불투명 행정으로 인한 처분을 행정심판으로 구제하는 등 적극적인 부당성 판단으로 국민권익위의 부패 방지, 고충민원 기능과 상승효과를 낼 수 있다는 것이 교수의 의견임.",[],[],[],['을 갖추지 못했더라도'],[],0,1,0,0,0,0,0,
written_data_4312.json,829adbbd-5b1f-482e-9c54-474b0845c713,107,"찬 공기 가축에 직접 닿지 않게 하고, 틈새바람 꼼꼼하게 막아야 -
□ 농촌진흥청(청장 <NAME>)은 가축의 면역력 저하와 호흡기 질환 예방을 위해 환절기, 동절기 꼼꼼한 축사관리를 당부했음.",[],['직접 닿지 않게 하고'],[],[],[],0,1,0,0,0,0,0,
written_data_4312.json,829adbbd-5b1f-482e-9c54-474b0845c713,113,"○ 개방형 돈사, 계사는 윈치 커튼을 밀봉하고 파이프 입기구나 이중 윈치 커튼 등의 구조물을 이용해 가축에게 차가운 공기가 직접 닿지 않도록 환기시킴.",[],['직접 닿지 않도록 환'],[],[],[],0,1,0,0,0,0,0,
written_data_4312.json,829adbbd-5b1f-482e-9c54-474b0845c713,114,"음압식 환기를 실시할 때는 틈새바람으로 열 환경이 불균일해질 수 있으므로 사용하지 않는 환기구나 천정, 벽면의 이음새, 출입문 등을 밀봉해 기밀성을 높여줌.",[],['사용하지 않는 환기'],[],[],[],1,0,0,0,0,0,0,
written_data_4312.json,829adbbd-5b1f-482e-9c54-474b0845c713,117,"적온 판정은 온도 센서에만 의지하지 말고 가축의 분포 상태, 활동량 등을 세밀하게 살펴봄.",[],[],[],[],['의지하지 말고 가축'],0,1,0,0,0,0,0,
written_data_4312.json,cec72a1e-d68c-4e84-9cc6-fc2bcca633bb,137,"※기존에는 피해 학생 측에 정확한 안내가 이루어지지 않아, 절차와 방법을 가이드북에 명시함. ▪가해학생이 재심을 청구한 경우, 재심 기관이 달라 피해 학생이 그 내용에 대해 알지 못하고 참여하지 못함",[],"['이루어지지 않아, 절']",[],"['대해 알지 못하고 참', '참여하지 못함']",[],0,2,0,0,0,1,0,
written_data_4312.json,cec72a1e-d68c-4e84-9cc6-fc2bcca633bb,140,"지금까지는 경찰이 수사 중인 사안에 대한 정보 공유가 원활하지 않아, 학교 현장에서 가해학생에 대한 조사를 어렵게 함",[],"['원활하지 않아, 학']",[],[],[],0,1,0,0,0,0,0,
written_data_4312.json,054d4ded-2bab-4afa-90ee-5b96f2dd9139,173,"국민권익위, ""허위거래 아닌 것을 확인하고도 세금 부과 취소하지 않는 것은 부당""
- 정상거래 당사자 중 한쪽 업체의 세금 취소했다면 상대 업체도 취소해야 -
□ 국민권익위원회(위원장 <NAME>, 이하 국민권익위)는 지난달 8일,""거래 업체들은 정상거래로 인정해 세금을 취소했는데도 우리 회사만 허위거래로 보고 세금을 부과한 것은 부당함.""라며 ㄱ업체가 낸 민원에 대해 ""ㄱ업체에 대한 과세처분을 취소하라.""라고 관할세무서에 시정권고했다고 밝혔음.",[],['취소하지 않는 것은'],[],[],[],1,0,0,0,0,0,0,
written_data_4312.json,3758058d-cc75-42ff-aef4-1af9880d3b10,186,"특히, 이번<NAME>대회에서는 실제 공모 작품을 제출하지 않아도 참가할 수 있는 아이디어 공모와 함께 '13년부터 매년 실시해온 온맵 활용 사례 공모도 함께 진행함.  지난해 최우수상을 수상한 농어촌 학교 통학버스 노선도 표시 '농어촌 통학버스 노선도 온맵으로 척척'처럼 올해도 일상생활에서 활용할 수 있는 다양한 사례와 아이디어가 발굴될 것으로 보임.",[],['제출하지 않아도 참'],[],[],[],0,1,0,0,0,0,0,
written_data_4312.json,a1435a79-fd19-4433-bec2-5c11654e3719,202,"단, 해양수산부가 저작권 전체를 갖고 있지 아니하므로, 사진, 이미지, 일러스트, 등의 일부 자료는 해당 저작권자의 허락을 받아야 자유롭게 이용할 수 있음.",[],"['갖고 있지 아니하므로,']",[],[],[],0,0,0,0,1,0,0,
written_data_4312.json,3ca022b5-8146-48b6-9872-2f6020958de6,213,"제15조(과징금) ① ∼ ④ (생략)
제15조(과징금) ① ∼ ④ (현행과 같음)
⑤ 방송통신위원회는 제1항 또는 제2항에 따른 과징금을 내야 할 자가 납부기한까지 내지 아니하면 기간을 정하여 독촉하고, 그 지정된 기간에 과징금 및 제4항에 따른 가산금을 내지 아니하면 국세 체납처분의 예에 따라 징수함.",[],"['까지 내지 아니하면 기', '금을 내지 아니하면 국']",[],[],[],0,0,0,0,2,0,0,
written_data_4312.json,8a4ce201-5469-4bb5-8b39-a33c1843574c,351,"원래 그는 20일(토) 참전용사 위로행사에서 평화의 사도 메달을 수여받기를 희망했으나, 건강상의 이유로 참석하지 못하게 되자 <NAME> 국가보훈처 차장이 직접 집을 방문하였음.",[],[],[],['참석하지 못하게 되'],[],0,1,0,0,0,0,0,
written_data_4312.json,8a4ce201-5469-4bb5-8b39-a33c1843574c,367,"참전을 잊지 않고, 참전으로 맺은 인연을 미래세대까지 이어가기 위해 앞으로도 국제보훈사업을 더욱 발전시켜 나갈 계획임.",[],"['전을 잊지 않고, 참']",[],[],[],0,1,0,0,0,0,0,
written_data_4312.json,82ac8eac-ad34-427a-ad90-789b59c81e7c,483,검거 사례 중 26%는 마약 구매자가 사기 피해를 당해도 신고하지 못하는 약점을 이용한 가짜 마약 판매 사기 거래로 확인되었음.,[],[],[],['신고하지 못하는 약'],[],1,0,0,0,0,0,0,
written_data_4312.json,6ff46a74-e506-479b-a80a-2ea42838d0fb,499,이는 자기주도적인 구직활동을 하는 청년들이 비용 부담을 하지 않고 안정적으로 취업 준비에 집중하도록 한다는 정책 목적에 부합하는 결과임.,[],['담을 하지 않고 안정'],[],[],[],0,1,0,0,0,0,0,
written_data_4312.json,6ff46a74-e506-479b-a80a-2ea42838d0fb,507,취창업 계획을 포기했거나 엄두도 내지 못한 상태였음.,[],[],[],['두도 내지 못한 상태'],[],1,0,0,0,0,0,0,
written_data_4312.json,6ff46a74-e506-479b-a80a-2ea42838d0fb,526,"1회 평균 사용금액은 16천 원으로 일반적인 소비 액수에서 벗어나지 않았으며,
- 1회 평균 사용액이 큰 것은 학원비(202,671원), 공간 대여(104,845원), 통신비(76,916원) 순이어서, 생활비 외에는 대부분 구직활동 관련 항목들에 활용한 것으로 보임.
ㅇ",[],"['벗어나지 않았으며,']",[],[],[],0,0,0,0,0,1,0,
written_data_4312.json,6ff46a74-e506-479b-a80a-2ea42838d0fb,536,"자취하는 입장에서는 주 20시간밖에 일하지 못하면 월세까지 내야 하는데, 주 20시간만 일한다면 월세를 감당하기도 어려울 것임. (경북, 시각 디자이너 희망)",[],[],[],['에 일하지 못하면 월'],[],0,1,0,0,0,0,0,
written_data_4312.json,96d86f7b-cb4b-45c2-b8a6-50fbbd87caca,609,"병원 갈 교통비조차 없다고 하는데...""  이를 접수한 「행복천사 콜센터」는 초기상담을 통해 청년 B 씨가 기초 생활 보장 1인 단독세대로, 자활사업 참여 도중 뜻하지 않은 사고로 하반신에 3도 화상을 입어 소득활동이 불가능하여 위기 상황*에 처해 있음을 알 수 있었고, 즉시「서대문구 복주머니(맞춤 복지 검색서비스)」를 통해 지원 가능한 서비스를 확인한 후, 청년 B 씨의 상황을 동 주민센터에 알림",[],['중 뜻하지 않은 사고'],[],[],[],1,0,0,0,0,0,0,
written_data_4312.json,96d86f7b-cb4b-45c2-b8a6-50fbbd87caca,616,"찾아가는 복지전담팀은 즉시 J 씨 가구를 방문하여 근골격계 질환은 물론 먹을 것이 없어 끼니를 자주 거르고 있었으며, 화재 위험과 냉난방이 전혀 이루어지지 않는 등 주거여건도 매우 열악함.",[],['이루어지지 않는 등'],[],[],[],1,0,0,0,0,0,0,
written_data_4312.json,93d989bf-2337-445b-8041-d81e6ec8d000,634,"<NAME> 선생은 그동안 유족이 확인되지 않아 표창<NAME> 및 국립묘지 안장이 어려웠으나, 최근 언론 보도 및 보훈처의 후손 찾기 등으로 국립묘지로 이장하게 되었음.
ㅇ",[],['확인되지 않아 표창'],[],[],[],0,1,0,0,0,0,0,
written_data_4312.json,93d989bf-2337-445b-8041-d81e6ec8d000,636,2015년 대통령 표창을 추서할 당시 유족이 확인되지 않아 표창 전수 및 선생의 묘소도 찾을 수 없었음.,[],['확인되지 않아 표창'],[],[],[],0,1,0,0,0,0,0,
written_data_4312.json,8e914fec-1936-4bc2-9b8f-ec508eed4158,658,"신규 의심신고 검사, 확진자 경과 관찰 중 검사, 격리 해제 검사, 취합 검사 대상 검사, 지자체 주관 일제검사, 의료기관·시설의 신규 입원·입소자 검사, 익명 검사 등
2) (의심신고 검사자 수) 의심 환자 신고 후 검사를 진행한 건수(결과 양성(신규 확진자 수)+결과 음성+검사 중)로써 중복 검사 건수는 포함하지 않음",[],['포함하지 않음'],[],[],[],0,0,1,0,0,0,0,
written_data_4312.json,940f72d6-1f96-40d3-ae12-fccca03a6626,690,"GPS 데이터*는 활용성이 높지만, 각 기관은 예산 한계 등으로 전국에 필요한 수량의 GPS 관측소를 설치하지 못하고 중요 지역에만 일부 GPS 관측소를 설치하여 업무에 활용하고 있음.",[],[],[],['설치하지 못하고 중'],[],0,1,0,0,0,0,0,
written_data_4312.json,940f72d6-1f96-40d3-ae12-fccca03a6626,691,추가 설치 시에도 타 기관과의 정보 공유가 이루어지지 않아 관측소 중복 설치 등의 문제가 제기되어 왔음.,[],['이루어지지 않아 관측'],[],[],[],0,1,0,0,0,0,0,
written_data_4312.json,67f8d82b-3555-43a1-bd41-199033a83e17,711,"현장관리 우수현장인 가락 마을 9단지는 인근 축사로 인한 열악한 환경에서도 입주자들과 적극적으로 협의해 행복청에 접수된 신문고 민원이 단 1건에 불과한 등 공사 과정 중 부실이나 안전사고가 일체 발생하지 않았으며, 현장관리 우수현장인 만큼 공사 과정 중 부실이나 안전사고가 일체 발생하지 않았음.",[],"['발생하지 않았으며,', '발생하지 않았음.']",[],[],[],0,0,0,0,0,2,0,
written_data_4312.json,27975e2b-ab0c-4357-8ed6-7da78ae3ad3c,726,이번 세미나가 일회성 행사에 그치지 않도록 해양수산부는 업계 전반의 요구사항을 수렴하여 이란 시장 동향 파악 및 법령.,[],['에 그치지 않도록 해'],[],[],[],0,1,0,0,0,0,0,
written_data_4312.json,1bf70177-429a-434e-9321-a974506d176d,736,"모든 차량 운전자는 이번 단속에 따라야 하며, 단속에 응하지 않거나 기피할 경우 200만 원 이하의 과태료가 부과됨.",[],['에 응하지 않거나 기'],[],[],[],1,0,0,0,0,0,0,
written_data_4312.json,1bf70177-429a-434e-9321-a974506d176d,738,"차량 정비 점검을 하지 않으면 최대 10일간의 운행정지 처분을 받고, 운행정지 명령에 불응하면 300만 원 이하의 벌금형을 받게 됨.",[],['검을 하지 않으면 최'],[],[],[],0,1,0,0,0,0,0,
written_data_4312.json,0c41875b-8543-4f95-bbfa-2b3ffef4ff85,766,교육부는 코로나19로 인한 대학 운영의 어려움 등을 고려해 2021년 대학 기본역량진단에서 일반재정 지원 대상으로 선정되지 못한 대학 중 일부 대학을 추가로 선정할 계획임.,[],[],[],['선정되지 못한 대학'],[],1,0,0,0,0,0,0,
written_data_4312.json,20ca8832-7dd7-416c-80ef-6fa7d599a70d,790,"농림축산검역본부 관계자는 수출검역의 지속적인 안전성을 위해 재배 농장에서부터 생산단계별 체계적인 집중 관리 시스템을 마련하여 국산 농산물의 수출 증대를 위한 적극적인 노력을 아끼지 않겠다고 밝히면서, 생과실 수출 단지 재배농가에게 과수화상병 및 상대국 우려 병해충 예찰 조사에 적극적인 관심과 협조를 당부하였음.",[],['을 아끼지 않겠다고'],[],[],[],0,0,0,1,0,0,0,
written_data_4312.json,2369f026-eb00-4b7d-a4a4-7e040f862cf2,815,"또한, 사전에 매칭되지는 않았지만 당일 구직자의 희망에 따라 즉석 현장면접이 약 2,000여건 추가되었음.",[],['매칭되지는 않았지만'],[],[],[],0,0,0,0,0,1,0,
written_data_4312.json,2369f026-eb00-4b7d-a4a4-7e040f862cf2,821,"산업부 <NAME> 산업기반실장은 ""이번 채용박람회는 경쟁력과 성장잠재력을 갖췄지만 널리 알려지지 않은 강소·중견기업을 뛰어난 역량을 지닌 청년들에게 소개하는 자리""라고 평가하며,
ㅇ ""소득 주도 성장과 혁신 성장을 이끌어가기 위해서는 좋은 일자리를 만들고, 기술혁신을 선도하는 강소·중견기업들이 더 많이 나와야 하며, 이를 위해 정부는 규제·제도 개선 등 지원을 아끼지 않을 계획""이라고 밝혔음.",[],"['알려지지 않은 강소', '을 아끼지 않을 계획']",[],[],[],2,0,0,0,0,0,0,
written_data_4312.json,76941d00-5109-4ce2-a89e-a0a5e06506b1,849,"그동안 경험 부족, 정보의 한계 등으로 쉽게 M&A를 실행하지 못한 80여 개의 우리 중소중견기업 120여명의 인원이 참석하였으며, 실질적인 M&A 상담회가 될 것으로 기대됨.",[],[],[],['실행하지 못한 80'],[],1,0,0,0,0,0,0,
written_data_4312.json,6570ed81-bd26-4994-a8bb-b65efe8c9b1f,867,"야간작업 근로자를 위한 특수건강진단기관 지정 요건 완화
- 특수건강진단기관이 소재하지 않는 시ㆍ군(경기도 관할 시 제외)의 경우 지방고용노동관서의 장이 지정하는 일반 건강검진기관이 야간작업 근로자의 특수건강진단을 실시할 수 있도록 함지정측정기관 등에 대한 행정처분 기준 강화 - 수치 조작 등 관련 서류를 거짓으로 작성한 경우 즉시 '지정 취소' 처분할 수 있도록 행정처분 기준을 강화함.",[],['소재하지 않는 시ㆍ'],[],[],[],1,0,0,0,0,0,0,
written_data_4312.json,76a50f8f-57e9-4877-b9c0-3b4884430286,906,- 연중 운영이 가능한 장터 개설지 점용권 확보 기존 상권 및 재래시장 등으로부터 민원이 발생하지 않고 소비자의 접근이 용이해야 함,[],['발생하지 않고 소비'],[],[],[],0,1,0,0,0,0,0,
written_data_4312.json,1b2c94b2-d87a-489d-b779-f7885c2bc891,940,- - 연근해어업구조 개선법 시행규칙 일부개정령 안 입법예고 - 해양수산부(장관 <NAME>는 연근해어업구조 개선법 시행규칙의 일부 개정안을 마련하여 2021년 5월 3일(월)부터 2021년 6월 14일(월)까지 40일간 입법예고함.,[],[],[],[],[],0,0,0,0,0,0,0,
written_data_4312.json,1b2c94b2-d87a-489d-b779-f7885c2bc891,942,그렇지만 감척사업으로 지원을 받은 일부 어업인들이 조업하지 않는 허가 어선을 매입하거나 임차한 후 다시 연근해어업에<NAME>입하여 감척사업의 취지를 무색하게 만들었음.,[],['조업하지 않는 허가'],[],[],[],1,0,0,0,0,0,0,
written_data_4312.json,ed058758-d7ae-4d33-be85-50a74d12211c,996,- 요양 시설 기동 전담반은 의사가 상주하지 않는 곳에 위치해 고령의 기저질환을 가진 확진자에 대한 적극적인 치료를 위해 4월 5일부터 4월 30일까지 한시적으로 운영됨.,[],['상주하지 않는 곳에'],[],[],[],1,0,0,0,0,0,0,
written_data_25081.json,ae4d2e72-e8b1-4898-ab86-c6ed2050c7ff,31,평생 좋은 옷을 입지 않았으며 바른 말만 했다.,[],['옷을 입지 않았으며'],[],[],[],0,0,0,0,0,1,0,
written_data_25081.json,ae4d2e72-e8b1-4898-ab86-c6ed2050c7ff,61,"<NAME>이 즉위한 지 얼마 안 되었을 때, 혜성이 나타났는데, '묵은 것을 없애고 새것이 들어올 징조'라고 했다.",['지 얼마 안 되었을'],[],[],[],[],1,0,0,0,0,0,0,
written_data_25081.json,ae4d2e72-e8b1-4898-ab86-c6ed2050c7ff,85,"괴로움과 가난 속에서 결혼도 하지 않고 평생을 보냈으며, 향토적인 시를 쓰며 감상에 얽매이지 않았다.",[],"['혼도 하지 않고 평생', '얽매이지 않았다.']",[],[],[],0,1,0,0,0,1,0,
written_data_25081.json,4d00dbaa-164d-499e-9b93-d65084506801,107,<NAME> 천제 <NAME>의 아들 <NAME>이 태백산에 내려와 세상을 다스릴 때 곰과 호랑이는 쑥과 마늘을 먹고 100일 동안 햇빛을 보지 않고 근신하게 되었다고 삼국유사&gt;가 기록하였다.,[],['빛을 보지 않고 근신'],[],[],[],0,1,0,0,0,0,0,
written_data_25081.json,4d00dbaa-164d-499e-9b93-d65084506801,123,<NAME> 여왕 때 왕명을 받고 향가집 &lt;삼대목&g;을 <NAME>과 함께 엮었으나 지금은 전해지지 않는다.,[],['전해지지 않는다.'],[],[],[],0,0,0,0,0,1,0,
written_data_25081.json,4d00dbaa-164d-499e-9b93-d65084506801,130,"함흥 재판소에 잡혀간 동풍신은 ""만세를 부르다 총살된 아버지를 대신하여 만세를 불렀다.""고 진술할 뿐 애국심을 굽히지 않다가 감옥에서 죽었다.",[],['을 굽히지 않다가 감'],[],[],[],0,1,0,0,0,0,0,
written_data_25081.json,30683d7a-2782-407a-9468-476b0145137b,141,태자는 이를 반대했으나 뜻을 이루지 못하자 개골산(금강산)에 들어가 풀뿌리와 나무 열매를 먹으며 살았다고 한다. ##,[],[],[],['을 이루지 못하자 개'],[],0,1,0,0,0,0,0,
written_data_25081.json,30683d7a-2782-407a-9468-476b0145137b,210,"그때 양나라 사신이 왕께 향을 바쳤으나, 아무도 그 용도와 이름을 알지 못해 사방에 <NAME>가 이를 보고 그 용도와 이름을 알려주었다.",[],[],[],['름을 알지 못해 사방'],[],0,1,0,0,0,0,0,
written_data_25081.json,30683d7a-2782-407a-9468-476b0145137b,212,이후 영흥사를 창건하여 살다가 <NAME>이 죽자 백성들이 그를 해치려 하자 굴을 파고 문을 봉한 채 영영 나오지 않았다.,[],['영 나오지 않았다.'],[],[],[],0,0,0,0,0,1,0,
written_data_25081.json,30683d7a-2782-407a-9468-476b0145137b,237,"장보고는 자신의 딸을 왕비로 삼으려다가 뜻대로 되지 않자 청해진에서 반란을 일으켰는데, 왕은 염장을 보내 그를 죽이고 난을 평정하였다.",[],['대로 되지 않자 청해'],[],[],[],0,1,0,0,0,0,0,
written_data_25081.json,30683d7a-2782-407a-9468-476b0145137b,267,그렇지만 몸이 약해서 정치를 적극적으로 하지 못하고 3년 재임 중에 병으로 죽었다. ## &,[],[],[],['으로 하지 못하고 3'],[],0,0,0,0,0,1,0,
written_data_25081.json,30683d7a-2782-407a-9468-476b0145137b,270,"내해왕 때 포상 8국(해안의 여러나라)이 가락국으로 쳐들어왔을 때 그들을 격파시켜 큰 공을 세우고, 이어 또 그들이 신라를 침범하여 갈화성을 공격했을 때도 큰 공을 세웠으나, 평민이어서 공을 인정받지 못하였다.",[],[],[],['인정받지 못하였다.'],[],0,0,0,0,0,1,0,
written_data_25081.json,30683d7a-2782-407a-9468-476b0145137b,271,"집으로 돌아와 아내에게 국가의 위기에 생명을 버려 싸워야 함에도 돌아왔음은 신하의 도리가 못 된다고 하며 머리를 푼 뒤 거문고를 들고 사체산에 들어가 세상에 나타나지 않았다.
##",[],['나타나지 않았다.'],['도리가 못 된다고'],[],[],0,0,0,1,0,1,0,
written_data_25081.json,30683d7a-2782-407a-9468-476b0145137b,306,사람들이 그를 살려낸 것은 그의 충성심이 꺾이지 않는 대나무로 변했기 때문이라고 했다.,[],['이 꺾이지 않는 대나'],[],[],[],1,0,0,0,0,0,0,
written_data_25081.json,beea50c7-b10a-4b76-a365-310d79598fe1,418,"낙랑이 기원전 28년에 침범하였으나, 백성들이 밤에 문을 잠그지 않고 곡식더미가 산더미처럼 쌓인 것을 보고 도덕의 나라라 여겨 스스로 물러갔다.",[],['을 잠그지 않고 곡식'],[],[],[],1,0,0,0,0,0,0,
written_data_25081.json,beea50c7-b10a-4b76-a365-310d79598fe1,491,<NAME> 진주민란(진주민란) 당시 경상우도 병마절도사로 진주에 부임한 <NAME> 등이 수단과 방법을 가리지 않고 백성들의 재산을 약탈하자 불만을 품은 <NAME> 등이 무리를 지어 민란을 일으켰다.,[],['을 가리지 않고 백성'],[],[],[],0,0,0,0,1,0,0,
written_data_25081.json,beea50c7-b10a-4b76-a365-310d79598fe1,557,그러나 도침과 의견이 맞지 않아 그를 죽였던 데다가 장차 왕자 풍까지 없애려는 기미가 보이자 풍이 먼저 그를 죽였다.,[],['견이 맞지 않아 그를'],[],[],[],0,1,0,0,0,0,0,
written_data_25081.json,beea50c7-b10a-4b76-a365-310d79598fe1,563,"<NAME>를 국상으로 등용하여 연의 모용 외의 침입을 막기도 하였으나, 사치와 방탕이 심한 데다가 흉년으로 기근까지 겹쳤는데 화려한 궁전을 짓고 <NAME>의 충고를 듣지 않다가 <NAME>에 의해 폐위되었다.",[],['고를 듣지 않다가 <'],[],[],[],0,1,0,0,0,0,0,
written_data_25081.json,a4a065c8-7b39-4166-87ae-dcb63945ff58,597,"1761년에 평안도 관찰사 <NAME> 등의 계교에 빠져 평양에 몰래 놀러갔다 온 것 때문에 왕의 노여움이 한층 더해진 데다가, 당파 싸움으로 모함까지 곁들여져 이듬해 폐위되었다. 이어 자결할 것을 명령받았으나 듣지 않자, 서인의 자격으로 뒤주 속에 갇혀 8일 만에 굶어죽었다.",[],"['으나 듣지 않자, 서']",[],[],[],0,1,0,0,0,0,0,
written_data_25081.json,a4a065c8-7b39-4166-87ae-dcb63945ff58,645,"그 후, 펜실베이니아에서 병원을 개원했고 3·1운동이 일어나자 한국 문제를 세계 여론에 호소했으나 국내 정세에 어두워 정무관으로 취임하지 못하고 다시 미국으로 건너가 의사로 생을 마쳤다. &",[],[],[],['취임하지 못하고 다'],[],0,1,0,0,0,0,0,
written_data_25081.json,a4a065c8-7b39-4166-87ae-dcb63945ff58,651,"그의 작품들은 실체를 상징 또는 환상으로 포착하면서 자의식의 분열을 추적, 진실을 찾지 못한 채 방황하는 지식인의 고민을 분석했다.",[],[],[],['실을 찾지 못한 채'],[],1,0,0,0,0,0,0,
written_data_25081.json,a4a065c8-7b39-4166-87ae-dcb63945ff58,684,그러나 당파를 달리하는 두 사람이 서로 상반되는 보고를 함으로써 대책을 세우지 못하였다.,[],[],[],['을 세우지 못하였다.'],[],0,0,0,0,0,1,0,
written_data_25081.json,a4a065c8-7b39-4166-87ae-dcb63945ff58,686,"전후에도 당쟁이 그치지 않아 당쟁 속에서 재위 41년간을 보냈다.
##",[],['이 그치지 않아 당쟁'],[],[],[],0,1,0,0,0,0,0,
written_data_25081.json,a4a065c8-7b39-4166-87ae-dcb63945ff58,707,"718년 최초로 누각을 만들었고, 732년 발해를 치려 했으나 뜻을 이루지 못하고 대동강 이남의 땅을 신라의 영토로 삼았다.",[],[],[],['을 이루지 못하고 대'],[],0,1,0,0,0,0,0,
written_data_25081.json,a4a065c8-7b39-4166-87ae-dcb63945ff58,718,"이 때도 <NAME>은 <NAME>를 보고 ""하늘에 태양이 하나밖에 없듯이, 나라에도 두 임금이 있을 수 없소"" 하며 <NAME>에 대한 충절을 굽히지 않았다.",[],['을 굽히지 않았다.'],[],[],[],0,0,0,0,0,1,0,
written_data_25081.json,a4a065c8-7b39-4166-87ae-dcb63945ff58,743,우리나라 선불교의 수행 전통으로 여겨져 온 <NAME>의 돈오점수에 반대하여 돈오돈수론을 주장했으나 세간에 거의 모습을 드러내지 않았다.,[],['드러내지 않았다.'],[],[],[],0,0,0,0,0,1,0,
written_data_25081.json,a4a065c8-7b39-4166-87ae-dcb63945ff58,747,"656년 좌평으로 있을 때, <NAME>이 방탕하여 나라가 위태로워지자, 정사를 돌보지 않음을 간언하다가 왕의 노여움을 사서 옥에 갇혔다.",[],['를 돌보지 않음을 간'],[],[],[],0,0,1,0,0,0,0,
written_data_25081.json,a4a065c8-7b39-4166-87ae-dcb63945ff58,749,"백제의 3충신으로 계백·<NAME>와 함께 <NAME> 의<NAME>의 말을 듣지 않았음을 후회하였고, 660년 나·당 연합군에 의해 사비성이 함락되자 왕은 항복하였다.",[],['말을 듣지 않았음을'],[],[],[],0,0,1,0,0,0,0,
written_data_25081.json,a4a065c8-7b39-4166-87ae-dcb63945ff58,757,"죽은 후, 얼마 지나지 않아 일어난 갑자사화 때 부관참시되었다.",[],['마 지나지 않아 일어'],[],[],[],0,1,0,0,0,0,0,
written_data_25081.json,a4a065c8-7b39-4166-87ae-dcb63945ff58,761,17세 때 감시 초시에 합격했으나 병으로 인해 복시를 못 치렀기 때문에 과거를 포기하고 <NAME>의 제자가 되어 새로운 학설을 주장하였다.,[],[],['복시를 못 치렀기'],[],[],0,0,1,0,0,0,0,
written_data_25081.json,a4a065c8-7b39-4166-87ae-dcb63945ff58,762,"이 이가 <NAME>에게 권하여 종묘 서령의 벼슬을 내렸으나, 병으로 등청하지 못하자 왕이 약을 보내 주었다.",[],[],[],['등청하지 못하자 왕'],[],0,1,0,0,0,0,0,
written_data_25081.json,a4a065c8-7b39-4166-87ae-dcb63945ff58,855,그는 7세 때 안 견의 화법을 배워 산수도·포도화를 그렸으며 점차 여성적인 섬세함과 정묘함을 더하여 후세에 현모양처의 본보기가 되었다. @&,[],[],[],[],[],0,0,0,0,0,0,0,
written_data_25081.json,a4a065c8-7b39-4166-87ae-dcb63945ff58,955,청송에서 나고 자랐으며 본관은 청송이고 자는 <NAME>이다. 광해군 때 문과에 급제한 뒤 벼슬을 하지 않고 은거하다가 1636년 병자호란 때는 남한산성으로 옮겨졌다. ## 영의정이 된 것은 1657년 동지사 겸 사은사로 청에 다녀왔기 때문이다.  <NAME>. 조선의 문신(1545∼1594),[],['슬을 하지 않고 은거'],[],[],[],0,1,0,0,0,0,0,
written_data_26272.json,071d8da0-7f01-46c3-9943-782651294d97,3,"다만, 법인단체 또는 개인이 그 위반행위를 방지하기 위하여 해당 업무에 관하여 상당한 주의와 감독을 게을리하지 아니한 경우에는 그러하지 아니하다.",[],"['게을리하지 아니한 경우', '그러하지 아니하다.']",[],[],[],1,0,0,0,0,1,0,
written_data_26272.json,071d8da0-7f01-46c3-9943-782651294d97,4,제41조 (과태료) (1) 제22조제3항을 위반하여 시정명령을 이행하지 아니한 자에게는 300만원 이하의 과태료가 부과된다.,[],['이행하지 아니한 자에'],[],[],[],1,0,0,0,0,0,0,
written_data_26272.json,135584f2-f617-4e5c-9d00-a6244e193895,59,"다만, 기술 축적이나 국가안보상 특히 필요하다고 인정되는 기술개발과제의 경우에는 그러하지 아니하다.",[],['그러하지 아니하다.'],[],[],[],0,0,0,0,0,1,0,
written_data_26272.json,135584f2-f617-4e5c-9d00-a6244e193895,94,제25조 (비밀유지의 의무) 민·군겸용기술사업에 참여한 자는 참여과정에서 알게 된 비밀을 누설하면 안 된다.,['누설하면 안 된다.'],[],[],[],[],0,0,0,0,0,1,0,
written_data_26272.json,135584f2-f617-4e5c-9d00-a6244e193895,142,"다만, 부칙 제6조에 따라 개정되는 법률 중 이 법의 시행 전에 공포되었으나 시행일이 도래하지 아니한 법률은 각각 해당 법률의 시행일부터 시행한다.",[],['도래하지 아니한 법률'],[],[],[],1,0,0,0,0,0,0,
written_data_26272.json,ce714f00-edfe-4dad-83b6-16744ae1766c,162,"다만, 기술 축적이나 국가안보상 특히 필요하다고 인정되는 기술개발과제의 경우에는 그러하지 아니하다.",[],['그러하지 아니하다.'],[],[],[],0,0,0,0,0,1,0,
written_data_26272.json,ce714f00-edfe-4dad-83b6-16744ae1766c,203,제25조 (비밀유지의 의무) 민·군겸용기술사업에 참여한 자는 참여과정에서 알게 된 비밀을 누설해서는 안 된다.,['설해서는 안 된다.'],[],[],[],[],0,0,0,0,0,1,0,
written_data_26272.json,ce714f00-edfe-4dad-83b6-16744ae1766c,250,"다만, 부칙 제6조에 따라 개정되는 법률 중 이 법의 시행 전에 공포되었으나 시행일이 도래하지 아니한 법률은 각각 해당 법률의 시행일부터 시행한다.",[],['도래하지 아니한 법률'],[],[],[],1,0,0,0,0,0,0,
written_data_26272.json,56e94dbe-7a54-4707-8d07-9ca2892003c4,297,제25조 (비밀유지의 의무) 민·군겸용기술사업에 참여한 자는 참여과정에서 알게 된 비밀을 누설해서는 안 된다.,['설해서는 안 된다.'],[],[],[],[],0,0,0,0,0,1,0,
written_data_26272.json,56e94dbe-7a54-4707-8d07-9ca2892003c4,348,"다만, 부칙 제6조에 의거하여 개정되는 법률 중 부칙 제6조에 의거하여 공포되었으나 시행일이 도래하지 아니한 법률은 각각 해당 법률의 시행일부터 시행한다.",[],['도래하지 아니한 법률'],[],[],[],1,0,0,0,0,0,0,
written_data_26272.json,a333550e-a21b-4809-87e1-c693082f5272,382,제25조 (비밀유지의 의무) 민·군겸용기술사업에 참여한 자는 참여과정에서 알게 된 비밀을 누설해서는 안 된다.,['설해서는 안 된다.'],[],[],[],[],0,0,0,0,0,1,0,
written_data_26272.json,a333550e-a21b-4809-87e1-c693082f5272,431,"다만, 부칙 제6조에 따라 개정되는 법률 중 이 법의 시행이 되기 전에 공포되었으나 시행일이 도래하지 아니한 법률은 각각 해당 법률의 시행일부터 시행한다.",[],['도래하지 아니한 법률'],[],[],[],1,0,0,0,0,0,0,
written_data_26272.json,386eac86-fe2a-4b65-9f08-fbaedfd58ab8,476,제25조 (비밀유지의 의무) 민·군겸용기술사업에 참여한 자는 참여과정에서 알게 된 비밀을 누설해서는 안 된다.,['설해서는 안 된다.'],[],[],[],[],0,0,0,0,0,1,0,
written_data_26272.json,386eac86-fe2a-4b65-9f08-fbaedfd58ab8,526,"다만, 부칙 제6조에 의거하여 개정되는 법률 중 이 법의 시행 전에 공포되었으나 시행일이 도래하지 아니한 법률은 각각 해당 법률의 시행일부터 시행한다.",[],['도래하지 아니한 법률'],[],[],[],1,0,0,0,0,0,0,
written_data_26272.json,56d71b25-f1e0-4e37-95a5-f601c80e836d,550,(4) 제2항에 따른 인증을 받은 자가 아니면 그 제품이 표준에 적합한 것임을 나타내는 표시를 하거나 이와 유사한 표시를 한 제품을 판매하거나 판매할 목적으로 진열해서는 안 된다.,['열해서는 안 된다.'],[],[],[],[],0,0,0,0,0,1,0,
written_data_26272.json,56d71b25-f1e0-4e37-95a5-f601c80e836d,555,"다만, 제1호에 해당되는 경우에는 그 지정을 취소해야 한다. 1. 속임수나 그 밖의 부정한 방법으로 지정을 받은 경우
2. 정당한 사유 없이 1년 이상 계속하여 인증업무를 하지 아니한 경우
3. 제3항에 따른 지정기준에 미달한 경우
(3) 제1항 및 제2항에 따른 인증기관의 지정기준ㆍ지정절차, 지정취소ㆍ업무정지의 기준 등에 필요한 사항은 지식경제부령으로 정한다.",[],['무를 하지 아니한 경우'],[],[],[],1,0,0,0,0,0,0,
written_data_26272.json,56d71b25-f1e0-4e37-95a5-f601c80e836d,573,"다만, 지정된 컴퓨터가 아닌 컴퓨터에 입력된 경우에는 수신자가 전자문서를 출력하였을 때를 말한다. 2. 수신자가 전자문서를 수신할 컴퓨터를 지정하지 아니한 경우에는 수신자가 관리하는 컴퓨터에 입력되었을 때
[전문개정 2008.6.13]
</ul>
<ul>
<li>제20조 (전자문서 내용의 추정 등) (1) 전자문서의 내용에 대하여 당사자 또는 이해관계자 사이에 다툼이 있으면 전자문서중계자의 컴퓨터의 파일에 기록된 전자문서의 내용대로 작성된 것으로 추정한다.",[],['지정하지 아니한 경우'],[],[],[],1,0,0,0,0,0,0,
written_data_26272.json,56d71b25-f1e0-4e37-95a5-f601c80e836d,575,"[전문개정 2008.6.13]
</ul>
<ul>
<li>제21조 (전자문서 등의 공개 제한) 전자문서중계자는 전자문서중계설비에 의하여 처리되는 전자문서 또는 관련 기록을 적법한 절차에 따르지 아니하거나 전자문서 발신자 및 수신자의 동의 없이 공개해서는 안 된다.",['개해서는 안 된다.'],['에 따르지 아니하거나'],[],[],[],0,1,0,0,0,1,0,
written_data_26272.json,56d71b25-f1e0-4e37-95a5-f601c80e836d,580,"</li>
(2) 정보통신서비스 제공자는 이용자의 개인정보를 수집하는 경우에는 정보통신서비스의 제공을 위하여 필요한 최소한의 정보를 수집하여야 하며, 필요한 최소한의 정보 외의 개인정보를 제공하지 아니한다는 이유로 그 서비스의 제공을 거부하여서는 아니 된다.",[],['제공하지 아니한다는'],[],[],[],1,0,0,0,0,0,0,
written_data_26272.json,56d71b25-f1e0-4e37-95a5-f601c80e836d,581,"[전문개정 2008.6.13]
</ul>
<ul>
<li>제23조의2 (주민등록번호 외의 회원가입 방법) (1) 정보통신서비스 제공자로서 제공하는 정보통신서비스의 유형별 일일 평균 이용자 수가 대통령령으로 정하는 기준에 해당하는 자는 이용자가 정보통신망을 통하여 회원으로 가입할 경우에 주민등록번호를 사용하지 아니하고도 회원으로 가입할 수 있는 방법을 제공하여야 한다.",[],['사용하지 아니하고도'],[],[],[],1,0,0,0,0,0,0,
written_data_26272.json,56d71b25-f1e0-4e37-95a5-f601c80e836d,588,"<li> 1. 개인정보 취급위탁을 받는 자(이하 ""수탁자""라 한다) 2. 다음 각 호의 어느 하나가 변경되는 경우에도 같다. 2. 개인정보 취급위탁을 하는 업무의 내용
(2) 정보통신서비스 제공자등은 정보통신서비스의 제공에 관한 계약을 이행하기 위하여 필요한 경우로서 제1항 각 호의 사항 모두를 제27조의2제1항에 따라 공개하거나 전자우편 등 대통령령으로 정하는 방법에 따라 이용자에게 알린 경우에는 개인정보 취급위탁에 따른 제1항의 고지절차와 동의절차를 거치지 아니할 수 있다.",[],['를 거치지 아니할 수'],[],[],[],1,0,0,0,0,0,0,
written_data_26272.json,56d71b25-f1e0-4e37-95a5-f601c80e836d,590,"(3) 정보통신서비스 제공자등은 개인정보 취급위탁을 할 때 수탁자가 이용자의 개인정보를 취급할 수 있는 목적을 미리 정하여야 하며, 이를 어겨 이용자의 개인정보를 취급해서는 안 된다.",['급해서는 안 된다.'],[],[],[],[],0,0,0,0,0,1,0,
written_data_26272.json,56d71b25-f1e0-4e37-95a5-f601c80e836d,595,"영업양수자등은 개인정보의 이전을 받은 후 이용자가 동의하지 않을 경우 인터넷 홈페이지 게시, 전자우편 등 대통령령으로 정하는 방법에 따라 지체 없이 그 사실을 이용자에게 통보해야 한다.",[],['동의하지 않을 경우'],[],[],[],1,0,0,0,0,0,0,
written_data_26272.json,56d71b25-f1e0-4e37-95a5-f601c80e836d,596,다만 정보통신서비스 제공자등이 제1항에 따라 그 이전사실을 이미 알린 경우에는 그러하지 아니하다.,[],['그러하지 아니하다.'],[],[],[],0,0,0,0,0,1,0,
written_data_26272.json,56d71b25-f1e0-4e37-95a5-f601c80e836d,628,"</li>1. 거짓이나 그 밖의 부정한 방법으로 정보보호 관리체계 인증기관의 지정을 받은 경우
2. 업무정지기간 중에 인증을 한 경우
3. 정당한 사유 없이 인증을 하지 아니한 경우
4. 제47조제4항을 위반하여 인증을 한 경우
5. 제47조제5항에 따른 지정기준에 적합하지 아니하게 된 경우
(2) 제1항에 따른 지정취소 및 업무정지 등에 필요한 사항은 대통령령으로 정한다.",[],"['증을 하지 아니한 경우', '적합하지 아니하게 된']",[],[],[],2,0,0,0,0,0,0,
written_data_26272.json,56d71b25-f1e0-4e37-95a5-f601c80e836d,630,"(2) 주요정보통신서비스 제공자는 정보통신망에 중대한 침해사고가 발생하여 자신의 서비스를 이용하는 이용자의 정보시스템 또는 정보통신망 등에 심각한 장애가 발생할 가능성이 있으면 이용약관으로 정하는 바에 따라 그 이용자에게 보호조치를 취하도록 요청하고, 이를 이행하지 아니하는 경우에는 해당 정보통신망으로의 접속을 일시적으로 제한할 수 있다.",[],['이행하지 아니하는 경'],[],[],[],1,0,0,0,0,0,0,
written_data_26272.json,56d71b25-f1e0-4e37-95a5-f601c80e836d,634,"</li>(2) 정보통신시스템, 데이터 또는 프로그램 등을 훼손멸실변경위조하거나 그 운용을 방해할 수 있는 프로그램(이하 ""악성프로그램""이라 한다)을 누구든지 전달하거나 유포해서는 안 된다.",['포해서는 안 된다.'],[],[],[],[],0,0,0,0,0,1,0,
written_data_26272.json,56d71b25-f1e0-4e37-95a5-f601c80e836d,650,"lt;개정 2009.4.22&gt;
⑤ 인터넷진흥원에 관하여 이 법에서 정하지 아니한 사항에 대하여는 「민법」의 재단법인에 관한 규정을 준용한다. &",[],['서 정하지 아니한 사항'],[],[],[],1,0,0,0,0,0,0,
written_data_26272.json,56d71b25-f1e0-4e37-95a5-f601c80e836d,651,"lt;개정 2009.4.22&gt;
⑥ 인터넷진흥원이 아닌 자는 한국인터넷진흥원의 명칭을 사용하지 못한다. &",[],[],[],['사용하지 못한다.'],[],0,0,0,0,0,1,0,
written_data_26272.json,56d71b25-f1e0-4e37-95a5-f601c80e836d,655,(3) 통신과금서비스제공자는 「전기통신사업법」 제21조에도 불구하고 부가통신사업자의 신고를 하지 아니할 수 있다.,[],['고를 하지 아니할 수'],[],[],[],1,0,0,0,0,0,0,
written_data_26272.json,56d71b25-f1e0-4e37-95a5-f601c80e836d,660,"lt;개정 2008.2.29&gt;</li>
1. 제53조제4항에 따라 사업을 폐지한 날부터 1년이 지나지 아니한 법인 및 그 사업이 폐지될 당시 그 법인의 대주주( 대통령령으로 정하는 출자자를 말한다.",[],['이 지나지 아니한 법인'],[],[],[],1,0,0,0,0,0,0,
written_data_26272.json,56d71b25-f1e0-4e37-95a5-f601c80e836d,663,"lt;개정 2008.2.29&gt;</li>
1. 거짓이나 그 밖의 부정한 방법으로 등록을 한 때
2. 제53조제1항에 따라 등록한 날부터 1년 이내에 사업을 개시하지 아니하거나 1년 이상 계속하여 휴업한 때
(2) 제1항에 따른 처분의 기준, 절차, 그 밖에 필요한 사항은 대통령령으로 정한다.",[],['개시하지 아니하거나'],[],[],[],1,0,0,0,0,0,0,
written_data_26272.json,56d71b25-f1e0-4e37-95a5-f601c80e836d,670,"(3) 통신과금서비스이용자는 통신과금서비스가 자신의 의사에 반하여 제공되었음을 안 때에는 통신과금서비스제공자에게 이에 대한 정정을 요구할 수 있으며(통신과금서비스이용자의 고의 또는 중과실이 있는 경우는 제외한다), 통신과금서비스제공자는 그 정정 요구를 받은 날부터 2주 이내에 처리 결과를 알려 주어야 한다.",[],[],[],[],[],0,0,0,0,0,0,0,
written_data_26272.json,56d71b25-f1e0-4e37-95a5-f601c80e836d,676,"다만, 그 손해의 발생이 통신과금서비스이용자의 고의 또는 중과실로 인한 경우에는 그러하지 아니하다.",[],['그러하지 아니하다.'],[],[],[],0,0,0,0,0,1,0,
written_data_26272.json,56d71b25-f1e0-4e37-95a5-f601c80e836d,678,당사자는 제2항에 따른 손해배상에 관한 협의가 성립되지 아니하거나 협의를 할 수 없는 경우 방송통신위원회에 재정을 신청할 수 있다.,[],['성립되지 아니하거나'],[],[],[],1,0,0,0,0,0,0,
written_data_26272.json,56d71b25-f1e0-4e37-95a5-f601c80e836d,694,"단, 긴급한 경우나 사전통지를 하면 증거인멸 등으로 검사목적을 달성할 수 없다고 인정하는 경우에는 그 검사계획을 알리지 아니한다.",[],['을 알리지 아니한다.'],[],[],[],0,0,0,0,0,1,0,
written_data_26272.json,56d71b25-f1e0-4e37-95a5-f601c80e836d,700,(2) 정보통신망을 통하여 자료 제출 등을 받은 경우나 수집한 자료 등을 전자화한 경우에는 개인정보영업비밀 등이 유출되지 않도록 제도적기술적 보안조치를 해야 한다.,[],['유출되지 않도록 제'],[],[],[],0,1,0,0,0,0,0,
written_data_26272.json,56d71b25-f1e0-4e37-95a5-f601c80e836d,708,(5) 방송통신위원회는 제1항에 따른 과징금을 내야 할 자가 납부기한까지 이를 내지 아니하면 납부기한 다음 날부터 납부한 과징금의 연 100분의 6에 해당하는 가산금을 징수한다.,[],['이를 내지 아니하면 납'],[],[],[],0,1,0,0,0,0,0,
written_data_26272.json,56d71b25-f1e0-4e37-95a5-f601c80e836d,709,"(6) 방송통신위원회는 제1항에 따른 과징금을 내야 할 자가 납부기한까지 이를 내지 아니한 경우에는 기간을 정해 독촉하고, 그 지정된 기간에 과징금과 제5항에 따른 가산금을 내지 아니하면 국세 체납처분의 예에 따라 징수한다.",[],"['이를 내지 아니한 경우', '금을 내지 아니하면 국']",[],[],[],1,1,0,0,0,0,0,
written_data_26272.json,56d71b25-f1e0-4e37-95a5-f601c80e836d,717,"다만, 다른 법률에 특별한 규정이 있는 경우에는 그러하지 아니하다.",[],['그러하지 아니하다.'],[],[],[],0,0,0,0,0,1,0,
written_data_26272.json,56d71b25-f1e0-4e37-95a5-f601c80e836d,735,"</li>
1. 제48조제1항을 위반하여 정보통신망에 침입한 자
2. 제49조의2제1항을 위반하여 다른 사람의 개인정보를 수집한 자
3. 제53조제1항에 따른 등록을 하지 아니하고 그 업무를 수행한 자
4. 다음 각 목의 어느 하나에 해당하는 행위를 통하여 자금을 융통하여 준 자 또는 이를 알선한 자
가.",[],['록을 하지 아니하고 그'],[],[],[],1,0,0,0,0,0,0,
written_data_26272.json,56d71b25-f1e0-4e37-95a5-f601c80e836d,746,<li> <li> <li> <li> <li> 제5항에 따른 기간에 이의를 제기하지 아니하고 과태료를 내지 아니하면 국세 체납처분의 예에 따라 징수한다.,[],"['제기하지 아니하고 과', '료를 내지 아니하면 국']",[],[],[],0,0,0,0,2,0,0,
written_data_26272.json,5fd36abf-ed37-45ab-a958-13fc4a1dc09f,823,(4) 제2항에 따른 인증을 받은 자가 아니면 그 제품이 표준에 적합한 것이라는 표시를 하거나 이와 유사한 표시를 한 제품을 판매하거나 판매할 목적으로 진열해서는 안 된다.,['열해서는 안 된다.'],[],[],[],[],0,0,0,0,0,1,0,
written_data_26272.json,5fd36abf-ed37-45ab-a958-13fc4a1dc09f,828,"다만, 제1호에 해당하는 경우에는 그 지정을 취소하여야 한다. 1. 속임수나 그 밖의 부정한 방법으로 지정을 받은 경우
2. 정당한 사유 없이 1년 이상 계속하여 인증업무를 하지 아니한 경우
3. 제3항에 따른 지정기준에 미달한 경우
(3) 제1항 및 제2항에 따른 인증기관의 지정기준ㆍ지정절차, 지정취소ㆍ업무정지의 기준 등에 필요한 사항은 지식경제부령으로 정한다.",[],['무를 하지 아니한 경우'],[],[],[],1,0,0,0,0,0,0,
written_data_26272.json,5fd36abf-ed37-45ab-a958-13fc4a1dc09f,845,"다만, 지정한 컴퓨터가 아닌 컴퓨터에 입력되었을 때는 수신자가 전자문서를 출력하였을 때를 말한다. 2. 수신자가 전자문서를 수신할 컴퓨터를 지정하지 아니한 경우에는 수신자가 관리하는 컴퓨터에 입력되었을 때
[전문개정 2008.6.13]
</ul>
<ul>
<li>제20조 (전자문서 내용의 추정 등) (1) 전자문서의 내용에 대하여 당사자 또는 이해관계자 사이에 다툼이 있으면 전자문서중계자의 컴퓨터의 파일에 기록된 전자문서의 내용대로 작성된 것으로 추정한다.",[],['지정하지 아니한 경우'],[],[],[],1,0,0,0,0,0,0,
written_data_26272.json,5fd36abf-ed37-45ab-a958-13fc4a1dc09f,847,"[전문개정 2008.6.13]
</ul>
<ul>
<li>제21조 (전자문서 등의 공개 제한) 전자문서중계자는 전자문서중계설비에 의하여 처리되는 전자문서 또는 관련 기록을 적법한 절차에 따르지 아니하거나 전자문서 발신자 및 수신자의 동의 없이 공개해서는 안 된다.",['개해서는 안 된다.'],['에 따르지 아니하거나'],[],[],[],0,1,0,0,0,1,0,
written_data_26272.json,5fd36abf-ed37-45ab-a958-13fc4a1dc09f,852,"</li>
(2) 정보통신서비스 제공자는 이용자의 개인정보를 수집하는 경우에는 정보통신서비스의 제공을 위하여 필요한 최소한의 정보를 수집하여야 하며, 필요한 최소한의 정보 외의 개인정보를 제공하지 아니한다는 이유로 그 서비스의 제공을 거부하여서는 아니 된다.",[],['제공하지 아니한다는'],[],[],[],1,0,0,0,0,0,0,
written_data_26272.json,5fd36abf-ed37-45ab-a958-13fc4a1dc09f,853,"[전문개정 2008.6.13]
</ul>
<ul>
<li>제23조의2 (주민등록번호 외의 회원가입 방법) (1) 정보통신서비스 제공자로서 제공하는 정보통신서비스의 유형별 일일 평균 이용자 수가 대통령령으로 정하는 기준에 해당하는 자는 이용자가 정보통신망을 통하여 회원으로 가입할 경우에 주민등록번호를 사용하지 아니하고도 회원으로 가입할 수 있는 방법을 제공하여야 한다.",[],['사용하지 아니하고도'],[],[],[],0,1,0,0,0,0,0,
written_data_26272.json,5fd36abf-ed37-45ab-a958-13fc4a1dc09f,860,"<li> 1. 개인정보 취급위탁을 받는 자(이하 ""수탁자""라 한다)의 사항이 변경되는 경우에도 같다. 2. 개인정보 취급위탁을 하는 업무의 내용
(2) 정보통신서비스 제공자등은 정보통신서비스의 제공에 관한 계약을 이행하기 위하여 필요한 경우로서 제1항 각 호의 사항 모두를 제27조의2제1항에 따라 공개하거나 전자우편 등 대통령령으로 정하는 방법에 따라 이용자에게 알린 경우에는 개인정보 취급위탁에 따른 제1항의 고지절차와 동의절차를 거치지 아니할 수 있다.",[],['를 거치지 아니할 수'],[],[],[],1,0,0,0,0,0,0,
written_data_26272.json,5fd36abf-ed37-45ab-a958-13fc4a1dc09f,862,"(3) 정보통신서비스 제공자등은 개인정보 취급위탁을 하는 경우 수탁자가 이용자의 개인정보를 취급할 수 있는 목적을 사전에 정해야 하며, 이를 어겨 이용자의 개인정보를 취급해서는 안 된다.",['급해서는 안 된다.'],[],[],[],[],0,0,0,0,0,1,0,
written_data_26272.json,5fd36abf-ed37-45ab-a958-13fc4a1dc09f,868,다만 정보통신서비스 제공자등이 제1항에 따라 그 이전사실을 이미 알린 경우에는 그러하지 아니하다.,[],['그러하지 아니하다.'],[],[],[],0,0,0,0,0,1,0,
written_data_26272.json,5fd36abf-ed37-45ab-a958-13fc4a1dc09f,881,"제44조의5 (게시판 이용자의 본인 확인) (1) 다음 각 호의 어느 하나에 해당하는 자가 게시판을 설치운영하려면 그 게시판 이용자의 본인 확인을 위한 방법 및 절차 마련 등 대통령령으로 정하는 필요한 조치를 하여야 한다. 1. 국가기관, 지방자치단체, 공공기관의 운영에 관한 법률 제5조제3항에 따른 공기업준정부기관 및 지방공기업법에 따른 지방공사지방공단(이하 ""공공기관등""이라 한다) 2. 정보통신서비스 제공자로서 제공하는 정보통신서비스의 유형별 일일 평균 이용자 수가 10만명 이상이면서 대통령령으로 정하는 기준에 해당되는 자
(2) 방송통신위원회는 제1항제2호에 따른 기준에 해당되는 정보통신서비스 제공자가 본인확인조치를 하지 아니하면 본인확인조치를 하도록 명령할 수 있다.",[],['치를 하지 아니하면 본'],[],[],[],0,1,0,0,0,0,0,
written_data_26272.json,5fd36abf-ed37-45ab-a958-13fc4a1dc09f,919,"</li>1. 거짓이나 그 밖의 부정한 방법으로 정보보호 관리체계 인증기관의 지정을 받은 경우
2. 업무정지기간 중에 인증을 한 경우
3. 정당한 사유 없이 인증을 하지 아니한 경우
4. 제47조제4항을 위반하여 인증을 한 경우
5. 제47조제5항에 따른 지정기준에 적합하지 아니하게 된 경우
(2) 제1항에 따른 지정취소 및 업무정지 등에 필요한 사항은 대통령령으로 정한다.",[],"['증을 하지 아니한 경우', '적합하지 아니하게 된']",[],[],[],1,1,0,0,0,0,0,
written_data_26272.json,5fd36abf-ed37-45ab-a958-13fc4a1dc09f,921,"(2) 주요정보통신서비스 제공자는 정보통신망에 중대한 침해사고가 발생하여 자신의 서비스를 이용하는 이용자의 정보시스템 또는 정보통신망 등에 심각한 장애가 발생할 가능성이 있으면 이용약관으로 정하는 바에 따라 그 이용자에게 보호조치를 취하도록 요청하고, 이를 이행하지 아니하는 경우에는 해당 정보통신망으로의 접속을 일시적으로 제한할 수 있다.",[],['이행하지 아니하는 경'],[],[],[],1,0,0,0,0,0,0,
written_data_26272.json,5fd36abf-ed37-45ab-a958-13fc4a1dc09f,925,"</li>(2) 정보통신시스템, 데이터 또는 프로그램 등을 훼손멸실변경위조하거나 그 운용을 방해할 수 있는 프로그램(이하 ""악성프로그램""이라 한다)을 누구든지 전달하거나 유포해서는 안 된다.",['포해서는 안 된다.'],[],[],[],[],0,0,0,0,0,1,0,
written_data_26272.json,5fd36abf-ed37-45ab-a958-13fc4a1dc09f,939,"(5) 방송통신위원회나 민관합동조사단은 제4항에 따라 제출받은 자료와 조사를 통해 얻은 정보를 침해사고의 원인 분석 및 대책 마련 외의 목적으로 사용하지 못하며, 원인 분석이 끝나면 즉시 파기하여야 한다.",[],[],[],"['사용하지 못하며,']",[],0,0,0,0,0,1,0,
written_data_26272.json,5fd36abf-ed37-45ab-a958-13fc4a1dc09f,945,"정보통신서비스 제공자는 다음 각 호의 어느 하나에 해당하는 경우에 해당 역무의 제공을 거부하는 조치를 할 수 있다. 1. 광고성 정보의 전송 또는 수신으로 역무의 제공에 장애가 일어나거나 일어날 우려가 있는 경우
2. 이용자가 광고성 정보의 수신을 원하지 아니하는 경우
3. 이용계약을 통하여 해당 정보통신서비스 제공자가 이용자에게 제공하는 서비스가 불법 광고성 정보 전송에 이용되고 있는 경우
(2) 정보통신서비스 제공자는 제1항에 따른 거부조치를 하려면 해당 역무 제공의 거부에 관한 사항을 그 역무의 이용자와 체결하는 정보통신서비스 이용계약의 내용에 포함하여야 한다.",[],['을 원하지 아니하는 경'],[],[],[],1,0,0,0,0,0,0,
written_data_26272.json,5fd36abf-ed37-45ab-a958-13fc4a1dc09f,947,"다만, 미리 알리지 못하였을 경우에는 거부조치를 한 후 지체 없이 알려야 했다. 다.",[],[],[],['리 알리지 못하였을'],[],1,0,0,0,0,0,0,
written_data_26272.json,5fd36abf-ed37-45ab-a958-13fc4a1dc09f,962,"(5) 인터넷진흥원에 관하여 민법의 재단법인에 관한 규정을 준용하되, 이 법에서 정하지 아니한 사항에 대해서는 개정 2009.4.22&gt; 인터넷진흥원의 운영 및 업무수행에 필요한 사항은 대통령령으로 정한다. &",[],['서 정하지 아니한 사항'],[],[],[],1,0,0,0,0,0,0,
written_data_26272.json,5fd36abf-ed37-45ab-a958-13fc4a1dc09f,966,(3) 통신과금서비스제공자는 「전기통신사업법」 제21조에도 불구하고 부가통신사업자의 신고를 하지 아니할 수 있다.,[],['고를 하지 아니할 수'],[],[],[],1,0,0,0,0,0,0,
written_data_26272.json,5fd36abf-ed37-45ab-a958-13fc4a1dc09f,971,"lt;개정 2008.2.29&gt;</li>
1. 제53조제4항에 따라 사업을 폐지한 날부터 1년이 지나지 아니한 법인 및 그 사업이 폐지될 당시 그 법인의 대주주( 대통령령으로 정하는 출자자를 말한다.",[],['이 지나지 아니한 법인'],[],[],[],1,0,0,0,0,0,0,
written_data_26272.json,5fd36abf-ed37-45ab-a958-13fc4a1dc09f,974,"lt;개정 2008.2.29&gt;</li>
1. 거짓이나 그 밖의 부정한 방법으로 등록을 한 때
2. 제53조제1항에 따라 등록한 날부터 1년 이내에 사업을 개시하지 아니하거나 1년 이상 계속하여 휴업한 때
(2) 제1항에 따른 처분의 기준, 절차, 그 밖에 필요한 사항은 대통령령으로 정한다.",[],['개시하지 아니하거나'],[],[],[],0,1,0,0,0,0,0,
written_data_26272.json,5fd36abf-ed37-45ab-a958-13fc4a1dc09f,981,"(3) 통신과금서비스이용자는 통신과금서비스가 자신의 의사에 반하여 제공되었음을 안 때에는 통신과금서비스제공자에게 이에 대한 정정을 요구할 수 있으며(통신과금서비스이용자의 고의 또는 중과실이 있는 경우는 제외한다), 통신과금서비스제공자는 그 정정 요구를 받은 날부터 2주 이내에 처리 결과를 알려 주어야 한다.",[],[],[],[],[],0,0,0,0,0,0,0,
written_data_26272.json,5fd36abf-ed37-45ab-a958-13fc4a1dc09f,987,"다만, 그 손해의 발생이 통신과금서비스이용자의 고의 또는 중과실로 인한 경우에는 그러하지 아니하다.",[],['그러하지 아니하다.'],[],[],[],0,0,0,0,0,1,0,
written_data_26272.json,5fd36abf-ed37-45ab-a958-13fc4a1dc09f,989,당사자는 제2항에 따른 손해배상에 관한 협의가 성립되지 아니하거나 협의를 할 수 없는 경우 방송통신위원회에 재정을 신청할 수 있다.,[],['성립되지 아니하거나'],[],[],[],1,0,0,0,0,0,0,
written_data_6403.json,aba7a5ed-f8e8-4788-9e01-e5fab81d4acd,130,추위에 강한 조사료 전용 귀리 품종 '신한' 개발 - 수확량이 많고 품질 좋은 새 품종 개발 가을에 파종할 때는 추위도 걱정 안 해도 돼 -  귀리는 겨울에 나는 다른 보리류 작물보다 단백질 함량과 총 가소화 양분함량(TDN)이 높아 사료 가치가 높고 가축도 잘 먹음.,['도 걱정 안 해도 돼'],[],[],[],[],0,0,0,0,0,1,0,
written_data_6403.json,aba7a5ed-f8e8-4788-9e01-e5fab81d4acd,132,"농촌진흥청(청장 <NAME>)은 조사료용 귀리 새 품종 '신한'을 개발했는데, 겨울 동안 얼어 죽지 않고 식물체를 말렸을 때 수량과 사료 가치가 높다.",[],['얼어 죽지 않고 식물'],[],[],[],0,0,0,0,0,1,0,
written_data_6403.json,339d9871-2cf7-4ecc-9699-a17723ca68a1,143,또한 스마트폰에 손 택스 앱이 설치되어 있지 않은 경우에는 설치 화면으로 안내 또한 모바일 홈택스를 이용하는 납세자가 신속하게 해결할 수 있도록 '도움 영상' 20종(57개)을 만들어 모바일 화면에 게시하였음.,[],['되어 있지 않은 경우'],[],[],[],1,0,0,0,0,0,0,
written_data_6403.json,babd9594-e427-4d8f-aca5-b38239b02f65,148,"□ 이번 설명회에는 민간 업체에서 제안한 137개 제품 중 민‧군 전문가 서류심사를 거쳐 선정된 58개 업체의 제품을 전시하고, 군수물자 및 장비에는 해당하지 않으나 군 관계자 대상 홍보를 희망하는 20여 개 업체에도 전시 기회를 제공함.",[],['해당하지 않으나 군'],[],[],[],1,0,0,0,0,0,0,
written_data_6403.json,babd9594-e427-4d8f-aca5-b38239b02f65,152,"업체 설명회 참가업체 및 품목 현황 * 가용공간을 활용, 일반 사무용품 등의 사유로 시범 사용 대상에는 포함되지 않으나 군 관계자 대상 홍보를 희망하는 20여 개 업체에 전시 기회 제공 * 업체 설명회 참가업체 및 품목 현황",[],['포함되지 않으나 군'],[],[],[],1,0,0,0,0,0,0,
written_data_6403.json,ba969a68-2ede-4696-88d7-b556ba14515e,170,해당 지역은 반정부 시위가 산발적으로 발생하고 강도 등 강력 범죄가 끊이지 않고 있어 치안 상황이 매우 불안함.,[],['가 끊이지 않고 있어'],[],[],[],0,1,0,0,0,0,0,
written_data_6403.json,ba969a68-2ede-4696-88d7-b556ba14515e,192,"해당 지역은 외국인 대상 강력 범죄가 자주 발생하는 것으로 알려져 있으나, 우리 국민 대상 범죄는 발생하지 않았으며 치안 상황이 다소 나아진 것으로 평가됨.  (부룬디)",[],['발생하지 않았으며'],[],[],[],0,0,0,0,0,1,0,
written_data_6403.json,ba969a68-2ede-4696-88d7-b556ba14515e,201,기존에 여행경보가 발령되지 않던 지역에 여행경보 1단계가 신규로 발령되었음.,[],['발령되지 않던 지역'],[],[],[],1,0,0,0,0,0,0,
written_data_6403.json,3e6d6a0c-99cd-4039-bf52-4f4dffd99e0d,251,"또한, 통신장애 발생 시 골든 타임(Golden Time) 내에 신속한 복구를 위한 대응체계를 갖추어 ""네트워크 안정성 확보와 함께 우리 국민이 해킹·스미싱 등에 의한 피해를 입지 않도록 각별히 유의해 줄 것""을 당부했음.",[],['해를 입지 않도록 각'],[],[],[],0,1,0,0,0,0,0,
written_data_6403.json,068c94d5-d3ff-4812-9750-162b354172b3,252,"담뱃갑 경고 그림 도입 등은 이번 예산국회에서 논의한 대로 금년 안에 국회에서 빨리 심의, 통과되어 담뱃값 10년 만에 대폭 인상된 담뱃값에 대한 금연정책의 획기적 전환점이 될 것으로 기대 -  보건복지부는 이번 예산국회에서 담뱃값이 2,500원에서 4,500원으로 2,000원 인상된 것에 대해 국민 건강을 위한 최선의 조치라고 생각함 다만, 금번 국회에서 통과되지 못한 담뱃갑 경고 그림 부착 의무화 조항은 매우 유감스럽게 생각함.",[],[],[],['통과되지 못한 담뱃'],[],1,0,0,0,0,0,0,
written_data_6403.json,dde87a72-7b99-4016-a55a-61e9c214e983,288,"* 도시재생 활성화 지역의 면적을 10퍼센트 미만의 범위에서 변경하는 경우 등
④ 도시재생 인정 사업의 특례 범위 확대
ㅇ 지난해 소규모 도시재생사업을 신속하게 추진하기 위해 도입한 인정 사업의 경우, 마을회관 등 공동 이용시설의 사용료 감면 및 문화시설 등 건축에 따른 지방세 감면 등의 특례가 적용되지 않았으나, 이번 개정으로 적용할 수 있게 되어 인정 사업이 보다 활기를 띨 것으로 기대됨.",[],"['적용되지 않았으나,']",[],[],[],0,0,0,0,0,1,0,
written_data_6403.json,7051ea08-6f23-43c3-b476-a1352581bede,331,"또한, 지원금을 받지 않은 기존 신청대상자도 12월에 새로 신청을 하고 지원자격 심사를 거쳐 지원금을 받을 수 있음.",[],['금을 받지 않은 기존'],[],[],[],1,0,0,0,0,0,0,
written_data_6403.json,7051ea08-6f23-43c3-b476-a1352581bede,332,"□<NAME> 청년고용정책관은 ""코로나19 확산세가 진정되지 않는 상황 속에서 기업의 채용 연기, 신규채용 축소 등으로 어려움을 겪는 청년들을 위해 추가 신청을 결정하게 되었음.""라면서
ㅇ ""약 5만 명의 청년들도 추가로 신속하게 지원금을 지급받을 수 있도록, 준비작업에 만전을 기하겠음.""라고 밝혔음.",[],['진정되지 않는 상황'],[],[],[],1,0,0,0,0,0,0,
written_data_6403.json,a1bf46b7-618d-4a7c-8460-9db3ec97515c,341,또한 매점매석 등 불공정 행위가 발생하지 않도록 철저히 점검하여 사전에 예방하는 데 힘써 줄 것을 당부했음.,[],['발생하지 않도록 철'],[],[],[],0,1,0,0,0,0,0,
written_data_6403.json,a1bf46b7-618d-4a7c-8460-9db3ec97515c,357,○또한 우리 근로자의 이송·격리와 관련하여 인권 및 사생활이 침해되지 않도록 신중히 보도해 줄 것을 요청했음.,[],['침해되지 않도록 신'],[],[],[],0,1,0,0,0,0,0,
written_data_6403.json,a1bf46b7-618d-4a7c-8460-9db3ec97515c,372,"1. 감염병이 발생했을 때, 각 언론사는 특별취재팀을 구성해 감염병에 대한 충분한 사전 교육을 받지 않은 기자들이 무분별하게 현장에 접근하는 일이 없도록 해야 함.",[],['육을 받지 않은 기자'],[],[],[],1,0,0,0,0,0,0,
written_data_6403.json,f7510975-0fa3-4d70-839b-9a0b60c0f2be,389,"*'18년 중기부 선정 백 년 가게, '19년 대한민국 소상공인 대회 대통령상 수상
멜로우 왈츠는 마스터셰프 <NAME> 반한 맛집이지만 매장 배치가 소비자에게 제품을 인식시키지 못해 상품 진열 전문가가 긴급 투입, 특히 4편에는 개그맨과 영화배우 출신 <NAME>(메밀꽃이 피었습니다, 대표) 씨가 출연해 그간의 경영 노하우와 온라인 판로 확대 등에 대한 방법 등을 전수함.중기부가 올해 새롭게 선보인 '이익공유형 사업'의 멘토링 영상 제작은 사업에 참여하지 못한 소상공인에게 동일 업종 또는 유사분야의 소상공인의 성장과 새로운 변화에 대한 대응 방안을 제시해 보다 많은 소상공인이 벤치마킹할 수 있도록 시도해 많은 관심을 받고 있음.",[],[],[],"['인식시키지 못해 상품', '참여하지 못한 소상']",[],1,1,0,0,0,0,0,
written_data_6403.json,7dcb3d89-7fbe-493b-81cc-0f883e017980,401,"<큰 글자 서식 주요 내용>
□'종이 없는 정부' 정책에 맞춰 점점 민원 신청서가 사라지고는 있지만 여전히 방문 처리만 가능한 업무*가 남아 있고, 디지털에 친숙하지 않은 노년층 등은 여전히 현장 방문을 선호하는 경우가 많다.",[],['친숙하지 않은 노년'],[],[],[],1,0,0,0,0,0,0,
written_data_6403.json,7dcb3d89-7fbe-493b-81cc-0f883e017980,408,"○또한, 큰 글자 서식을 적용할 경우 서식 용지가 늘어남에 따른 보관 시 불편을 최소화하기 위해 부수 부분만으로 구성된 서식 용지는 따로 보관하지 않을 수 있도록 근거를 마련하였음.",[],['보관하지 않을 수'],[],[],[],1,0,0,0,0,0,0,
written_data_6403.json,7dcb3d89-7fbe-493b-81cc-0f883e017980,417,"④ 큰 글자 서식 설계 기준에 따라 설계된 서식 중 유의사항, 작성방법, 처리 절차 등 서식 작성 시 필요한 정보를 안내하는 부분이 별도로 용지에 구성되어 있고, 해당 부분에 대한 보관이 필요하지 않을 경우 이를 접수·보관하지 않을 수 있음.",[],"['필요하지 않을 경우', '·보관하지 않을 수']",[],[],[],2,0,0,0,0,0,0,
written_data_6403.json,7dcb3d89-7fbe-493b-81cc-0f883e017980,425,"□ [별표 4의 2] 큰 글자 서식의 설계 기준(제24조 제3항 관련)
※ 아래 서식 설계 기준에 규정되지 않은 내용은 별표 4를 따름.",[],['규정되지 않은 내용'],[],[],[],1,0,0,0,0,0,0,
written_data_6403.json,7dcb3d89-7fbe-493b-81cc-0f883e017980,427,"다만, 서명란과 서명을 위해 필요한 정보가 같은 쪽에 구성되지 못한 경우, 서명란에 그 정보의 위치를 명시해야 함.",[],[],[],['구성되지 못한 경우'],[],1,0,0,0,0,0,0,
written_data_6403.json,7dcb3d89-7fbe-493b-81cc-0f883e017980,430,"주소, 주민등록번호, 운전면허번호 등 비교적 정보량이 많은 항목을 한 줄에 세 개 이상 배치하지 않음.",[],['배치하지 않음.'],[],[],[],0,0,0,0,0,1,0,
written_data_6403.json,7dcb3d89-7fbe-493b-81cc-0f883e017980,433,"예시: 서식 작성 시 필요한 사항을 안내하는 부분으로 접수·보관되지 않음. 가. 한 칸의 높이는 8.5mm 이상으로 하되, 주소와 같이 비교적 정보량이 많은 항목의 경우 작성할 공간을 충분히 확보해야 함. 가. 칸의 분리는 불규칙한 배열을 방지하기 위하여 설정한 가상의 세로 기준선에 따라 일정한 폭으로 하되, 성명란은 한글 15자 이상(13pt), 주민등록번호는 한글 7자 이상(13pt)을 쓸 수 있는 공간을 확보함. 가. 서식 명칭의 글꼴은 견고딕으로 하고 그 외 글자는 맑은 고딕으로 하되, 필요할 경우 다른 글꼴을 쓸 수 있음.",[],['·보관되지 않음. 가'],[],[],[],0,0,0,0,0,1,0,
written_data_6403.json,7dcb3d89-7fbe-493b-81cc-0f883e017980,449,"시도, 군구까지만 작성 (상세 주소는 작성하지 않아도 됨.) 수수료 면제 대상에 해당되어 수수료 면제를 신청함 <NAME>초생활 보장법에 따른 수급자, 독립유공자, 국가유공자, 고엽제 후유 의증환자, 참전 군인, 5·18민주유공자, 특수임무수행자, 한 부모가족 보호 대상자와 관계 법령에서 수수료를 면제하도록 한 규정이 있는 경우임.",[],['작성하지 않아도 됨'],[],[],[],0,1,0,0,0,0,0,
written_data_6403.json,7dcb3d89-7fbe-493b-81cc-0f883e017980,450,신청인이 본인의 주민등록표를 열람하거나 등초본을 교부하는 경우에는 작성하지 않음.,[],['작성하지 않음.'],[],[],[],0,0,0,0,0,1,0,
written_data_6403.json,7dcb3d89-7fbe-493b-81cc-0f883e017980,452,"포함 여부를 선택하지 않을 경우 신청인 또는 교부 대상자의 성명, 생년월일, 주소 등 기본적인 사항만 제공됨.",[],['선택하지 않을 경우'],[],[],[],1,0,0,0,0,0,0,
written_data_6403.json,7dcb3d89-7fbe-493b-81cc-0f883e017980,455,*담당 공무원이 확인에 동의하지 않을 경우 신청인이 직접 관련 서류를 제출해야 함.,[],['동의하지 않을 경우'],[],[],[],1,0,0,0,0,0,0,
written_data_6403.json,7dcb3d89-7fbe-493b-81cc-0f883e017980,470,동의하지 않을 경우 신청인이 직접 관련 서류를 제출(여권 정보의 경우 여권을 제시하는 것으로 갈음할 수 있습니다),[],['동의하지 않을 경우'],[],[],[],1,0,0,0,0,0,0,
written_data_6403.json,7dcb3d89-7fbe-493b-81cc-0f883e017980,471,유의 사 항 1. 운전면허증 갱신(적성검사)을 받지 못하는 사람은 기간 경과 전에 연기 신청을 하셔야 함.,[],[],[],[')을 받지 못하는 사'],[],1,0,0,0,0,0,0,
written_data_6403.json,7dcb3d89-7fbe-493b-81cc-0f883e017980,485,동의하지 않는 경우에는 신청인이 직접 관련 서류를 제출(여권 정보의 경우 여권을 제시하는 것으로 갈음할 수 있습니다),[],['동의하지 않는 경우'],[],[],[],1,0,0,0,0,0,0,
written_data_6403.json,7dcb3d89-7fbe-493b-81cc-0f883e017980,492,2장 4. 운전면허시험 신청일부터 2년 이내에 발급된 서류로서 검사하려는 적성에 관한 사항을 포함하고 있는 것(전자정부법 제36조에 따른 행정 정보의 공동 이용을 통해 업무 담당자가 확인할 수 있는 것은 포함하지 않을 수 있습니다),[],['포함하지 않을 수'],[],[],[],1,0,0,0,0,0,0,
written_data_6403.json,7dcb3d89-7fbe-493b-81cc-0f883e017980,504,동의하지 않을 경우 신청인이 직접 관련 서류를 제출(여권 정보의 경우 여권을 제시하는 것으로 갈음할 수 있습니다),[],['동의하지 않을 경우'],[],[],[],1,0,0,0,0,0,0,
written_data_6403.json,7dcb3d89-7fbe-493b-81cc-0f883e017980,510,"다만, 제1종 보통면허를 받은 사람으로서 한쪽 눈만 보지 못하는 사람의 경우 의사가 발급한 진단서를 제출해야 함)
병 원 장 (인)
의사면허번호 담당 의사 (서명 또는인)
운전면허 신체검사서(병원 보관용)
병 원 장 (인)
의사면허번호 담당 의사 (서명 또는인)
신청인 제출서류 및 업무 담당자 확인사항
1. 신분증명서(신분증명서는 확인 후 돌려드립니다)",[],[],[],['눈만 보지 못하는 사'],[],1,0,0,0,0,0,0,
written_data_6403.json,7dcb3d89-7fbe-493b-81cc-0f883e017980,512,4. 적성검사 신청일부터 2년 이내에 발급된 다음 각 목의 어느 하나에 해당하는 서류로서 검사하려는 적성에 관한 사항을 포함하고 있는 것(「전자정부법」 제36조에 따른 행정 정보의 공동 이용을 통하여 업무 담당자가 확인할 수 있는 사항은 포함하지 않을 수 있습니다),[],['포함하지 않을 수'],[],[],[],1,0,0,0,0,0,0,
written_data_6403.json,634086c6-581d-4ce8-99e3-76a52076050e,533,"발생 빈도는 적어도 대형사고로 이어질 수 있는 비상 상황 대응요령, 2년 주기로 진행되는 밸브 조작 등 실제 경험하지 못한 업무를 가상 체험하는 교육과정을<NAME>상 중심으로 공유함.",[],[],[],['경험하지 못한 업무'],[],1,0,0,0,0,0,0,
written_data_6403.json,4d195492-f449-4c4b-adf4-a9425b434fbd,583,"실내 전체 및 실외에서 다른 사람과 2m 이상 거리 유지가 되지 않거나 집회·공연·행사 등 다중이 모이는 경우 마스크 착용 의무
- 다만, 실외 마스크 착용은 이번 거리 두기 조정으로 다수의 방역조치가 해제되는 점을 고려하여 이에 따른 방역상황을 평가한 뒤 2주 후 조정 여부를 다시 논의하기로 하였음.",[],['지가 되지 않거나 집'],[],[],[],1,0,0,0,0,0,0,
written_data_6403.json,2362b3fb-76aa-42d8-989b-1369847de1f0,714,특히 저금리 지속 등으로 그간 누적된 금융부문 취약성이 심화될 수 있다고 경고하며 이러한 취약요인이 확대되지 않도록 면밀히 점검해 나가야 한다고 조언하였음.,[],['확대되지 않도록 면'],[],[],[],0,1,0,0,0,0,0,
written_data_6403.json,f27f7d59-acd0-4748-b145-38b2366dcb02,735,"□ 보건복지부 <NAME> 차관은 기념사를 통해 ""아이를 찾지 못하는 가족의 아픔 앞에서는 누구도 말을 잊을 수밖에 없을 것""이라며 장기 실종가족들에게 위로를 전했음.",[],[],[],['이를 찾지 못하는 가'],[],1,0,0,0,0,0,0,
written_data_6403.json,87dc3bbc-632d-44c6-9064-f4e3efac622f,760,"사람에게 중요하게 사용하는 항생제가 가축 등 동물에서도 사용되고, 항생제 오·남용으로 발생하는 항생제 내성균은 사람, 동물, 환경 간에 상호 전달되고 있어 범부처 차원의 공동대응이 필요하지만, 내성균의 감염경로에 대한 범부처적 통합 감시 및 부처별 연계활동이 이뤄지지 않아 국가적 관리대책 수립이 어려움 (사업목적) 항생제 내성균을 감소시키기 위한 원헬스(One Health) 항생제 내성균 다부처 통합 연구 관리체계 구축 및 공통기술 개발을 목적으로 함.",[],['이뤄지지 않아 국가'],[],[],[],0,0,0,0,1,0,0,
written_data_6403.json,87dc3bbc-632d-44c6-9064-f4e3efac622f,775,"선진국은 사람-동물-환경을 포함하는 항생제 내성균에 대한 인프라 구축 및 기초연구가 이미 선행되어 새로운 항생제 개발과 치료법 개발 등의 응용연구가 진행되는 반면, 우리나라는 아직 항생제 내성균 연구체계가 구축되지 않은 상태임.  (사업명)",[],['구축되지 않은 상태'],[],[],[],1,0,0,0,0,0,0,
written_data_6403.json,be5fd702-86d5-4cac-a872-70a6a0213a69,797,"국민권익위, ""전기통신금융 사기에 속은 예금주 이의 제기 기간 지났어도 소멸 채권 환급해 줘야""
- 중앙행심위, 이의 제기 못한 정당한 사유 있다면
소멸 예금채권 환급 거부는 잘못 -
□ 보이스피싱(전기통신금융 사기)에 속은 예금주(명의인)가 본인 계좌의 예금채권 소멸절차에 대한 이의 제기를 하지 못한데 정당한 사유가 있다면 이의 제기 기간이 지났더라도 예금주에게 본인의 예금채권을 환급해 줘야 한다는 행정심판 결정이 나왔음.",[],[],['이의 제기 못한'],['기를 하지 못한데 정'],[],2,0,0,0,0,0,0,
written_data_6403.json,be5fd702-86d5-4cac-a872-70a6a0213a69,803,이후 금융감독원은 ㄱ씨의 예금 5백여만 원에 대해 채권소멸 개시 공고를 하면서 ㄱ씨에게 등기우편을 보냈으나 '이사불명'으로 ㄱ씨에게 배달되지 않았음.,[],['배달되지 않았음.'],[],[],[],0,0,0,0,0,1,0,
written_data_6403.json,be5fd702-86d5-4cac-a872-70a6a0213a69,805,이 사실을 알지 못했던 씨는 이의 제기를 하지 못해 예금채권이 소멸됐고 피해 환급금으로 씨의 예금채권 5백여만 원을 지급했음.,[],[],[],"['실을 알지 못했던 씨', '기를 하지 못해 예금']",[],1,1,0,0,0,0,0,
written_data_6403.json,be5fd702-86d5-4cac-a872-70a6a0213a69,807,씨는 소멸 채권 환급을 금융감독원에 요청했으나 씨는 법정 기간 내 이의신청을 하지 않았다며 환급을 거절했음.,[],['청을 하지 않았다며'],[],[],[],0,1,0,0,0,0,0,
written_data_6403.json,be5fd702-86d5-4cac-a872-70a6a0213a69,808,이에 씨는 금융감독원으로부터 이의신청 안내 통지를 받지 못했고 설령 이의 제기를 했더라도 당시 형사재판 중이어서 환급해 주지 않았을 것이라 주장하며 행정심판을 청구했음.,[],['급해 주지 않았을 것'],[],['지를 받지 못했고 설'],[],1,0,0,0,0,1,0,
written_data_6403.json,be5fd702-86d5-4cac-a872-70a6a0213a69,809,중앙행심위는 씨가 '이사불명'으로 우편이 반송된 상황에서 휴대폰 문자메시지만으로 이의 제기 절차를 알 수 있고 재판 결과가 나오기까지 금융기관이 이의 제기를 받아들이지 않았을 것이라는 주장에 동의했음.,[],['받아들이지 않았을 것'],[],[],[],1,0,0,0,0,0,0,
written_data_6403.json,be5fd702-86d5-4cac-a872-70a6a0213a69,810,이에 중앙행심위는 씨가 이의 제기를 하지 못한데 정당한 사유가 있다며 예금을 돌려줘야 한다고 결정했음.,[],[],[],['기를 하지 못한데 정'],[],1,0,0,0,0,0,0,
written_data_6403.json,be5fd702-86d5-4cac-a872-70a6a0213a69,811,"통신사기 피해 환급 법'이 시행 중인데, '통신사기 피해 환급 법'은 사기이용 계좌 예금주가 사기에 가담하지 않은 것이 밝혀진다면 이의 제기 기회를 충분히 보장해 줘야 함.",[],['가담하지 않은 것이'],[],[],[],1,0,0,0,0,0,0,
written_data_6403.json,e2b2df30-c407-416b-90c4-fd198ba6af2f,814,"* 저소득층 : 기초생활수급자, 차상위계층, 국가유공자, 시청각장애인
< 가격 변동 내역 >
o 이번에 재조정된 가격은 7. 1(화)부터 적용되며, 디지털 TV를 보유하고 있지 않은 저소득층 가구는 셋톱박스 없이 TV 만으로 디지털 케이블 방송 시청이 가능한 클리어쾀TV를 좀 더 저렴한 가격에 구입할 수 있음.",[],['하고 있지 않은 저소'],[],[],[],1,0,0,0,0,0,0,
written_data_6403.json,e2b2df30-c407-416b-90c4-fd198ba6af2f,816,대상은 방송서비스 이용행태와 관계없이 디지털 TV를 보유하고 있지 않은 모든 저소득층 가구(약 84만)임.,[],['하고 있지 않은 모든'],[],[],[],1,0,0,0,0,0,0,
written_data_6403.json,fed3f758-b2aa-4aed-9cd8-27f3110a9f7c,848,"알룰로스의 제2형 당뇨병 개선효과 또는 섭취 칼로리 절감에 의한 항비만 효과는 보고되었으나, 알룰로스의 순수한 항비만 기능성은 밝혀지지 않았음.",[],['밝혀지지 않았음.'],[],[],[],0,0,0,0,0,1,0,
written_data_6403.json,935629e9-2b85-4fff-a487-c42d85781432,916,"⊙ 3차접종을 면역저하자로 접종하지 않은 경우에도, 의료기관에서 받은 면역저하질환 진료확인서 또는 담당의사의 접종 권고를 포함한 소견서 등을 지참하면, 접종 의료기관에서 추가(4차)접종을 받으실 수 있음.
만 5-11세 소아 코로나19 예방접종 안내문
청소년 코로나19 예방접종 안내문(청소년용)
12-17세 청소년 3차접종 안내문
청소년 심근염·심낭염 진료 안내문(의료인용)
심전도 모니터링 상 빈번한 심방 혹은 심실 이소성 박동
- 미만성 오목한(conave-upward) ST 분절 상승
aVR에서 ST 분절 저하
- 리드 전체에 걸친 PR 하강(II, V3 주로 관찰)이 있고 상응하는 ST 분절 변화(하강) 없음",[],['접종하지 않은 경우'],[],[],[],1,0,0,0,0,0,0,
written_data_6403.json,935629e9-2b85-4fff-a487-c42d85781432,927,"감염병 관련 기사를 작성할 때는 반드시 전문가의 자문을 구한 뒤 작성하도록 하고, 과도한 보도 경쟁으로 피해자들의 사생활이 침해되지 않도록 최대한 노력함.",[],['침해되지 않도록 최'],[],[],[],0,1,0,0,0,0,0,
written_data_6403.json,935629e9-2b85-4fff-a487-c42d85781432,932,"발생 원인이나 감염경로 등이 불확실한 신종 감염병의 보도는 현재 의학적으로 밝혀진 것과 밝혀지지 않은 것을 명확하게 구분하여 전달함.
나. 현재의 불확실한 상황에 대해 의과학 분야 전문가의 의견을 제시하며, 추측, 과장 보도를 하지 않음.
다.",[],"['밝혀지지 않은 것을', '도를 하지 않음.\n다']",[],[],[],1,0,0,0,0,1,0,
written_data_6403.json,935629e9-2b85-4fff-a487-c42d85781432,939,"불확실한 감염병의 경우, 기자를 매개로 한 전파의 우려가 있기 때문에 감염인을 직접 대면 취재하지 않음.",[],['취재하지 않음.'],[],[],[],0,0,0,0,0,1,0,
written_data_6403.json,935629e9-2b85-4fff-a487-c42d85781432,941,감염인에 대한 사진이나 영상을 취재·보도에 활용할 경우 본인 동의없이 사용하지 않음.,[],['사용하지 않음.'],[],[],[],0,0,0,0,0,1,0,
written_data_6403.json,935629e9-2b85-4fff-a487-c42d85781432,948,"1. 감염병이 발생했을 때, 각 언론사는 특별취재팀을 구성해 감염병에 대한 충분한 사전 교육을 받지 않은 기자들이 무분별하게 현장에 접근하는 일이 없도록 해야 함.",[],['육을 받지 않은 기자'],[],[],[],1,0,0,0,0,0,0,
written_data_2842.json,65c4f31f-f5b9-4dbd-8155-637752d237a8,7,"*해당 병원의 혈액투석 환자 73명 중 새롭게 발생한 C형간염 환자 3명
□ 혈액투석실 현장 역학조사 및 분자유전학적 분석 결과
○ 새롭게 확인된 C형간염 환자 1명과 기존 C형간염 환자 1명은 유전형이 2a로 동일하고, 유전자 염기서열이 일치함*을 8월 31일 확인하였으며, 새롭게 확인된 C형간염 환자 2명의 검체는 유전자가 검출되지 않아 유전자염기서열 분석이 불가능하였다.",[],['검출되지 않아 유전'],[],[],[],0,1,0,0,0,0,0,
written_data_2842.json,65c4f31f-f5b9-4dbd-8155-637752d237a8,8,"* C형간염바이러스 Core-E2 유전자(1,451bp) 부위의 염기서열이 99.9 % 일치
○ 혈액투석실 내 손 씻기 세면대 부족, 투석 시행 구역에서 약물 준비, 응급 시 장갑 미착용 등 감염관리 원칙 미준수가 확인되어 개선 조치하였으며, 현장조사 당일 채취한 환경검체 20건에 대한 검사 결과 C형간염 바이러스는 검출되지 않았다.",[],['검출되지 않았다.'],[],[],[],0,0,0,0,0,1,0,
written_data_2842.json,65c4f31f-f5b9-4dbd-8155-637752d237a8,16,B형간염과 비교 시 만성 간염으로 진행하는 비율이 높은 것으로 알려져 있으며 적절하게 치료하지 않는 경우 간경화 또는 간암으로 진행합니다.,[],['치료하지 않는 경우'],[],[],[],1,0,0,0,0,0,0,
written_data_2842.json,65c4f31f-f5b9-4dbd-8155-637752d237a8,21,"- 급성 C형간염의 경우 70 % 이상에서 증상이 나타나지 않으며, 증상은 경증에서 중증까지 다양하게 나타납니다.",[],"['나타나지 않으며,']",[],[],[],0,0,0,0,0,1,0,
written_data_2842.json,65c4f31f-f5b9-4dbd-8155-637752d237a8,25,급성간염 시 70 % 정도는 증상이 나타나지 않습니다.,[],['나타나지 않습니다.'],[],[],[],0,0,0,0,0,1,0,
written_data_2842.json,62c6a8af-e6d2-4aea-9fb5-0e7c5297a939,113,"② 발현 가능한 합병증(후유증)의 내용, 정도 및 대처 방법
환자의 상태에 따라서는 적정량의 약제를 사용하였음에도 불구하고 수면이나 적정한 정도의 진정상태에 도달하지 못하거나 오히려 환자의 협조도가 낮아져 검사(시술) 자체가 어려워지는 수도 있습니다.",[],[],[],['도달하지 못하거나'],[],0,1,0,0,0,0,0,
written_data_2842.json,62c6a8af-e6d2-4aea-9fb5-0e7c5297a939,117,"③ 의식하 진정 시 주의 사항
의식하 진정 후에는 완전한 회복을 위하여 안정이 필요하며 검사 당일에는 운전을 하지 말아야 하고 중요한 약속이나 업무는 피해야 합니다.
다.",[],[],[],[],['전을 하지 말아야 하'],0,0,0,0,0,1,0,
written_data_2842.json,62c6a8af-e6d2-4aea-9fb5-0e7c5297a939,127,"2 0 연월일 시 분
환 자 명 : (서명 또는 날인)
주민등록상의 생년월일: 집 전화:
대리인(환자의 ): (서명 또는 날인)
주민등록상의 생년월일: 집 전화:
* 대리인이 서명하게 된 사유

□ 환자의 신체적․정신적 장애로 인하여 약정 내용에 대하여 이해하지 못함",[],[],[],['이해하지 못함'],[],0,0,0,0,0,1,0,
written_data_2842.json,62c6a8af-e6d2-4aea-9fb5-0e7c5297a939,128,□ 미성년자로서 약정 내용에 대하여 이해하지 못함,[],[],[],['이해하지 못함'],[],0,0,0,0,0,1,0,
written_data_2842.json,62c6a8af-e6d2-4aea-9fb5-0e7c5297a939,135,(주민등록번호 전체가 표시되어서는 안 됨).,['되어서는 안 됨).'],[],[],[],[],0,0,0,0,0,1,0,
written_data_2842.json,2033278a-f730-4ac7-a896-c332d88a7485,190,"/ 흑성병 약/ '신고'와 교배 불친화성
◯ 적당한 산미(신맛) 가 있어 맛이 진한 대과
◯ 9월 하, 600g, 13.2oBx, 상온유통 3주, 중간색
◯ 꽃가루 풍부/ 꽃눈<NAME> 양호/열과
◯ 감산(단맛과 신맛) 조화 풍미가 있는 장기저장 수출용
◯ 10월 중하, 560g, 14.0oBx, 상온유통 8주, 갈색배
◯ 꽃가루 풍부/과피 흑변/수확 직후 산미 강
○ 배 육성품종의 자가불화합 S 인자형 및 개화기
☞ 유전적으로 동일한 자가불화합 S 인자형을 가지는 두 품종 간에는 꽃가루가 있어도 주두(암술머리)에서 수정이 되지 않아 과실이 달리지 않음.",[],"['정이 되지 않아 과실', '이 달리지 않음.']",[],[],[],0,1,0,0,0,1,0,
written_data_2842.json,2033278a-f730-4ac7-a896-c332d88a7485,192,물음표(?)는 기존에 보고된 자가불화합 인자형에는 없는 인자형으로 아직 인자형이 확인되지 않았음,[],['확인되지 않았음'],[],[],[],0,0,0,0,0,1,0,
written_data_2842.json,adeb508c-9a47-4546-9f00-2c6ac49a7fa0,202,"법정 관리 중, 해약 안 된다?'","["", 해약 안 된다?'""]",[],[],[],[],0,0,0,0,0,1,0,
written_data_2842.json,adeb508c-9a47-4546-9f00-2c6ac49a7fa0,204,"공정위 조사 결과, 일부 업체가 '보전 처분 상태', '법정 관리 중', '법원 소송 중' 등을 핑계로 소비자들의 계약 해제 신청을 접수조차 받지 않고 있었다.

ㅇ",[],['조차 받지 않고 있었'],[],[],[],0,0,0,0,0,1,0,
written_data_2842.json,adeb508c-9a47-4546-9f00-2c6ac49a7fa0,206,"□ 기존에는 상조업체가 소비자의 계약 해제 신청을 접수한 이후 해약 환급금을 지급하지 않아 적발되었으나, 신청 자체를 방해하여 소비자 권리 행사를 원천적으로 봉쇄하는 행위는 처음 적발되었다.

ㅇ",[],['지급하지 않아 적발'],[],[],[],0,1,0,0,0,0,0,
written_data_2842.json,adeb508c-9a47-4546-9f00-2c6ac49a7fa0,210,"해당 업체들은 아래의 위반 사례에서도 볼 수 있듯이 '법원으로부터 보전 처분 명령을 받았다', '공제 계약 해지에 불복하여 무효 확인 소송을 제기했고, 가처분 신청에서 승소했다' 등 어려운 법률 용어를 사용하면서 거짓 또는 타당하지 않은 사유를 들어 소비자의 계약해제 신청을 접수조차 하지 않고 있었다.

ㅇ",[],"['타당하지 않은 사유', '조차 하지 않고 있었']",[],[],[],1,0,0,0,0,1,0,
written_data_2842.json,adeb508c-9a47-4546-9f00-2c6ac49a7fa0,211,만약 상조업체가 소비자의 계약 해제 신청을 접수하지 않은 상태로 폐업하게 되면 소비자의 금전적인 피해*가 커질 우려가 있다.,[],['접수하지 않은 상태'],[],[],[],1,0,0,0,0,0,0,
written_data_2842.json,adeb508c-9a47-4546-9f00-2c6ac49a7fa0,213,"그러나 정상적으로 계약 해제 신청이 되지 않은 상태에서 상조업체가 폐업한 경우, 소비자는 납입한 금액의 최대 50 % 밖에 보상받지 못함.",[],['청이 되지 않은 상태'],[],['보상받지 못함.'],[],1,0,0,0,0,1,0,
written_data_2842.json,adeb508c-9a47-4546-9f00-2c6ac49a7fa0,214,"계약 해제 신청을 한 경우
계약 해제 신청을 못한 경우
납입한 금액의 85 % * + 지연이자(연 15 % )
* 만기까지 납입한 경우의 법정 해약 환급률(환급률은 납입 기간에 따라 다름)
** 상조업체가 예치 기관에 예치하지 않거나, 조합에 납입 금액을 신고하지 않은 경우 더 적어질 수 있음.

ㅇ",[],"['예치하지 않거나,', '신고하지 않은 경우']","[""신청을 못한 경우""]",[],[],3,0,0,0,0,0,0,
written_data_2842.json,adeb508c-9a47-4546-9f00-2c6ac49a7fa0,215,"특히, 강화된 자본금 요건을 갖추지 못하여 폐업을 앞둔 업체들이 위법 행위의 적발을 회피하고 사업자의 이익을 극대화하려는 수단으로 악용할 여지가 있어 이를 소비자들에게 알릴 필요가 있다.",[],[],[],['을 갖추지 못하여 폐'],[],0,1,0,0,0,0,0,
written_data_2842.json,adeb508c-9a47-4546-9f00-2c6ac49a7fa0,219,"이는 거짓 사실을 알려 계약의 해제를 방해하는 행위로서 할부 거래법 제34조의 금지 행위에 해당하며, 해약 환급금을 지급하지 않은 행위보다 더 무거운 처벌을 받을 수 있다.",[],['지급하지 않은 행위'],[],[],[],1,0,0,0,0,0,0,
written_data_2842.json,adeb508c-9a47-4546-9f00-2c6ac49a7fa0,223,만약 법원의 결정을 기다리던 도중 6월 30일에 A 업체가 갑자기 폐업하게 된다면 김 모 씨는 소비자 피해 보상금으로 최대 180만 원밖에 받지 못한다.,[],[],[],['밖에 받지 못한다.'],[],0,0,0,0,0,1,0,
written_data_2842.json,adeb508c-9a47-4546-9f00-2c6ac49a7fa0,225,"특히, A 업체는 2017년 회계감사 보고서를 공정위에 제출하지 않았는데, 조사 결과 회계법인의 감사 결과가 의견 거절로 나왔기 때문으로 밝혀졌다.

ㅇ",[],"['제출하지 않았는데,']",[],[],[],0,0,0,0,1,0,0,
written_data_2842.json,adeb508c-9a47-4546-9f00-2c6ac49a7fa0,226,A 업체는 위 사실을 숨기고 공정위에 감사 보고서를 제출하지 않아 할부거래법에서 보장하고 있는 소비자의 알 권리까지 침해하고 있었다.,[],['제출하지 않아 할부'],[],[],[],0,1,0,0,0,0,0,
written_data_2842.json,adeb508c-9a47-4546-9f00-2c6ac49a7fa0,229,2018년 3월 가처분 신청이 인용되자 그간 출금하지 못한 소비자의 선수금을 인출하고 신규 회원의 가입 신청을 받고 있다.,[],[],[],['출금하지 못한 소비'],[],1,0,0,0,0,0,0,
written_data_2842.json,adeb508c-9a47-4546-9f00-2c6ac49a7fa0,231,법원에 소송 중이라는 사유는 계약 해제를 거부할 수 있는 정당한 사유에 해당하지 않아 이 또한 계약의 해제를 방해하는 행위로서 할부거래법 제34조의 금지 행위에 해당한다.,[],['해당하지 않아 이'],[],[],[],0,1,0,0,0,0,0,
written_data_2842.json,adeb508c-9a47-4546-9f00-2c6ac49a7fa0,233,공제 계약이 해지되면 B 업체가 망해도 피해 보상을 받지 못한다고 한다.,[],[],[],['상을 받지 못한다고'],[],0,0,0,1,0,0,0,
written_data_2842.json,adeb508c-9a47-4546-9f00-2c6ac49a7fa0,239,만약 <NAME>씨가 업체의 안내대로 기다리기만 하다가 B 업체가 6월 30일에 갑자기 폐업하게 된다면 소비자 피해 보상금으로 최대 165만 원('5년간 납입한 금액 300만 원+6월에 인출된 30만 원'의 50 % )밖에 받지 못한다.,[],[],[],['밖에 받지 못한다.'],[],0,0,0,0,0,1,0,
written_data_2842.json,042ba410-d295-48ee-8061-907e8a9ce789,261,"아울러 재해 발생 시 재난지원금과 농업재해보험금을 조속히 지원하여 피해를 입은 농업인의 경영안정을 지원할 할 계획이라고 밝히면서,
❍ 재해를 입은 경우에, 보험 가입 농가는 지역농협과 읍․면사무소에 즉시 신고하고, 보험에 가입하지 않은 농가는 읍․면사무소에 즉시 신고해 줄 것을 당부하였다.",[],['가입하지 않은 농가'],[],[],[],1,0,0,0,0,0,0,
written_data_2842.json,b32f3e75-4ad2-4a78-92f7-b561812176a0,282,"□ 회의를 마무리하면서, 정 본부장은 위드 코로나(With Corona) 시대에 마스크가 생활 방역의 필수 아이템이 되었다고 하면서, 공공시설을 이용하는 국민들께서 미처 마스크를 준비하지 못했을 경우에 대비하여 일정량의 마스크를 비치할 계획이라고 언급하였다.",[],[],[],['준비하지 못했을 경'],[],1,0,0,0,0,0,0,
written_data_2842.json,b32f3e75-4ad2-4a78-92f7-b561812176a0,298,○ 감염병 예방법 개정에 따라 11월 13일(금)부터 마스크 미착용 등 방역수칙을 준수하지 않는 경우 10만 원의 과태료가 부과된다.,[],['준수하지 않는 경우'],[],[],[],1,0,0,0,0,0,0,
written_data_2842.json,b32f3e75-4ad2-4a78-92f7-b561812176a0,307,"* 요양병원 1,473개소, 요양 시설 3,754개소, 노인 공동생활 가정 1,883개소, 주야간 보호기관 448개소, 정신병원 419개소
- 요양병원은 감염관리 지침과 점검표에 대해 모르거나 적용하지 못한 경우가 일부 있었으며, 요양 시설은 비접촉 면회 공간이나 대체인력을 확보하지 않은 경우도 확인되었다.",[],['확보하지 않은 경우'],[],['적용하지 못한 경우'],[],2,0,0,0,0,0,0,
written_data_2842.json,b32f3e75-4ad2-4a78-92f7-b561812176a0,315,"○ 정부는 중국 입국 예정인 우리 국민들이 이번 중국 측 시행 조치를 사전에 숙지하여 입국 거부 등의 피해를 입지 않도록 항공사를 통해 11월 11(수) 이후 항공편을 예약한 탑승객에게 개별 안내하도록 하고,
- 외교부 해외안전여행 홈페이지, 기업인 출입국 종합지원센터 등을 통해서도 관련 내용을 공지할 예정이다.",[],['해를 입지 않도록 항'],[],[],[],0,1,0,0,0,0,0,
written_data_2842.json,b32f3e75-4ad2-4a78-92f7-b561812176a0,324,"- 점검 결과 자원봉사자 집단 활동 시 1m 거리 두기를 지키지 않은 1개소에 대해 현장지도를 완료하였으며, 앞으로도 이들 시설에 대한 지속적인 관리(모니터링) 등 사전 예방 활동을 철저히 진행할 예정이다.",[],['를 지키지 않은 1개'],[],[],[],1,0,0,0,0,0,0,
written_data_2842.json,b32f3e75-4ad2-4a78-92f7-b561812176a0,345,"감염병 관련 기사를 작성할 때는 반드시 전문가의 자문을 구한 뒤 작성하도록 하고, 과도한 보도 경쟁으로 피해자들의 사생활이 침해되지 않도록 최대한 노력한다.",[],['침해되지 않도록 최'],[],[],[],0,1,0,0,0,0,0,
written_data_2842.json,b32f3e75-4ad2-4a78-92f7-b561812176a0,350,발생 원인이나 감염 경로 등이 불확실한 신종 감염병의 보도는 현재 의학적으로 밝혀진 것과 밝혀지지 않은 것을 명확하게 구분하여 전달한다.,[],['밝혀지지 않은 것을'],[],[],[],1,0,0,0,0,0,0,
written_data_2842.json,b32f3e75-4ad2-4a78-92f7-b561812176a0,351,"나. 현재의 불확실한 상황에 대해 의과학 분야 전문가의 의견을 제시하며, 추측, 과장 보도를 하지 않는다.
다.",[],['도를 하지 않는다.'],[],[],[],0,0,0,0,0,1,0,
written_data_2842.json,b32f3e75-4ad2-4a78-92f7-b561812176a0,359,"불확실한 감염병의 경우, 기자를 매개로 한 전파의 우려가 있기 때문에 감염인을 직접 대면 취재하지 않는다.",[],['취재하지 않는다.'],[],[],[],0,0,0,0,0,1,0,
written_data_2842.json,b32f3e75-4ad2-4a78-92f7-b561812176a0,361,감염인에 대한 사진이나 영상을 취재·보도에 활용할 경우 본인 동의 없이 사용하지 않는다.,[],['사용하지 않는다.'],[],[],[],0,0,0,0,0,1,0,
written_data_2842.json,b32f3e75-4ad2-4a78-92f7-b561812176a0,368,"오인이 우려되는 다른 감염병과의 비교
""야생진드기 에이즈보다 무섭네... 물리면 사망 위험 커""
""전파력 메르스 '1000배'…홍콩 독감 유입 땐 대재앙""
1. 감염병 발생 시, 각 언론사는 특별취재팀을 구성해 감염병에 대한 충분한 사전 교육을 받지 않은 기자들이 무분별하게 현장에 접근하는 일이 없도록 해야 한다.
2. 감염병 발생 시, 보건당국은 언론인을 포함한 특별대책반(T/F)를 구성해, 관련 정보가 국민들에게 신속하고 정확하게 전달되도록 해야 하고, 위험 지역 접근 취재 시 공동취재단을 구성해 기자들의 안전 및 방역에 대비해야 한다.",[],['육을 받지 않은 기자'],[],[],[],1,0,0,0,0,0,0,
written_data_2842.json,406117fe-ad49-439c-94f0-988d39d5c2ea,389,이에 주민들은 수차례 민원을 신청했고 선거 때마다 공약으로 제시됐지만 경작자들의 70년 한이 풀리지 않자 2017년 9월 국민권익위에 민원을 제기했다.,[],['이 풀리지 않자 20'],[],[],[],0,1,0,0,0,0,0,
written_data_2842.json,4a3211da-ef7c-4896-b5c8-ab8641a02e4b,401,"* 하나의 아이디로 전자정부 서비스를 이용할 수 있는 행정안전부 서비스

○ 그동안 기상청 방문을 통해서만 기상특보, 지진관측자료 증명을 발급이 가능했으나, 이번 전자 민원을 통해 즉시 발급받을 수 있도록 개선하였으며, △ AtiveX 설치 △프린터 제한 △플러그인 등을 설치하지 않아도 된다.",[],['설치하지 않아도 된'],[],[],[],0,1,0,0,0,0,0,
written_data_2842.json,4a3211da-ef7c-4896-b5c8-ab8641a02e4b,407,"3. 개인정보 없고, QR코드 있는 기상현상 증명서

앞으로는 증명서에 민원인의 개인정보를 표시하지 않습니다.",[],['표시하지 않습니다.'],[],[],[],0,0,0,0,0,1,0,
written_data_2842.json,a0b16dde-9872-4ff1-8134-b52f4d162912,438,"인터랙티브 미디어 월'의 경우 벽면에 최신 기술로 제작한 창경궁‧한국의 사찰‧소쇄원‧하회탈‧프랙털 아트 등 5편의 디지털 영상을 제공하는데, 직접 가보지 않고도 3차원 입체(3D) 영상으로 체험할 수 있는 문화유산들이 준비됐다. 비치해 놓은 디지털 기기로 문화유산에 대한 정보를 전송받아 확인할 수 있게 꾸며졌다.
* 프랙털 아트(fractal art): 작은 구조가 전체 구조와 비슷한 형태로 끊임없이 되풀이되는 '프랙털' 개체를 이미지, 만화영상 등을 표현하는 예술
다면 미디어아트 영상은 창덕궁의 과거, 현재, 미래를 여러 면에 걸쳐 디지털 기술로 담았고, '가상현실‧증강현실' 실감 체험은 특수 제작한 기술을 통해 가상과 현실을 넘나들며 문화유산을 생생하게 느낄 수 있는 공간으로 구성했다.",[],['접 가보지 않고도 3'],[],[],[],0,1,0,0,0,0,0,
written_data_2842.json,a0b16dde-9872-4ff1-8134-b52f4d162912,439,"이와 별도로, 나눔방 안 서가에는 인터넷을 통한 정보 검색과 각종 국내여행안내 자료를 제공하고, 문화재 관련 전문서적과 어린이 역사책, 신간 문학 도서 등 1,000여 권의 책들을 비치해 커피와 음료를 들고 안락하게 독서를 즐기며 휴식을 취할 수 있다.",[],[],[],[],[],0,0,0,0,0,0,0,
written_data_2842.json,8f0baec0-eea9-4852-b0ac-ead71ec3eb0c,543,"<NAME> 기술이사는 기술자의 꿈을 품으며 가까운 지역 농고에 진학하지 않고 대전 계룡공고에 입학해 졸업 후
-1977년 방산 품을 생산하는 S&T중공업(주)에 입사 후 2013년까지 조장과 생산파트장(현장관리직)으로서 현장의 불합리한 문제점을 제안 활동을 통해 개선하는 등 회사 발전에 크게 이바지했고
-S&T중공업(주) 정년퇴직 후에도 전문성을 살려 산업현장교수단, 대한민국 명장, 회사 근로자로 지속 활동하며 멘토링, 강의, 전문서적 발간 등을 통해 지식 전파 및 사회 공헌에 힘썼다.",[],['진학하지 않고 대전'],[],[],[],0,1,0,0,0,0,0,
written_data_2842.json,8b9026db-9265-4813-a597-b81e49f8feea,570,"- 안 00 학습자
• 수강 강좌 : 강화 학습의 수학적 기초와 알고리듬 이해 등
• 학습 사례 : 명예퇴직이라는 이름 하에 오랜 직장 생활을 떠나 제2의 인생을 준비하는 길목에서 사랑하는 딸의 제안으로 우연찮게 배움의 시간을 맞이하게 되었습니다.",[],[],[],[],[],0,0,0,0,0,0,0,
written_data_2842.json,8b9026db-9265-4813-a597-b81e49f8feea,576,"""K-MOOC 학습을 통해 내가 설계하는 '영어를 이용한 온전한 교육'이라는 목표가 그저 이상에만 그치지 않게 되었다. 현실에서 아이들이 학습에 대한 동기부여를 스스로 발견하고, 자신이 수용되고 공감받는 확신을 갖고 학습에 주도적이고 창의적으로 참여하는 것을 경험했다. K-MOOC를 통해 얻은 유익함과 사회적 의미를, 나 또한 똑같이 빚진 마음으로 최선을 다해 청소년들과 나눌 것이다.""",[],['만 그치지 않게 되었'],[],[],[],0,1,0,0,0,0,0,
written_data_2842.json,ba0a6810-d721-4bf6-b233-e9942f50c437,612,"* 일 의(一意): 불교에서 만물의 실체라고 보는 참 마음인 일심(一心)과 일맥상통하는 용어
특히, 이번에 확인된 초석 건물지는 익산 미륵사지와 부여 능산리 사지의 강당(講堂) 터, 익산 왕궁리 유적 1호 건물 터와 유사한 1동 2실 구조이며, 북편 구릉 말단부에 위치한 점 등으로 미루어 볼 때, 역사 기록에서 알려지지 않은 중요 사찰의 강당일 가능성이 매우 높다.",[],['알려지지 않은 중요'],[],[],[],1,0,0,0,0,0,0,
written_data_2842.json,45ecc9e9-67a8-4949-89ac-a3c40c4f8d9f,637,"특히, 굴 패각은 매년 약 30만 톤이 발생되나, 일부만 사료‧비료 등으로 활용되고 연간 약 23만 톤이 처리되지 못하면서 현재는 약 100만 톤(누적)이 적재",[],[],[],['처리되지 못하면서'],[],0,1,0,0,0,0,0,
written_data_2842.json,45ecc9e9-67a8-4949-89ac-a3c40c4f8d9f,638,"* 「폐기물 관리법 시행규칙」등에 따라 수산부산물 폐기물 보관 기간은 90일 (중간 가공 폐기물은 120일)로 제약되고, 재활용 업체의 보관량에도 제약이 있던 상황

이에, 해양수산부는 임시방편으로 해양배출해 역 투기를 허용해왔으나, 사료·비료 등으로의 재활용(약 2만 원/톤)보다 상대적인 비용이 많이 들고(약 6만 원 이상/톤), 패각자원 폐기에 대한 비판 등으로 원활한 처리가 쉽지 않았다.",[],['리가 쉽지 않았다.'],[],[],[],0,0,0,0,0,1,0,
written_data_2842.json,45ecc9e9-67a8-4949-89ac-a3c40c4f8d9f,645,"국내에서도, 현대제철, 포스코, 광양 제철 등의 제철소에서 석회 광석 채굴에 따른 화석에너지 사용, 온실가스 배출로 인한 환경오염, 석회석 비용 증가 등의 부담을 완화하고자 천연 패각의 탄산칼슘을 석회석 대체재로 활용하는 기술을 개발하였음에도 불구하고, 기존「폐기물 관리법」의 엄격한 규제에 막혀 패각이 고부가 소재로 재활용되지 못하였다.",[],[],[],['재활용되지 못하였다.'],[],0,0,0,0,0,1,0,
written_data_2842.json,45ecc9e9-67a8-4949-89ac-a3c40c4f8d9f,652,"단, 사진, 이미지, 일러스트, 등의 일부 자료는 해양수산부가 저작권 전부를 갖고 있지 아니하므로, 자유롭게 이용하기 위해서는 반드시 해당 저작권자의 허락을 받으셔야 합니다.",[],"['갖고 있지 아니하므로,']",[],[],[],0,1,0,0,0,0,0,
written_data_2842.json,9872a5e0-d1c7-4f24-82b2-152b8fa5aded,669,"□ <NAME> 환경부 기후 미래정책국장은 ""지속 가능하지 않은 발전은 인간에게 부메랑으로 되돌아올 수 있다는 점을 명심해야 한다""면서,

○ ""이번 행사를 통해 국민들이 환경보전의 소중함과 환경적 가치의 중요성을 다시 한번 생각하고 생활 속에서 작은 실천을 할 수 있는 계기가 되기를 기대한다""라고 말했다.",[],['가능하지 않은 발전'],[],[],[],1,0,0,0,0,0,0,
written_data_2842.json,1a5fb7d6-d259-4cf6-ac38-eb7ce187f9ce,685,이로 인해 올해 상반기에 출하 가능한 물량이 많지 않아 생산량은 전년 동기에 비해 5.6 % 감소하였다.,[],['량이 많지 않아 생산'],[],[],[],0,1,0,0,0,0,0,
written_data_2842.json,1a5fb7d6-d259-4cf6-ac38-eb7ce187f9ce,694,이 수역에서 조업하는 연승어선이 어획하는 눈다랑어 또한 전년 수준에서 크게 벗어나지 않는 어획량을 기록했다.,[],['벗어나지 않는 어획'],[],[],[],1,0,0,0,0,0,0,
written_data_2842.json,1a5fb7d6-d259-4cf6-ac38-eb7ce187f9ce,698,"< '21년 상반기 국내 어업 생산금액 >
(단위 : 백만 원, % )
<NAME> 해양수산부 수산정책실장은 ""코로나19로 인해 어업 생산에 어려움이 있었지만, 어업인들의 노력으로 상반기에 안정적인 생산량을 달성할 수 있었다.""라며, ""라고 수온·적조를 비롯한 제약 요인이 많아 어려움이 예상되지만, 하반기 생산 비중이 높은 어패류 등을 중심으로 안전하고 활발한 생산활동이 이루어지도록 해양수산부도 지원을 아끼지 않겠다.""라고 말했다.",[],"['을 아끼지 않겠다.""']",[],[],[],0,0,0,1,0,0,0,
written_data_2842.json,1a5fb7d6-d259-4cf6-ac38-eb7ce187f9ce,700,"단, 사진, 이미지, 일러스트, 등의 일부 자료는 해양수산부가 저작권 전부를 갖고 있지 아니하므로, 자유롭게 이용하기 위해서는 반드시 해당 저작권자의 허락을 받으셔야 합니다.",[],"['갖고 있지 아니하므로,']",[],[],[],0,1,0,0,0,0,0,
written_data_2842.json,d14f2396-caa1-4037-952c-53c08559d8b0,706,"또한, 안양의 집에 있는 아동시설을 돌아보면서 ""어려운 여건 속에서도 자신의 꿈을 포기하지 않고 목표를 향해 꿋꿋하게 자신의 길을 걸어나가 나라의 튼튼한 기둥이 되어주길 바란다""라고 원생들을 격려하고, 전통시장에서 구입한 생필품과 온누리상품권 등 총 200만 원 상당의 물품을 복지시설에 전달하였다.",[],['포기하지 않고 목표'],[],[],[],0,1,0,0,0,0,0,
written_data_2842.json,b204947f-da7a-4952-bc1b-4177850cb400,709,"콩을 안전하게 생산하기 위해서는 무엇보다 제때 수확하는 것이 중요하며, 수확기에는 비를 맞지 않도록 주의한다.",[],['비를 맞지 않도록 주'],[],[],[],0,1,0,0,0,0,0,
written_data_2842.json,b204947f-da7a-4952-bc1b-4177850cb400,715,○ 불가피하게 수확이 늦어지면 식물체를 베어 단으로 묶어세운 후 비닐을 덮어 비를 맞지 않게 한다.,[],['비를 맞지 않게 한다'],[],[],[],0,1,0,0,0,0,0,
written_data_2842.json,84edcf32-a2fe-408b-a6e7-f8819bd4130f,729,- 또 부패 방지 권익위법 제66조 책임 감면 규정을 적극 해석해 신고자가 비밀준수 의무를 위반하지 않았으므로 책임 감면을 받아야 한다고 요청했습니다.,[],['위반하지 않았으므로'],[],[],[],0,1,0,0,0,0,0,
written_data_2842.json,84edcf32-a2fe-408b-a6e7-f8819bd4130f,730,"○ 참고로, 국민권익위는 부패 방지 권익위법 제29조에 따라 수사의 당부에 관한 사항에 대해서는 조치할 수 없고, 진행되는 수사에 개입할 권한도 없으며, 수사에 관한 사항은 부패 방지 권익위법에 규정된 불이익 조치에 해당하지도 않아 수사 중단 요청 권한이 없습니다.",[],['해당하지도 않아 수사'],[],[],[],0,1,0,0,0,0,0,
written_data_2842.json,84edcf32-a2fe-408b-a6e7-f8819bd4130f,741,"③ 신고 등의 내용에 직무상 비밀이 포함된 경우에도 다른 법령, 단체협약 또는 취업규칙 등의 관련 규정에 불구하고 직무상 비밀준수 의무를 위반하지 아니한 것으로 본다.",[],['위반하지 아니한 것으'],[],[],[],1,0,0,0,0,0,0,
written_data_2842.json,84edcf32-a2fe-408b-a6e7-f8819bd4130f,743,"다만, 신고자가 신분 공개에 동의하지 아니한 경우에는 인적 사항을 제외한다.",[],['동의하지 아니한 경우'],[],[],[],1,0,0,0,0,0,0,
written_data_2842.json,a830e479-5614-403b-adc8-3cdabeadbb8f,766,"□ 보건 사회 연구원 <NAME> 원장은 ""이번 학술대회는 코로나19 상황으로 많은 분들을 직접 초대하지 못하는 대신 온라인 생중계로 진행된다.""라고 설명하였다.",[],[],[],['초대하지 못하는 대'],[],1,0,0,0,0,0,0,
written_data_2842.json,a830e479-5614-403b-adc8-3cdabeadbb8f,767,"○ 또한 ""비록 직접 만나서 토론의 장을 만들지는 못하지만 멀리서나마<NAME>초생활보장제도 시행 20년의 변화와 성과를 살펴봄과 동시에 변화된 빈곤 현실에 효과적으로 대응하고 있는지 평가하고 향후 개선방향을 모색하는 토론의 장이 될 것""이라고 말했다.",[],[],[],['을 만들지는 못하지만'],[],0,1,0,0,0,0,0,
written_data_2842.json,3fd4601e-2ef8-4475-9743-36ffc6329411,779,"<NAME> 국무총리, 제1차 규제 혁신 현장대화 개최
- <NAME> 규제 혁신 10대 의제(어젠다) 첫 현장대화, 가상·증강현실 선제적 규제 혁신 이행안(로드맵) 발표 -
- 낡고 불명확한 규제가 신산업을 가로막지 않도록 사후 규제 원칙 -
□ <NAME> 국무총리는 8월 3일(월) 오후, 한국 VR ‧ AR 콤플렉스(서울 상암동)에서 '비대면 시대 가상·증강현실(VR · AR) 산업과 규제 혁신'을 주제로 제1차 규제 혁신 현장대화를 주재했습니다.
ㅇ",[],['가로막지 않도록 사'],[],[],[],0,1,0,0,0,0,0,
written_data_2842.json,3fd4601e-2ef8-4475-9743-36ffc6329411,793,"가상·증강현실(VR · AR) 분야는 ▴위치·공간 등 데이터 활용, ▴원격 업무 제한, ▴콘텐츠 심의, ▴시설 규제, ▴기술기준 부재 등 다양한 규제가 복합 작용하고 있으며,
ㅇ 아직 산업 발전 초기 단계로 기술 및 개발 자체를 직접 제한하는 명시적 규제보다는 ➊기존 규제와 산업 특성이 맞지 않는 과도기적 규제나, ➋적용할 제도가 불명확한 규제가 다수인 것으로 분석* 되었습니다.",[],['성이 맞지 않는 과도'],[],[],[],1,0,0,0,0,0,0,
written_data_2842.json,ed68d043-472a-47e9-a696-c57853b2b031,880,"다만, '국내 시장에 미치는 영향'에 대한 고려 요소가 규정되어 있지 않아 기업 입장에서 예측 가능성이 저하되는 측면이 있었다.",[],['되어 있지 않아 기업'],[],[],[],0,1,0,0,0,0,0,
written_data_2842.json,a0140b68-952a-4a4a-8d58-e89fd83c5888,895,"원안위, 하나로 연구용원자로 종합 누설률(ILRT) 재시험 요구
☐ 원자력안전위원회(위원장 <NAME>, 이하 원안위)는 지난 2015년 3월 하나로 연구용원자로 벽체와 지붕트러스 정착부 일부(4.8 % )가 내진설계 기준(0.2g)에 만족하지 못하는 것을 확인하여 시정 조치를 요구하였다.
ㅇ",[],[],[],['만족하지 못하는 것'],[],1,0,0,0,0,0,0,
written_data_2842.json,a0140b68-952a-4a4a-8d58-e89fd83c5888,897,"* (종합 누설률 시험, Integrated Leakage Rate Test) 설계 기준 사고를 가정한 최대압력으로 원자로 건물을 가압하여 공기 누설률을 측정
□ KAERI는 오늘(9월 28일) 하나로 연구용원자로 건물에 대한 종합 누설률 시험을 실시하였으나,
ㅇ 이에 대하여 입회검사를 하던 한국원자력안전기술원이 누설률 시험에 사용되는 기압계의 교정 주기가 지켜지지 않은 것을 확인*하였다.",[],['지켜지지 않은 것을'],[],[],[],1,0,0,0,0,0,0,
written_data_2842.json,a0140b68-952a-4a4a-8d58-e89fd83c5888,898,"* 12개월마다 교정을 받아야 하나, 이를 지키지 않음을 확인
□ 이에 원안위는 시험 결과의 신뢰성을 확보하기 어렵다고 판단하고, KAERI에 기압계 교정 이후 종합 누설률 시험(ILRT)을 재실시할 것을 요구하였다.",[],['를 지키지 않음을 확'],[],[],[],0,0,1,0,0,0,0,
written_data_2842.json,b774742e-2a08-4155-aaf2-5aa29c8b685c,910,국내 코로나19 상황도 녹록지 않습니다.,[],['도 녹록지 않습니다.'],[],[],[],0,0,0,0,0,1,0,
written_data_2842.json,b774742e-2a08-4155-aaf2-5aa29c8b685c,937,"코로나19 위기 대응 과정에서 유동성이 확대되었으나,
기업 투자와 같은 생산적 부문으로는 유동성이 충분히 흐르지 않아 일각에서는 여전히 유동성 부족을 호소하고 있습니다.",[],['히 흐르지 않아 일각'],[],[],[],0,0,0,0,1,0,0,
written_data_2842.json,b774742e-2a08-4155-aaf2-5aa29c8b685c,944,"일부 금융회사의 일시적 외화 유동성 부족이
외화자금시장 전체의 시스템 리스크로 전이되지 않도록,
민간 금융회사가 보유한 적격 대외 금융자산을 활용하여 외화를 조달할 수 있도록 하는 환매 조건부 방식의 외화 유동성 공급체계도 마련하겠습니다.",[],"['전이되지 않도록,']",[],[],[],0,1,0,0,0,0,0,
written_data_2842.json,fd6289b9-ccf8-4438-af77-c7efdec8796e,966,"□ ""곁에 있을 때에는 그 소중함을 미처 헤아리지 못하지만 뒤돌아서면 눈물짓게 만드는 어머니가 저에게는 가장 큰 힘이고 원동력입니다.""",[],[],[],['헤아리지 못하지만'],[],1,0,0,0,0,0,0,
written_data_2842.json,5f662c01-749f-4f0e-8fd0-8302250182af,974,"예를 들어, 외국에서<NAME> 여성이 한국 문화와 언어에 익숙하지 않아 피해를 당했거나 분쟁에 휘말려 법률적 도움이 필요한 경우 이동신문고 운영 현장을 찾아오면 소비자 피해 구제와 무료 법률상담을 한 번에 받을 수 있다.",[],['익숙하지 않아 피해'],[],[],[],0,1,0,0,0,0,0,
written_data_2842.json,5f662c01-749f-4f0e-8fd0-8302250182af,975,권익위는 한국사회복지협의회의 '좋은 이웃들' 복지사업과도 연계해 경제적으로 어렵지만 복지혜택을 받지 못하는 국민들의 고충을 적극 발굴하여 해소할 예정이다.,[],[],[],['택을 받지 못하는 국'],[],1,0,0,0,0,0,0,
written_data_7779.json,72714327-ff3e-410b-80aa-bdb52d69c1d8,0,마을의 사람들은 할머니의 넋이 나무에 깃들어 있어 나무에서 떨어져도 다치지 않는다고 믿고 있다.,[],['도 다치지 않는다고'],[],[],[],0,0,0,1,0,0,0,
written_data_7779.json,59c24ed8-acde-4455-a873-0c5d07f70d5b,119,"세계적으로 20,000∼30,000여 마리밖에 남아있지 않은 원앙은 그 모습이 매우 아름다워 우리 선조들로부터 사랑을 받아온 진귀한 새이므로 천연기념물로 지정하여 보호하고 있다.",[],['남아있지 않은 원앙'],[],[],[],1,0,0,0,0,0,0,
written_data_7779.json,2ede3399-d148-45ac-b5a5-d7859838bc6f,171,현재 우리나라에 남아있는<NAME>수림의 수는 많지 않을 뿐만 아니라 완도 미라리의<NAME>수림은 바닷바람으로부터 마을과 농경지를 보호하는 기능도 하고 있는 등 민속적·생물학적 자료로서의 보존가치가 크므로 천연기념물로 지정하여 보호하고 있다.,[],['수는 많지 않을 뿐만'],[],[],[],1,0,0,0,0,0,0,
written_data_7779.json,b8c35f29-7b14-4975-ab61-cc0de41a1295,205,"의령 성황리 소나무의 유래는 알려져 있지 않지만, 북쪽에는 묘소가 있고, 마을 앞 산기슭에는 의령 남 씨의 사당이 있어 이와 연관되어 있을 것으로 추측된다.",[],"['려져 있지 않지만,']",[],[],[],0,0,0,0,0,1,0,
written_data_7779.json,21e611df-2aa9-461c-a990-adf899c53eb5,229,"이<NAME>수림은 물고기가 서식하는데 알맞은 환경을 제공하여 물고기떼를 해안으로 유인하는 어부림의 역할을 하고 있으며, 우리나라의 몇 안 되는<NAME>수림으로서 난대",['라의 몇 안 되는<N'],[],[],[],[],1,0,0,0,0,0,0,
written_data_7779.json,398e35cd-712f-49ea-8364-33b354c84f34,235,특히 마을 사람들은 이 나무들을 소중히 여기고 있으며 특히 음나무는 마을을 지키는 수호신으로 여겨 나무에 금줄을 치고 부정한 사람이 나무 가까이 가지 못하게 하고 있다.,[],[],[],['까이 가지 못하게 하'],[],0,1,0,0,0,0,0,
written_data_7779.json,815eb968-fb77-4928-88a2-5388ced6f139,277,입구가 없어 그동안 외부에 노출되지 않아 동굴 모습이 그대로 보존되어 있다.,[],['노출되지 않아 동굴'],[],[],[],0,0,0,0,1,0,0,
written_data_7779.json,c49ab093-1988-409c-ac64-ec0b2416c157,289,"임실 덕천리 산개나리 군락 (  산개나리 ) 키가 작고 줄기가 뚜렷하지 않은 산개나리의 어린 가지는 1∼2m 정도이고, 털이 없고 2년쯤 자라면 회갈색을 띤다.",[],['뚜렷하지 않은 산개'],[],[],[],1,0,0,0,0,0,0,
written_data_7779.json,9d0f7831-9ad5-4c5a-83d3-73891541d733,349,"새로운 옷을 좋아하던 옥황상제가 하루는 상족암의 경치에 감탄하여 저곳에서 베를 짜면 좋은 옷이 될 거라면서 선녀들과 함께 베틀을 내려보내니, 선녀들은 쉬지 않고 열심히 베를 짜서 옥황상제께 금의를 만들어 올렸다는 이야기가 전해지고 있다.",[],['들은 쉬지 않고 열심'],[],[],[],0,1,0,0,0,0,0,
written_data_7779.json,f1e8f7fa-4348-41fd-84e0-5aeeab20be11,390,"홍조식물 중 아직 공식적으로 학계에 발표되지 않은 기는 비단 잘록 이를 비롯한 Tiffaniella Chejuensis, Callithamniella Koreana, Amphiroa Chejuensis 등의 식물과 어깃꼴거미줄, 나도 참빗살 잎, 각시헛오디풀 등의 한국에서는 기록되지 않은 종들이 발견되었다.",[],"['발표되지 않은 기는', '기록되지 않은 종들']",[],[],[],2,0,0,0,0,0,0,
written_data_7779.json,f1e8f7fa-4348-41fd-84e0-5aeeab20be11,394,차귀도 천연보호구역은 주변 경관이 아름다울 뿐만 아니라 한국에서 기록되지 않은 종들 또는 신종 해산 생물이 서식하고 있어 생물학적으로 가치가 높은 곳이다.,[],['기록되지 않은 종들'],[],[],[],1,0,0,0,0,0,0,
written_data_7779.json,83b7b6e6-44dc-40b2-90d2-d0f6a5d6e4b5,410,"향나무는 약 1,200여 년 전 대홍수가 났을 때 어디선가 떠내려와 이곳에 정착했다고 하며 자식을 못 낳는 여인이 이 나무에 치성을 드리면 자식을 낳는다는 전설이 전해지고 있다.",[],[],['자식을 못 낳는 여'],[],[],1,0,0,0,0,0,0,
written_data_7779.json,beccd373-515b-49bf-9fb3-6b067e00a711,556,"사천 아 두 섬 공룡 화석산지 ( 섬  ) 사천 아 두 섬 공룡 화석산지는 공룡알 둥지 및 용각류와 수각류 공룡 보행렬이 잘 발달해 있어 이 섬 전체가 공룡의 서식 근거지였던 것으로 추정되고 있어 고생태학적 연구 가치가 높고, 특히 화성,<NAME>과 비견될 정도의 공룡알 화석들이 둥지를 이루고 있으며, 여러 지점에서 발견되고 있는 공룡 뼈 화석은 국내에서는 그리 흔하게 발견되지 않고 있어 학술적 가치가 매우 높은 것으로 평가되고 있다.",[],['발견되지 않고 있어'],[],[],[],0,1,0,0,0,0,0,
written_data_7779.json,51feb1c0-5a3a-4d9c-8b03-3eccc9153165,598,목포 갓바위 풍화혈는 인위적 요인이 전혀 작용하지 않고 해역의 풍화 환경에서 자연적인 과정으로 빚어진 풍화혈 상태의 자연 조각품이며 다른 지역 풍화혈들에서는 찾아보기 힘든 희귀성을 가지고 있다.,[],['작용하지 않고 해역'],[],[],[],0,1,0,0,0,0,0,
written_data_7779.json,c4844647-4b65-4b99-98f6-9790fa915caf,620,모래와 자갈로 사취가 구성되나 보통 자갈의 원마도는 높지 않은 것이 보통이다.,[],['도는 높지 않은 것이'],[],[],[],1,0,0,0,0,0,0,
written_data_7779.json,c4844647-4b65-4b99-98f6-9790fa915caf,623,해수 작용에 의해 많이 변형되지 않은 모습을 드러내는 해안 암벽은 우리나라에서 많이 볼 수 있는 NE-SW와 NW-SE 방향의 구조선이다.,[],['변형되지 않은 모습'],[],[],[],1,0,0,0,0,0,0,
written_data_7779.json,c4844647-4b65-4b99-98f6-9790fa915caf,626,"이 섬의 역빈은 마치 방파제를 연상시키는 폭 30m에 길이 300m인 역취(, gravel spit) 또는 역주(, gravel bar) 형태로 발달되어 있는데, 섬 동남부 언저리에서 바다 쪽으로 뻗어 있다. 이는 해안 암벽에서 서릿발이 작용하여 암설들이 공급되고 해류가 이를 원활하게 이동·퇴적시킬 수 있었기 때문에 발달할 수 있는 지형이다. 실제로 내파수도 동북부 해안은 겨울에 특히 강한 해류가 존재한다. 또한 이 해수 흐름을 원활하게 하는 요소로 작용하는 것은 만이 출입하지 않는 직선상의 해안선이다. 태안 내파수도 해안지형  태안 내파수도 해안 자갈 톱)으로 명칭이 변경되었습니다.(2021년 7월 26일 고시)",[],['출입하지 않는 직선'],[],[],[],1,0,0,0,0,0,0,
written_data_7779.json,e730f0e1-790c-43be-a0b6-123200f85f01,697,"또한 마을 사람들이 장수는 하지만 인재가 귀하다고 전해지고 있는데, 은행나무의 어떤 부분(잎, 가지 등)도 집으로 들여가지 못하게 하는 금기가 있고, 나무신이 마을에서 날 수 있는 기운을 모두 빼앗기 때문이다.",[],[],[],['들여가지 못하게 하'],[],0,1,0,0,0,0,0,
written_data_7779.json,3d6b3fea-dd03-415b-b2e6-ef7f4298e595,717,"식면이 만들어지지 않아 주상절리의 냉각절리면이 노출된 특징을 보여줌 이와 같은 특징은 하나의 관입체에 의해 연속적인 주상절리가 만들어졌으나, 이후 바닷물의 상대적인 해식작용에 의해 주상절리의 여러 면(냉각절리면, 냉각면)을 동시에 관찰할 수 있는 곳으로 변형된 것으로 생각됨.",[],['만들어지지 않아 주상'],[],[],[],0,0,0,0,1,0,0,
written_data_7779.json,b79ed5d3-9a2b-48b7-981a-905fb72d1c69,741,"제물을 준비하는 화주는 부정이 들어오지 않도록 조심하고, 제사에 쓰일 우물에 멍석을 덮고 주위에 금줄을 친 후 노랗고 검은 흙을 뿌려 부정의 접근을 막는다.",[],['들어오지 않도록 조'],[],[],[],0,1,0,0,0,0,0,
written_data_7779.json,565d83b9-863c-4115-85c0-201ab5c1a9d2,771,진주검무  진주검무는 진주지방에 전승되는 여성 검무로서 검기무 또는 칼춤이라고도 하며 대궐 안 잔치 때 행하던 춤의 하나이다.,[],[],[],[],[],0,0,0,0,0,0,0,
written_data_7779.json,1f76688f-2e58-4c3a-ad51-22ac16778a72,786,"사자, 양반, 꺾쇠, 꼽추, 사령, 무동, 사당, 중, 의원, 거사 등은 탈을 쓰지 않고 복장만 갖추고 놀음에 나온다.",[],['탈을 쓰지 않고 복장'],[],[],[],0,1,0,0,0,0,0,
written_data_7779.json,a237f015-460b-4e90-b240-69f05d7f632b,827,영산의 영축산과 작약산(함박산)의 형상이 마치 두 마리의 황소가 겨루고 있는 것 같다고 해서 영산쇠머리대기가 시작되었다고 하는데 정확한 기록은 남아있지 않다.,[],['남아있지 않다.'],[],[],[],0,0,0,0,0,1,0,
written_data_7779.json,a237f015-460b-4e90-b240-69f05d7f632b,831,통나무 3개를 세워 위를 하나로 묶고 아래 발을 넓게 펴 큰 통나무에 고정시켜 넘어지지 않도록 한다.,[],['넘어지지 않도록 한'],[],[],[],0,1,0,0,0,0,0,
written_data_7779.json,705d635f-da16-4c20-8a67-a8afdfea7ffa,845,"줄다리기 당일에 서로 다른 줄로 동·서 양편에 줄을 만들어 연결하는데, 많은 사람이 잡아당겨도 끊어지거나 풀리지 않도록 비녀목이라 부르는 큰 나무토막을 꽂아둔다.",[],['나 풀리지 않도록 비'],[],[],[],0,1,0,0,0,0,0,
written_data_7779.json,8550c7e0-171c-4620-a5cb-795cea64b4de,871,투각은 바탕 면의 문양에 따라 필요하지 않은 부분을 정으로 쪼거나 오려서 빼낸다.,[],['필요하지 않은 부분'],[],[],[],1,0,0,0,0,0,0,
written_data_7779.json,8550c7e0-171c-4620-a5cb-795cea64b4de,874,상감 입사는 바탕에 홈을 파고 그 자리에 금·은·오동선 등을 넣은 후 빠지지 않게 다진다.,[],['후 빠지지 않게 다진'],[],[],[],0,1,0,0,0,0,0,
written_data_7779.json,a6bc40b6-e321-4e5b-89bb-e198d0637d9d,877,"탕약을 먹지 않는 날에는 아침과 저녁의 수라상(임금이 드시는 진짓상)과 이른 아침의 초조 반상, 점심의 낮것상의 네 차례 식사를 한다.",[],['약을 먹지 않는 날에'],[],[],[],1,0,0,0,0,0,0,
written_data_7779.json,5269b711-606e-4f55-9cea-e3fcba9ef108,899,현악기 외에도 아쟁·대쟁·호금 등이 주를 이루고 와 공후·수공후·당비파·향비파·양금·금과 술 등이 제작되고 있으나 거의 쓰이지 않는다.,[],['의 쓰이지 않는다.'],[],[],[],0,0,0,0,0,1,0,
written_data_7779.json,a90ceba4-87ed-43d9-adb9-86212405f7da,916,"양주별산대놀이와 크게 다르지 않은 구성이나 과장·춤·탈, 몇몇 탈과 춤, 배역이 옛<NAME>을 띤 것이 특징이다.",[],['게 다르지 않은 구성'],[],[],[],1,0,0,0,0,0,0,
written_data_7779.json,2afdd887-818e-4b72-8970-ac2cb09772be,969,"물부리는 쇠붙이에 한정하지 않고 옥, 상아, 쇠뿔 등 비교적 다양한 재료를 자유롭게 사용하는 편이다.",[],"['한정하지 않고 옥,']",[],[],[],0,1,0,0,0,0,0,
written_data_7779.json,bef6ff37-0960-4c44-a8b2-3ebf2d56d79f,976,"망건장  망건은 갓을 쓰기 전에 머리카락이 흘러내리지 않도록 하기 위해 말총으로 엮은 것이고, 윗부분을 졸라매는 당(살춤), 아랫부분을 졸라매는 편자(선단)로 구성된다.",[],['흘러내리지 않도록 하'],[],[],[],0,1,0,0,0,0,0,
written_data_13865.json,027ffd66-3b69-4346-8eb9-f73358a9e4dc,3,동편제의 마지막 대가라는 평가를 받는 박기홍의 소리제를 이어 동편제 소리의 진수를 발휘했으나 그의 판소리는 전승되지 못하였다.,[],[],[],['전승되지 못하였다.'],[],0,0,0,0,0,1,0,
written_data_13865.json,be67508d-6adc-4e54-b578-18781ff2f5ef,42,그들은 또한 서울에 소극장을 마련하려는 구체적인 안까지 가지고 있었으나<NAME>이 자살함으로써 꿈을 이루지 못하였다.,[],[],[],['을 이루지 못하였다.'],[],0,0,0,0,0,1,0,
written_data_13865.json,be67508d-6adc-4e54-b578-18781ff2f5ef,46,"이 단체는 극장을 끝내 갖지는 못하였지만 경성 공회당을 거점으로 서구의 근대극 운동을 이 작품에 소개하고 리얼리즘극을 정착시키는 데 기여하였으며, 유치진·함세덕 등의 리얼리즘 작가들을 배출하는 등 연극계를 혁신시켰지만 이들도 정부적 탄압으로 8년 만에 좌초하고 말았다.",[],[],[],['끝내 갖지는 못하였지만'],[],0,0,0,0,0,1,0,
written_data_13865.json,be67508d-6adc-4e54-b578-18781ff2f5ef,51,그러나 리얼리즘을 위한 이 운동은 필수적 요건인 극장을 가지지 못하였기보다는 언제나 본격적 실험을 하지 않고 아마추어리즘의 수준에 머물고는 하였다.,[],['험을 하지 않고 아마'],[],['을 가지지 못하였기보'],[],0,2,0,0,0,0,0,
written_data_13865.json,be67508d-6adc-4e54-b578-18781ff2f5ef,55,"그러나 그는 실험극 운동을 펼치지는 못하였고, 특히 원각사가 2년 전에 소실됨으로써 거점마저 잃었던 것이다.",[],[],[],"['을 펼치지는 못하였고,']",[],0,0,0,0,0,1,0,
written_data_13865.json,be67508d-6adc-4e54-b578-18781ff2f5ef,57,"하지만 1960년대 중반까지만 하여도 이 연극운동은 간헐적이었고, 따라서 리얼리즘의 수용조차 뿌리를 깊이 내리지 못했다.",[],[],[],['이 내리지 못했다.'],[],0,0,0,0,0,1,0,
written_data_13865.json,be67508d-6adc-4e54-b578-18781ff2f5ef,62,카페 떼아뜨르가 전위적인 구미 연극만 하지 않고 민속 인형극·판소리 등 다양한 공연을 곁들였다는 것은 한국적인 연극의 모색이라는 중요한 의미를 지닌다든지 것이다.,[],['극만 하지 않고 민속'],[],[],[],1,0,0,0,0,0,0,
written_data_13865.json,be67508d-6adc-4e54-b578-18781ff2f5ef,79,"공연법 개정 이후 소극장운동이 별로 주목을 받지 않게 되었으나 연극인들의 영세성으로 인하여 관객들 예상만큼은 늘어나지 않았고, 새로 생겨난 몇 개 소극장들도 재정난이나 또는 창조적 실험정신의 부족으로 새로운 연극 문화를 창조하는 산실이 되지 않고 있다.",[],"['목을 받지 않게 되었', '늘어나지 않았고,', '실이 되지 않고 있다']",[],[],[],0,1,0,0,0,2,0,
written_data_13865.json,eedcb38c-4332-46d6-b0f9-fdb080410062,91,게슴츠레한 눈은 닮았지만 눈두덩은 강조되지 않았다.,[],['강조되지 않았다.'],[],[],[],0,0,0,0,0,1,0,
written_data_13865.json,eedcb38c-4332-46d6-b0f9-fdb080410062,103,"금강역사상으로서는 호리호리하고 훤칠한 비례를 보이며, 상체를 드러내지 않은, 무장형의 모습이다.",[],"['드러내지 않은, 무']",[],[],[],0,1,0,0,0,0,0,
written_data_13865.json,98718f77-9529-4ad9-8618-6ff083cffe3e,114,"기보 방법은 정간을 사용하지 않고, 종으로 적었는데 각 행을 네 가지 소행으로 나누어 제1소행에는‘’을, 제2소행에는‘’을 붉은색으로 적었고, 제3소행에는 율자보를 검은색으로, 제4소행에는 음으로 가사를 적었다.",[],"['사용하지 않고, 종']",[],[],[],0,0,0,0,0,1,0,
written_data_13865.json,7cbcc230-24ea-43b9-b7c8-11c6777b9274,122,주류에서 활동하는 아마추어 음악인들의 경우 수상자로 선정되었지만 시상식에 참여하지 않는 사례가 반복적으로 일어나고 있다.,[],['참여하지 않는 사례'],[],[],[],1,0,0,0,0,0,0,
written_data_13865.json,8bac40f1-b119-42a5-aa1c-cd1997697f0f,130,이마가 봉림사 불상처럼 넓지 못하고 작은 백호가 이마 중앙에 있지 못하고 눈썹 사이에 표현된 것과 코가 긴 것은 깨끗한 불상과 가깝다고 할 수 있다.,[],[],[],"['처럼 넓지 못하고 작', '앙에 있지 못하고 눈']",[],2,0,0,0,0,0,0,
written_data_13865.json,8bac40f1-b119-42a5-aa1c-cd1997697f0f,131,"그러나 코는 개운사 불상 같처럼 코끝이 뾰족한 매부리코가 아니고, 봉림사 불상의 이마는 코끝이 동글동글하지 않으며 곧고 긴 코와 아담한 눈과 모양은 장곡사 약사불의 코와 친연성이 있다.",[],['글동글하지 않으며 곧'],[],[],[],0,0,0,0,0,1,0,
written_data_13865.json,0bf1e32e-4c7a-406a-845d-8927ec3b8096,189,"이 향완은 조성시기와 장인, 현재 봉안된 사찰까지 명확하게 밝혀 기록은 기록이 남아 있어 지금까지 남아 있는 몇 안 되는 귀중한 향완 중에서도 매우 귀중한 자료로 인정받고 있다.",['있는 몇 안 되는 귀'],[],[],[],[],1,0,0,0,0,0,0,
written_data_13865.json,aa6683e8-9644-4bc2-b0e4-1b84edb0b378,267,"만일 활을 맞고 나서 옆으로 달아나거나, 일정한 시간 내에 원래의 궤도로 돌아오지 못하면 목표물을 맞혔더라도 무효가 된다는 규칙이 있었다.",[],[],[],['돌아오지 못하면 목'],[],0,0,0,0,1,0,0,
written_data_13865.json,2f48565f-3cb6-4858-880b-f0316bcfd803,286,"그러자 옥경은 자신의 사랑을 자매의 우애심으로 양보하고자 하나, 오히려 성희는 그것을 버리지 않고 자신을 동생에게 양보하고 다시 사창가로 돌아간다는 비극이다.",[],['을 버리지 않고 자신'],[],[],[],0,1,0,0,0,0,0,
written_data_13865.json,bc68212f-ab1b-4b47-9307-ef59d509292c,370,그러나 순동이나 아연 합금의 놋쇠로는 담뱃대를 잘 만들지 않았다.,[],['잘 만들지 않았다.'],[],[],[],0,0,0,0,0,1,0,
written_data_13865.json,bc68212f-ab1b-4b47-9307-ef59d509292c,371,구리와 니켈 합금의<NAME> 부피가 크고 녹슬지 않아 가공이 용이하고 매우 냉각된 상태에서만 단조(:금속을 가열하고 두드려 만들거나 일) 한다.,[],['고 녹슬지 않아 가공'],[],[],[],0,1,0,0,0,0,0,
written_data_13865.json,a3d7081c-9b16-4994-8b3e-bd330bfaf795,390,"비문에는 건립 연대가 밝혀져 없지 않은데, 낭혜화상이 입적한 2년 뒤에 부도를 쌓았다는 비문으로 보아 이때 비가 작성되고 비가 건립되었다고 추정된다.",[],"['혀져 없지 않은데,']",[],[],[],0,0,0,0,0,1,0,
written_data_13865.json,a3d7081c-9b16-4994-8b3e-bd330bfaf795,394,짜임새의 어색한 점 역시 최치원의 수준에는 미치지 못하나 필획의 크기에 변화를 주어 행서의 필의를 크게 가미시킨 점은 독특하다.,[],[],[],['는 미치지 못하나 필'],[],0,0,0,0,0,1,0,
written_data_13865.json,ea1ba875-a0ce-4b3e-89ad-62326532d2e8,410,그는 높은 벼슬에 천거되어 우의정에 제수되었으나 나가지 않았다.,[],['나 나가지 않았다.'],[],[],[],0,0,0,0,0,1,0,
written_data_13865.json,7468cef0-59e4-4e37-be06-d35a1f069dab,436,사설지름시조는 노랫말의 글자 수가 높은 지름시조라는 뜻으로 전체 3장 중 초장과 종장은 지름시조와 같고 중장은 황종을 요성하지 못하고 중려를 요성하기 위하는 마치 긴잡가나 서도소리를 듣는 것과 같은 흥청거림을 느낄 수도 있다.,[],[],[],['요성하지 못하고 중'],[],0,0,1,0,0,0,0,
written_data_13865.json,7468cef0-59e4-4e37-be06-d35a1f069dab,438,현재 시조창의 악곡명에는 여창상 성계 평조란 표현이 사용되지 않는다.,[],['사용되지 않는다.'],[],[],[],0,0,0,0,0,1,0,
written_data_13865.json,45af7790-f04d-4977-a9d6-fc50060fb3eb,444,"최근에 코 부분만 시멘트로 칠이 오뚝하게 솟아있는데, 안면 부위가 매우 평평하게 생겼던 것으로 보아 원래부터 이목구비가 많이 강조되지 못하아 다소 추상적인 형태의 불상이 아니었을까 추정된다.",[],[],[],['강조되지 못하아 다'],[],0,1,0,0,0,0,0,
written_data_13865.json,45af7790-f04d-4977-a9d6-fc50060fb3eb,449,"이러한 옷 주름은 흔히 아육왕 상식으로 알고 있으나, 아육왕 상식 불상들이 인체의 굴곡을 적극적으로 표현하지 않는 것에 반해 불상은 옷 주름을 인체에 밀착시켰다.",[],['표현하지 않는 것에'],[],[],[],1,0,0,0,0,0,0,
written_data_13865.json,8b31e0cb-f095-4cc4-92ba-70088b06f0ec,474,"현재는 사지로 추정할 만한 불상 및 유물은 확인되지 않으며, 2011년에는 도로가 정비되어 탐방로 등이 설치되었다.",[],"['확인되지 않으며,']",[],[],[],0,0,0,0,0,1,0,
written_data_13865.json,4ac9f04b-d086-47ed-b229-7ca6201f43f4,531,"이는‘쌍관’이 되는데, 각 관에는 6공을 뚫으나 뒷구멍 밖에서 쓰지 않아 실제로 짚는 구멍은 다섯이다.",[],['에서 쓰지 않아 실제'],[],[],[],0,0,0,0,1,0,0,
written_data_13865.json,4ac9f04b-d086-47ed-b229-7ca6201f43f4,533,"다섯 구멍을 모두 막으면 황종이 되고 위로는 청협종까지, 즉 12율 4청성이 나는데, 반음을 내기 위하여 반규법을 쓰지 않는 점에서 이에에 속하는 관악기와 다르다.",[],['법을 쓰지 않는 점에'],[],[],[],1,0,0,0,0,0,0,
written_data_13865.json,4ac9f04b-d086-47ed-b229-7ca6201f43f4,534,"우리나라에 최초로 도입된 아악기, 즉 고려 예종 11년(1116)의 고려 아악기에는 관이 포함되어 있지 않으며, 조선 중기에 와서야 문헌에 등장한다.",[],"['되어 있지 않으며,']",[],[],[],0,0,0,0,0,1,0,
written_data_13865.json,4ac9f04b-d086-47ed-b229-7ca6201f43f4,536,"<NAME>가의 경우에는, 『오례의』전정 헌가에서는 그대로 편성되나 성종 때<NAME>가에서는 생략되었고, 성종에『춘관 통고』에 의하면 정조 때 아악의 헌가에서만 편성되었고 현재는 사용되지 않는다.",[],['사용되지 않는다.'],[],[],[],0,0,0,0,0,1,0,
written_data_13865.json,aef0eaa3-c3b5-46fd-8256-592a2956324d,540,긔 뉘옵신고 건너 불당 동령승이오러니 홀거사 홀로 자는 것 안 해 수삼 일하라 와 계오신고 홀거사 홀로 노감토 버서 건 말곁에 두 곳 갈 버서 걸나 왔암네.,['자는 것 안 해 수삼'],[],[],[],[],0,1,0,0,0,0,0,
written_data_13865.json,79157bb5-7bce-4bab-b066-cd7aa6b48b37,548,또한 붉은빛 선혈이 묻은 커다란 드레스 위에 나란히 누운 소년과 소녀는 피지 못하고 져버린 것을 상징한다.,[],[],[],['녀는 피지 못하고 져'],[],0,1,0,0,0,0,0,
written_data_13865.json,79157bb5-7bce-4bab-b066-cd7aa6b48b37,554,"이번 작품은 절제된 의식으로 역사적 사건을 기념하는‘진혼무’의 성격을 갖는 동시에, 미래에 관한 희망의 끊을 놓지 않는다는 점에서 더욱 주목받을 만한 작품이다.",[],['끊을 놓지 않는다는'],[],[],[],1,0,0,0,0,0,0,
written_data_13865.json,383d6bfe-4bdb-4a4a-a4c4-d5d7acfad8bb,649,"이 마애 불상군의 전체 크기는 1.14 ~ 2.98㎝로, 마애불상이 조각된 바위는 석영이 많이 된 화강암으로 부식이 심하여 석질이 좋지 않아 전체적으로 바위와 모습이 잘 드러나지 않는다.",[],"['질이 좋지 않아 전체', '드러나지 않는다.']",[],[],[],0,1,0,0,0,1,0,
written_data_13865.json,383d6bfe-4bdb-4a4a-a4c4-d5d7acfad8bb,656,머리카락을 표현하지 않은 머리 정상에는 위로 뾰족한 보주형의 육계가 표현되어 보인다도 원만한 상호에는 눈썹은 표현되지 않았으나 양 눈은 지그시 감아 옆으로 길게 치켜뜬 것이 확인된다.,[],"['표현하지 않은 머리', '표현되지 않았으나']",[],[],[],1,0,0,0,0,1,0,
written_data_13865.json,383d6bfe-4bdb-4a4a-a4c4-d5d7acfad8bb,657,코는 길게 표현되었으나 각형으로 높지 않으며 입에는 약간은 흔적이 보인다.,[],['으로 높지 않으며 입'],[],[],[],0,0,0,0,0,1,0,
written_data_13865.json,383d6bfe-4bdb-4a4a-a4c4-d5d7acfad8bb,658,귀와 삼도는 조각되지 않았다.,[],['조각되지 않았다.'],[],[],[],0,0,0,0,0,1,0,
written_data_13865.json,383d6bfe-4bdb-4a4a-a4c4-d5d7acfad8bb,663,"얼굴은 본존과 유사하고, 보살의는 뚜렷하지 못하으며 양쪽 옆구리에서 물고기의 지느러미와 같이 길게 뻗고 늘어진 옷자락이 보인다.",[],[],[],['뚜렷하지 못하으며'],[],0,0,0,0,0,1,0,
written_data_13865.json,4ca8ff98-4486-4992-a960-c2ae44691b7c,693,"첫째, 연화를 사실적으로 묘사하여 활짝 핀 연꽃 모양을 그린 것, 둘째 화판 속에 엽맥이 표현된 것, 셋째 연판이 중판으로 묘사되어 아무런 장식이 가미되지 못은 것, 넷째 연판이 중판으로 묘사되고 화판 하나에 당초 모양이 장식된 것, 다섯째 연판이 중판으로 묘사되고 여섯은 안에 국화문이 배치된 것, 여섯째 연판이 중판으로 묘사되고 일곱은 안에 소원문이 영락 모양으로 나타나는 것, 일곱째 화판 안에 운문이 하나씩 배치된 것, 일곱은 화판이 여러 겹으로 묘사되어 추상적으로 표현된 것, 아홉째 화판 안에 보상화문이 있는 것 등이다.",[],[],[],"['가미되지 못은 것,']",[],1,0,0,0,0,0,0,
written_data_13865.json,4ca8ff98-4486-4992-a960-c2ae44691b7c,695,그런데 이 화판이 연화를 묘사한 것인지는 확실하지 않다.,[],['확실하지 않다.'],[],[],[],0,0,0,0,0,1,0,
written_data_13865.json,56c2cfa1-4229-4f76-94d1-03f3058d736a,711,"1931년에는 임화, 안막, 김남천, 이규설 등이 함께 극단 청복극장을 창립, 프로극운동을 시작했으나 일제의 탄압으로 공연은 올리지 못했다.",[],[],[],['은 올리지 못했다.'],[],0,0,0,0,0,1,0,
written_data_13865.json,49f2625b-9e47-44b1-a961-1251d31f2cae,739,백호의 얼굴은 보이지 않으나 굵은 목에는 삼도가 많이 남아있다.,[],['은 보이지 않으나 굵'],[],[],[],0,0,0,0,0,1,0,
written_data_13865.json,49f2625b-9e47-44b1-a961-1251d31f2cae,742,어깨 위를 옷자락이 그대로 덮고 있으며 가슴을 덮고 있어서 상체는 비교적 명확하지만 팔과 다리 모두 잘 보이지 않고 입체감이나 사실적인 묘사도 없다.,[],['잘 보이지 않고 입체'],[],[],[],0,0,0,0,0,1,0,
written_data_13865.json,49f2625b-9e47-44b1-a961-1251d31f2cae,743,손가락이 없고 왼손으로 옷자락을 잡고 있는 것처럼 보이며 오른손은 배 가까이 두었으나 두 손 역시 분명하지 않다.,[],['분명하지 않다.'],[],[],[],0,0,0,0,0,1,0,
written_data_13865.json,49f2625b-9e47-44b1-a961-1251d31f2cae,744,결가부좌 한두 다리의 아랫부분도 일부 또는 가슴 아래는 거의 아무것도 하지 않고 자연석을 최대한 이용한 것처럼 보인다.,[],['것도 하지 않고 자연'],[],[],[],1,0,0,0,0,0,0,
written_data_13865.json,49f2625b-9e47-44b1-a961-1251d31f2cae,745,하지는 뒷면에 아무런 조각을 하지 않았다는 점에서 철저하게 정면 상체 위주의 조각을 했음을 알 수 있다.,[],['각을 하지 않았다는'],[],[],[],1,0,0,0,0,0,0,
written_data_13865.json,49f2625b-9e47-44b1-a961-1251d31f2cae,746,"거대한 자연석을 중심으로 조각한 석불로 머리와 어깨, 가슴을 중심으로 그 아랫부분과 뒷면은 거의를 두지 않았다.",[],['의를 두지 않았다.'],[],[],[],0,0,0,0,0,1,0,
written_data_13865.json,c73cbf16-ee52-4f3c-bcb1-49267867f6e8,750,제작 연대와 서사 자는 병풍에 기록되어 나오지 않아 자세히 볼 수 없으나 1758년(영조 34) 이전으로 추정하고 있다.,[],['어 나오지 않아 자세'],[],[],[],0,1,0,0,0,0,0,
written_data_13865.json,8d8c57a1-bb42-47d2-bacf-84bd84bcf685,766,"하지만 이 악곡은 가곡의 반주나 합주 시에 따라야 하는 반주나 양식에 매이지 않았으므로, 가락이나 리듬이 자유로워<NAME>하고 명쾌한 느낌을 준다.",[],['에 매이지 않았으므로'],[],[],[],0,1,0,0,0,0,0,
written_data_13865.json,6793e14d-97b8-4bea-ae0a-cd74402025b3,783,"목의 삼도는 현재로서는 하지 않고, 상의의 옷깃 사이로 드러난 부분은 양감이 없이 평면적으로 처리되었는데, 명치 부분에서만 가슴의 양감이 간략하게 표현되고 있다.",[],"['서는 하지 않고, 상']",[],[],[],0,0,0,0,0,1,0,
written_data_13865.json,6793e14d-97b8-4bea-ae0a-cd74402025b3,788,군의의 옷 주름은 크지 않으면서 넓은 간격으로 조각되었다.,[],['름은 크지 않으면서'],[],[],[],0,1,0,0,0,0,0,
written_data_13865.json,6793e14d-97b8-4bea-ae0a-cd74402025b3,789,"불상은 전체적인 비례로 보아서 상체는 넓고 건장한 것에 비해 어깨는 작고, 무릎은 낮게 묘사되었으며, 귓불이 얼굴에 밀착되지 않고 약간 간격이 벌려져 있는 것이 특징이다.",[],['밀착되지 않고 약간'],[],[],[],1,0,0,0,0,0,0,
written_data_13865.json,b35a99ec-04ca-4cbc-83e8-524808f5ab5b,817,이후 관직에 복귀하여 인녕부판관을 지내다가 1420년(세종 2) 상주문에 날짜를 넣지 못하은 것이 또 문제가 되어 익산에 귀양 갔다가 그 이듬해 말에 복직되었다.,[],[],[],['짜를 넣지 못하은 것'],[],1,0,0,0,0,0,0,
written_data_13865.json,81b30644-bd64-489e-ae47-71dc437e7a9d,837,"따라서 징은 받음구(짧은형, 긴 형)의 짧은 음엔 반드시 쳐야 하고 메김소리의 시작에서는 치면 안 된다.",['는 치면 안 된다.'],[],[],[],[],0,0,0,0,0,1,0,
written_data_13865.json,2a8d7e89-7e5c-4aee-bc8e-c29d75877262,859,그러나 근래에 들어 이 길놀이는 점점 약화되어 봉산에서는 길놀이를 하지 않고 광고문을 적은 나무판을 만들에 붙였다고 한다.,[],['이를 하지 않고 광고'],[],[],[],0,0,0,1,0,0,0,
written_data_13865.json,21b1d416-93fe-4982-ba2e-8f5e7c9d3f1d,880,이 영화 속의<NAME> 매우 우유부단하고 어떤 결정도 제대로 내리지 못한다.,[],[],[],['로 내리지 못한다.'],[],0,0,0,0,0,1,0,
written_data_13865.json,c1fe9d9f-498e-4485-8f2b-6dd691837b23,922,"그런데 이 본국검의 술법은 실전되어 오래도록 전하지 않다가, 그러한 모원의 가 조선의 옛 검법인『조선세법』을 우리나라에서 찾아『무비지』에 채록함으로써『무예도보통지』에도 이 검보를 수록하게 된 것이다.",[],"['록 전하지 않다가,']",[],[],[],0,0,0,0,1,0,0,
written_data_13865.json,c1fe9d9f-498e-4485-8f2b-6dd691837b23,923,"그러나 본국검법은『무예도보통지』를 편찬한 정조 당시에도 이미 잊혀서 그 사실을 알지 못했는데,『무비지』에서 비로소 되찾게 되었다.",[],[],[],"['실을 알지 못했는데,']",[],0,0,0,0,0,1,0,
written_data_13865.json,c1fe9d9f-498e-4485-8f2b-6dd691837b23,924,"그래서『무예도보통지』에 설명하기를 모원의 가 조선의 검보는 세법이 구비되어 있으며, 이것은 조선이 자기 나라의 검보를 전하를 것이었을 텐데 왜 스스로 전하지 못하고 스스로 익히지 아니하여 중국의 모원의에 의해서 전하고 있게 되었는지 알지 못할 일이라고 통탄하고 있다.",[],['로 익히지 아니하여 중'],[],"['로 전하지 못하고 스', '는지 알지 못할 일이']",[],1,2,0,0,0,0,0,
written_data_13865.json,c1fe9d9f-498e-4485-8f2b-6dd691837b23,934,"또한, 편찬자가 본국검법에 대하는 조예가 깊지 못했다는 것도 원인이 있다.",[],[],[],['예가 깊지 못했다는'],[],1,0,0,0,0,0,0,
written_data_13865.json,c1fe9d9f-498e-4485-8f2b-6dd691837b23,935,"그러므로 모원의 가 그 검보를 어떻게 누구에게서 얻었는지, 그리고 과연 어느 화랑이 사용하던 검술인지도 확실히 알 수 없을 것만 아니라, 『무예도보통지』를 편찬할 때부터 모원의 세대는 백 년 이상이 지났으므로 편찬 실무자로서도『무비지』의 조선세법 검보를 어떻게 보아야 하나 하는 부분이 적지 않다고 밝히고 있다.",[],['분이 적지 않다고 밝'],[],[],[],0,0,0,1,0,0,0,
written_data_13865.json,68eed751-cdfe-423f-94d1-c238d54af5ca,965,그가 그 시대의 다른 작가들과 다른 것은 시대 고와 윤리적 문제에 대해 지나치게 대결하지 않고 언제나 우회적으로 다룬 점이다.,[],['대결하지 않고 언제'],[],[],[],1,0,0,0,0,0,0,
written_data_13865.json,bfbc1c03-8f9e-422a-8574-2c5e82806ff9,967,"이 유물은 원래부터 이 전각에 봉안되었는지는 분명하지 않지만, 다른 건물에 비하여 작은 편이다.",[],"['분명하지 않지만,']",[],[],[],0,0,0,0,0,1,0,
written_data_13865.json,19bfb132-4076-4d3c-9444-1d6cfeba6d5f,992,K - Pop은 문화콘텐츠 강국이자 주요 소비국인 미국 시장에서는 뚜렷한 두각를 내지 못하고 있었다.,[],[],[],['각를 내지 못하고 있'],[],0,0,0,0,0,1,0,
written_data_13865.json,19bfb132-4076-4d3c-9444-1d6cfeba6d5f,998,그러나 정작 K - Pop은 북미인들에게는 다소 가볍고 모자란다는 평가를 얻으며 성공적인 성과를 이루어내지 못하였다.,[],[],[],['이루어내지 못하였다.'],[],0,0,0,0,0,1,0,
written_data_24611.json,30d6dd0d-94d1-484a-aa37-efa8ec41d6e0,5,해월은 절대로 은몽을 해치지 않는다.,[],['을 해치지 않는다.'],[],[],[],0,0,0,0,0,1,0,
written_data_24611.json,30d6dd0d-94d1-484a-aa37-efa8ec41d6e0,6,그렇지만 은몽의 신변에 대해 한시라도 감시의 눈을 게을리해서는 안 된다.,['리해서는 안 된다.'],[],[],[],[],0,0,0,0,0,1,0,
written_data_24611.json,30d6dd0d-94d1-484a-aa37-efa8ec41d6e0,21,"『그래서? 빨리 용건을 말해봐요! 』
하고 조급스레 묻는 <NAME>의 말에
『다른 것이 아니라, 지금 <NAME> 부장으로부터 <NAME>씨에게 전보가 한창 왔는데
말씀이지요. —— 유 선생은 계시지 않고 해서, 그리고 내용을 보니 대단히
급한 전보길래……』",[],['은 계시지 않고 해서'],[],[],[],0,0,0,0,1,0,0,
written_data_24611.json,30d6dd0d-94d1-484a-aa37-efa8ec41d6e0,40,그렇지만 <NAME>은 아무 말도 하지 않는다.,[],['말도 하지 않는다.'],[],[],[],0,0,0,0,0,1,0,
written_data_24611.json,30d6dd0d-94d1-484a-aa37-efa8ec41d6e0,55,다시 현관으로 나가 회중전등을 비춰 보았으나 통 전등이 켜지지 않기에 식모에게 물어보니 집 바로 옆 담 벽에 이집 전등 전체를 끌 수 있는 스위치가 붙어 있다고 했다.,[],['이 켜지지 않기에 식'],[],[],[],0,0,0,0,1,0,0,
written_data_24611.json,0e95d9e0-8089-4db8-a538-a48aad50dc6f,85,"이 천운 같은 사실에 칠십만 경성 시민의 충혈된 눈은 엽기적, 탐정소설적 흥분에 사로잡혀 호외 활자를 한 줄도 놓쳐서는 안 되었다.",['놓쳐서는 안 되었다.'],[],[],[],[],0,0,0,0,0,1,0,
written_data_24611.json,0e95d9e0-8089-4db8-a538-a48aad50dc6f,107,"<NAME>와 <NAME>은 곧 전보를 떼어 보았는데, 처음엔 삼청동 정란이 이미 죽었다는 것을 안 배달부가 곧<NAME>대 임경부로 재전달한 것이었다.",[],[],[],[],[],0,0,0,0,0,0,0,
written_data_24611.json,0e95d9e0-8089-4db8-a538-a48aad50dc6f,114,"신사의 얼굴은 신문지에 가려 보이지 않았는데, 신문지를 손으로 활짝 펴들고 공작부인 주은몽의 살해와 살인귀 해월의 체포 기사를 다뤘기 때문이다.",[],"['려 보이지 않았는데,']",[],[],[],0,0,0,0,0,1,0,
written_data_24611.json,0e95d9e0-8089-4db8-a538-a48aad50dc6f,124,과연 그의 계획은 틀리지 않았다.,[],['은 틀리지 않았다.'],[],[],[],0,0,0,0,0,1,0,
written_data_24611.json,0e95d9e0-8089-4db8-a538-a48aad50dc6f,131,그렇지만 신문지에 가려진 <NAME>의 얼굴은 보이지 않는다.,[],['은 보이지 않는다.'],[],[],[],0,0,0,0,0,1,0,
written_data_24611.json,0e95d9e0-8089-4db8-a538-a48aad50dc6f,133,자기가 찾고자 하는 인물이 보이지 않는 것이 몹시 의아하다는 얼굴이었다.,[],['이 보이지 않는 것이'],[],[],[],1,0,0,0,0,0,0,
written_data_24611.json,0e95d9e0-8089-4db8-a538-a48aad50dc6f,134,그러나 그는 자신의 마지막 희망을 버리지 않은 모양이다.,[],['을 버리지 않은 모양'],[],[],[],1,0,0,0,0,0,0,
written_data_24611.json,0e95d9e0-8089-4db8-a538-a48aad50dc6f,135,자기 앞에 앉아 열심히 신문을 읽고 있는 <NAME>의 얼굴을 아직 보지 못했기 때문이다.,[],[],[],['아직 보지 못했기 때'],[],0,0,1,0,0,0,0,
written_data_24611.json,0e95d9e0-8089-4db8-a538-a48aad50dc6f,137,그렇지만 <NAME>은 신문지를 내리지는 않는다.,[],['를 내리지는 않는다.'],[],[],[],0,0,0,0,0,1,0,
written_data_24611.json,0e95d9e0-8089-4db8-a538-a48aad50dc6f,142,그렇지만 <NAME>은 대답을 하지 않는다.,[],['답을 하지 않는다.'],[],[],[],0,0,0,0,0,1,0,
written_data_24611.json,0e95d9e0-8089-4db8-a538-a48aad50dc6f,144,그래도 상대방이 신문을 내리지 않는 것을 본 사나이의 눈은 그 어떤 위험을 느낀 듯이 번쩍 빛났다.,[],['을 내리지 않는 것을'],[],[],[],1,0,0,0,0,0,0,
written_data_24611.json,0e95d9e0-8089-4db8-a538-a48aad50dc6f,167,"『이차로 <NAME>씨가 도착한다는 전보를 받고 마중을 나왔는데……』하는 <NAME>의 말에
『백남철?』
하고 <NAME>은 얼른 생각이 안 난다는 얼굴을 지으며 상대방을 쳐다보았다.",['생각이 안 난다는'],[],[],[],[],1,0,0,0,0,0,0,
written_data_24611.json,0e95d9e0-8089-4db8-a538-a48aad50dc6f,171,"『마중 올 줄 알았던 <NAME>씨가 보이지 않으니까 혹시 혼자 삼청동으로 갔을는지도
모르지요.』",[],['가 보이지 않으니까'],[],[],[],0,0,0,0,1,0,0,
written_data_24611.json,0e95d9e0-8089-4db8-a538-a48aad50dc6f,197,"『아니, 그건 문학수를 해월이라고 보지 않는 입장에서 말씀입니까?』
하고 묻는 <NAME>에게
『물론! 절대로 <NAME>씨가 <NAME> 안됩니다! 』",[],['라고 보지 않는 입장'],[],[],[],1,0,0,0,0,0,0,
written_data_24611.json,0e95d9e0-8089-4db8-a538-a48aad50dc6f,210,은주는 <NAME>와 함께 뛰어가서 신경질을 부리던 예전과 달리 기력이 차츰 회복되면서 신경을 갈구라 지게 긁어쥐지 않게 되었다.,[],['긁어쥐지 않게 되었'],[],[],[],0,0,0,0,0,1,0,
written_data_24611.json,0e95d9e0-8089-4db8-a538-a48aad50dc6f,219,"그렇지만 은주는 그 순간 <NAME>의 자기 애정에 허위가 섞여 있었던 것 같지는 않았기에, 단지 자신의 불행한 감정을 한시바삐 처리하고 있는 것인지도 몰랐다.",[],"['것 같지는 않았기에,']",[],[],[],0,0,0,0,1,0,0,
written_data_24611.json,0e95d9e0-8089-4db8-a538-a48aad50dc6f,221,<NAME>이 자신의 욕망을 내보이고 상대편에게 용서를 빌려는 뻔뻔한 행동은 이제 새삼스럽게 <NAME>의 무릎 앞에 머리를 숙이고 참회의 눈물을 흘렸음에도 용서할 감정이 전혀 들지 않을뿐더러 뻔뻔한 행동일 수밖에 없었다.,[],['전혀 들지 않을뿐더러'],[],[],[],1,0,0,0,0,0,0,
written_data_24611.json,0e95d9e0-8089-4db8-a538-a48aad50dc6f,235,이제 <NAME>은 다시 만나고 싶지 않았다.,[],['나고 싶지 않았다.'],[],[],[],0,0,0,0,0,1,0,
written_data_24611.json,0e95d9e0-8089-4db8-a538-a48aad50dc6f,245,문을 열고 편집실로 들어서자 이미 <NAME>의 모습은 보이지 않았다.,[],['은 보이지 않았다.'],[],[],[],0,0,0,0,0,1,0,
written_data_24611.json,0e95d9e0-8089-4db8-a538-a48aad50dc6f,257,<NAME>은 대답하지 않고 활짝 핀 <NAME>의 얼굴을 정면으로 응시했다.,[],['대답하지 않고 활짝'],[],[],[],1,0,0,0,0,0,0,
written_data_24611.json,0e95d9e0-8089-4db8-a538-a48aad50dc6f,259,그럼......?  그럼 왜 안 나오셨어요?,['그럼 왜 안 나오셨어'],[],[],[],[],0,0,0,0,0,1,0,
written_data_24611.json,0e95d9e0-8089-4db8-a538-a48aad50dc6f,260,"아니, 왜 안 나오셨냐는 게 제 물음이에요.","['니, 왜 안 나오셨냐']",[],[],[],[],0,0,0,0,0,1,0,
written_data_24611.json,0e95d9e0-8089-4db8-a538-a48aad50dc6f,263,서로가 너무 솔직하지 않으면 좋을 것 같아서 설명은 그만두겠어요.,[],['솔직하지 않으면 좋'],[],[],[],0,0,0,0,1,0,0,
written_data_24611.json,0e95d9e0-8089-4db8-a538-a48aad50dc6f,269,일부러 그런 포오즈를 취하는 건 입술이 건드려도 아끼지 않을 것이기 때문이다.,[],['도 아끼지 않을 것이'],[],[],[],1,0,0,0,0,0,0,
written_data_24611.json,0e95d9e0-8089-4db8-a538-a48aad50dc6f,270,담배에 불을 붙이기 무섭게  <NAME>의 얼굴을 향해 홱 연기를 뿜어 왔다. 지금 이 순간부터 담배를 피웠소? 그러면 언제부터 피웠소? 왜?...... 너무 솔직한 표정에는 연기라도 뿜어 줘야 개원해서......  또 대답을 하지 못했다. 말을 안 해도 다 알아  어떻게 알아요?  환영이 깨진 거지. 십 년 동안의 아름다웠던 환영이 하룻밤 사이에 조각조각 조각이야? 자기 속내를 들여다보는 것 같은 <NAME>,['. 말을 안 해도 다'],[],[],['답을 하지 못했다.'],[],0,1,0,0,0,1,0,
written_data_24611.json,0e95d9e0-8089-4db8-a538-a48aad50dc6f,284,나는 지금 이 순간에야 인간의 성격이나 취미 같은 것이 좀처럼 변하지 않는다는 사실을 확실히 깨달은 것 같아요.,[],['럼 변하지 않는다는'],[],[],[],1,0,0,0,0,0,0,
written_data_24611.json,0e95d9e0-8089-4db8-a538-a48aad50dc6f,287,하지만 별로 불행하지 않은 성격이기도 한 것 같아요.,[],['불행하지 않은 성격'],[],[],[],1,0,0,0,0,0,0,
written_data_24611.json,0e95d9e0-8089-4db8-a538-a48aad50dc6f,300,씨 역시 <NAME>가 없다면 나에 대한 환영이 조금 깨졌다고 해도 <NAME>의 존재를 전적으로 무시하거나 경멸하지는 못할만한 가치가 있다고 믿기 때문에 하는 말이에요.,[],[],[],['경멸하지는 못할만한'],[],1,0,0,0,0,0,0,
written_data_24611.json,0e95d9e0-8089-4db8-a538-a48aad50dc6f,303,하지만<NAME>의 <NAME>에서 오는 어림과 남녀 관계에 대한 무경험은 백연숙의 경지를 이해해도 도저히 몸소 보조를 맞추어 나갈 수 있는 인생관을 형성하지 못하고 있는 것이다.,[],[],[],['형성하지 못하고 있'],[],1,0,0,0,0,0,0,
written_data_24611.json,a683a993-6de2-4cda-b7b4-ebe19a565c38,324,"『다행히 그 벙어리는 다년간 「써 ― 커스」에 따라다니면서 가장 정확한
독순술(讀唇術)을 배웠기 때문에 그때의 대화는 하나도 놓치지 않고 엿듣고
있었던 것이 너의 악운의 최후였다! 』그때 바로 옆방 서재에서 요란한 전화벨이 울리더니 <NAME>씨가 전화를 받으시요. 하였다. 하고 서재로 뛰어 들어가다가 다시 뒤를 돌아다보며
『<NAME> 인젠 명탐정 <NAME> 변호사를 체포할 용기가 생겼을 줄 밑
『예 아버지는 분명히 에미나이(계집애란 말)라고 그랬어요.』",[],['도 놓치지 않고 엿듣'],[],[],[],0,1,0,0,0,0,0,
written_data_24611.json,a683a993-6de2-4cda-b7b4-ebe19a565c38,327,"그러나 공교롭게도 그때는 사복한 형사, 정복한 순경들이 모두 아래층 현관
옆 임시 휴게실에 모여 앉아서 <NAME>의 이야기에 한층 꽃을 피우고 있을 때여서
뜨거운 햇볕이 내려 쪼이는 정원에는 사람의 그림자 하나 보이지 않았다.",[],['나 보이지 않았다.'],[],[],[],0,0,0,0,0,1,0,
written_data_24611.json,a683a993-6de2-4cda-b7b4-ebe19a565c38,363,하지만 오상억은 부처님처럼 아무 말도 하지 않는다.,[],['말도 하지 않는다.'],[],[],[],0,0,0,0,0,1,0,
written_data_24611.json,a683a993-6de2-4cda-b7b4-ebe19a565c38,379,"그러나 그가 「에드 바룸」까지 올라가기 전에 경찰들이 아래서 풍선(風船)의
줄을 감으면 그만이니까 ——이
광고풍선은 아시다시피 밑에는 외줄이나마 위에 올라가서는 풍선을 잡아맨
여러 줄이 합해졌으므로 거기까지 올라가면 그 합해진 줄과 줄 사이에 넉넉히
힘 안 드리고 사람 몸뚱이 하나가 들어앉을 수 있다.",['넉히\n힘 안 드리고'],[],[],[],[],0,1,0,0,0,0,0,
written_data_24611.json,a683a993-6de2-4cda-b7b4-ebe19a565c38,414,부청까지는 M 백화점으로부터 그리 멀지 않은 거리였지만 원체 바람이 불지 않았기에 적어도 30분 이상은 소요되었던 것이다.,[],"['그리 멀지 않은 거리', '람이 불지 않았기에']",[],[],[],1,1,0,0,0,0,0,
written_data_24611.json,a683a993-6de2-4cda-b7b4-ebe19a565c38,429,"아아, 오상억은 점점 아래로 내려오는 풍선과 함께 얼마 남지 않은 자신의 운명을 깨닫고 사랑하는 사람 주은몽에게 마지막 작별을 하는 것이 아닌가!",[],['얼마 남지 않은 자신'],[],[],[],1,0,0,0,0,0,0,
written_data_24611.json,d41434c9-2d23-487c-a8cb-be8caa14a1bf,443,저러면 잡히지 않고 버틸 수 있을까.,[],['면 잡히지 않고 버틸'],[],[],[],0,1,0,0,0,0,0,
written_data_24611.json,d41434c9-2d23-487c-a8cb-be8caa14a1bf,447,"『그렇게 하지 않고 <NAME>께, 일부러 감추려고 하는 게 아닙니다.",[],['렇게 하지 않고 <N'],[],[],[],0,1,0,0,0,0,0,
written_data_24611.json,d41434c9-2d23-487c-a8cb-be8caa14a1bf,448,실은 나 역시 확실한 것을 알지 못하기 때문입니다.,[],[],[],['것을 알지 못하기 때'],[],1,0,0,0,0,0,0,
written_data_24611.json,d41434c9-2d23-487c-a8cb-be8caa14a1bf,461,당시 <NAME>의 머슴이던 <NAME> 내외의 손에서 자라난 예쁜이는 <NAME>이 출산한 후 순조롭지 못하여 죽었습니다.,[],[],[],['순조롭지 못하여 죽'],[],0,1,0,0,0,0,0,
written_data_24611.json,d41434c9-2d23-487c-a8cb-be8caa14a1bf,462,"그런데 <NAME>에게도 예쁜이와 동갑인 딸이 하나 있었는데, 그 애도 병신이어서 말 못 하는 벙어리였습니다.",[],[],['어서 말 못 하는 벙'],[],[],1,0,0,0,0,0,0,
written_data_24611.json,d41434c9-2d23-487c-a8cb-be8caa14a1bf,467,하지만 <NAME>씨는 아무런 말도 하지 않는다.,[],['말도 하지 않는다.'],[],[],[],0,0,0,0,0,1,0,
written_data_24611.json,d41434c9-2d23-487c-a8cb-be8caa14a1bf,485,"하고 이번에는 목소리를 낮추어
『어떠한 놀라운 일이 있더라도 결코 고함을 친다든가 또는 그 놀란 표정을
상대방에게 보여서는 절대로 안 됩니다! 하늘이 무너지는 것 같은 의외의 사실에
접하시더라도 <NAME>은 절대로 입을 열어서는 안됩니다! 내가 백 선생과
따님을 소개할 때까지 <NAME>은 그저 돌부처처럼 잠자코 계셔주시면 됩니다!
알아 들어시겠습니까?』하고 <NAME>씨를 쳐다보았다 .",['절대로 안 됩니다!'],[],[],[],[],0,0,0,0,0,1,0,
written_data_24611.json,d41434c9-2d23-487c-a8cb-be8caa14a1bf,498,답 사리와 화초 나무가 우거진 그리 좁지 않은 뜰 안 저편으로 부엌과 안방이 보였다.,['않은 뜰 안 저편으로'],['그리 좁지 않은 뜰'],[],[],[],2,0,0,0,0,0,0,
written_data_24611.json,d41434c9-2d23-487c-a8cb-be8caa14a1bf,529,그리고 그 여인은 육체적 괴로움을 참지 못해 눈을 지그시 감고 얼굴을 찌푸리고 양손을 허공중에 내저었다.,[],[],[],['움을 참지 못해 눈을'],[],0,1,0,0,0,0,0,
written_data_24611.json,d41434c9-2d23-487c-a8cb-be8caa14a1bf,546,"아아, 어머니의 뱃속에서 동서로 헤어진 이 아버지와 이 딸은 그 후 삼십 년이라는
기나긴 세월을 격하여 이 뜻하지 않은 장소에서 서로 만날 줄이야 누가
알았으랴.",[],['이 뜻하지 않은 장소'],[],[],[],1,0,0,0,0,0,0,
written_data_24611.json,d11f4850-05e6-48c3-b4a4-02bfb7c314c8,607,"하고 사건의 진전을 미리 조처하지 못한 자기를 깊이 뉘우치면서
『그러나, 하여튼 제가 아는 데까지는 설명해 드릴 터이니 모르는 것이 있으면
질문해 주십시오. ──』
하고 그는 아무런 감흥도 느끼지 않는 듯이 상대방을 쳐다보았다.",[],['도 느끼지 않는 듯이'],[],['조처하지 못한 자기'],[],2,0,0,0,0,0,0,
written_data_24611.json,d11f4850-05e6-48c3-b4a4-02bfb7c314c8,627,그러니까 <NAME>씨가 오상억의 신변으로부터 일분일초도 눈을 떼지 않았을 것만은 확실할 것입니다.,[],['눈을 떼지 않았을 것'],[],[],[],1,0,0,0,0,0,0,
written_data_24611.json,d11f4850-05e6-48c3-b4a4-02bfb7c314c8,630,씨는 주저하지 않고 <NAME>의 뒤를 따랐지요.,[],['주저하지 않고 <N'],[],[],[],0,1,0,0,0,0,0,
written_data_24611.json,d11f4850-05e6-48c3-b4a4-02bfb7c314c8,656,"<NAME>씨는 말를 채 잇지 못하고 부들부들 떨리는 두 팔을 「테이블」위에 올려
놓았다.",[],[],[],['채 잇지 못하고 부'],[],0,0,0,0,0,1,0,
written_data_24611.json,d11f4850-05e6-48c3-b4a4-02bfb7c314c8,665,"또한 탐정소설 애독자는 탐정소설의 필요 이상의 것을 알지도 않으며, 탐정소설가는 결코 필요 이상의 것을 기록하지도 않기 때문이다.",[],"['것을 알지도 않으며,', '기록하지도 않기 때문']",[],[],[],0,0,2,0,0,0,0,
written_data_24611.json,d11f4850-05e6-48c3-b4a4-02bfb7c314c8,674,그렇지만 알고 보면 그렇지 않았지요.,[],['면 그렇지 않았지요.'],[],[],[],0,0,0,0,0,1,0,
written_data_24611.json,d11f4850-05e6-48c3-b4a4-02bfb7c314c8,682,"하지만 나는 그 순간부터 <NAME>을 개구리처럼 대하게 되었던 것입니다...... ([중략]. 처음에 그는 제게 애정을 표시하며 이렇게 저를 구해 주었습니다. 하지만 사실은 애정문제보다 더 심각한 목적이 있었던 것입니다. 백씨 일가의 멸망이 나에게 닥칠 때 백만 원 재산을 겨누고 있었던 사람이 그입니다. 그리고 그는 자기의 목적을 위해서라면 무엇이든 했습니다. 해월이라고 유 선생이 나를 가르치던 그날, 악마 오상억과 나 사이에는 이상한 계약 한 개가 있었습니다.  즉 내가 그의 목숨을 구해주는 대신 장차 내게 굴러들어 올 백만 원을 그에게 양도한다는 유언을 하라는 것이지요. 그것은 절대적인 명령이었습니다. 그는 아무 말도 하지 않고 자기가 시키는 대로만 하면 된다는 것입니다.... ([중략])",[],['말도 하지 않고 자기'],[],[],[],0,1,0,0,0,0,0,
written_data_24611.json,d11f4850-05e6-48c3-b4a4-02bfb7c314c8,694,오상억은 끝까지 예쁜이와 은몽이 쌍둥이라는 사실을 은몽에게 말하지 않았습니다.,[],['게 말하지 않았습니다'],[],[],[],0,0,0,0,0,1,0,
written_data_24611.json,d11f4850-05e6-48c3-b4a4-02bfb7c314c8,698,"그런데도 불구하고 은몽에게 그런 말을 꿈에도 하지 않았지요.
──",[],['에도 하지 않았지요.'],[],[],[],0,0,0,0,0,1,0,
written_data_24611.json,d11f4850-05e6-48c3-b4a4-02bfb7c314c8,701,그렇게 되면 백만 원이 자기 것으로 굴러 들지는 않을 테니까.,[],['굴러 들지는 않을 테니'],[],[],[],1,0,0,0,0,0,0,
written_data_24611.json,d11f4850-05e6-48c3-b4a4-02bfb7c314c8,705,그리고 나는 결코 그것을 슬퍼하지 않습니다.,[],['슬퍼하지 않습니다.'],[],[],[],0,0,0,0,0,1,0,
written_data_24611.json,d11f4850-05e6-48c3-b4a4-02bfb7c314c8,706,나는 이 자리에서 <NAME>께 앞으로 범죄 사건에 절대로 관여하지 않겠다는 것을 선언합니다. 나는 비로소 탐정의 혈관에는 피가 흘러서는 안된다는 사실을 깨달았기 때문입니다. 탐정의 혈관에는 강철이 돌아야 합니다! 앤 lt;끝>,[],['관여하지 않겠다는'],[],[],[],1,0,0,0,0,0,0,
written_data_24611.json,8c51ebaa-310e-4c03-9e15-83e277733951,722,그렇지만 그들은 그러한 애정의 섭취가 그들의 인생에 어떤 영양가를 가지고 있는지 가볍게 단정 짓지 못하고 있는 것이다.,[],[],[],['단정 짓지 못하고 있'],[],1,0,0,0,0,0,0,
written_data_24611.json,8c51ebaa-310e-4c03-9e15-83e277733951,733,또 근래에 일어난 육이오 사변을 전후하여 식자들의 눈썹을 모으는 젊은 남녀의 풍기 문란은 우리 사회의 미래세대를 위해서 우려해 마지않는 바입니다.,[],['려해 마지않는 바입'],[],[],[],1,0,0,0,0,0,0,
written_data_24611.json,8c51ebaa-310e-4c03-9e15-83e277733951,752,그래서 교무과장은 근엄한 <NAME> 교수의 심기를 건드리지 않을까 조심조심 뒤를 돌아다보면서 임 교수를 향해 머리를 약간 숙였다.,[],['건드리지 않을까 조'],[],[],[],0,0,0,1,0,0,0,
written_data_24611.json,8c51ebaa-310e-4c03-9e15-83e277733951,764,"지금, 흰 담벼락을 등지고 있는 맨 뒤 줄에서 까만 비로드 <NAME>을 머리에 쓰고 푸르디푸른 가을 하늘을 무심히 내다보고 서 있는 학생  교무과장은 그 학생이 어떤 과 몇 학년인지 알지 못한다.",[],[],[],['인지 알지 못한다.'],[],0,0,0,0,0,1,0,
written_data_24611.json,8c51ebaa-310e-4c03-9e15-83e277733951,773,처음에는 <NAME> 그것이 어떤 학생인지 알지 못했다.,[],[],[],['인지 알지 못했다.'],[],0,0,0,0,0,1,0,
written_data_24611.json,8c51ebaa-310e-4c03-9e15-83e277733951,795,여러분은 동시에 그런 정도의 연애관을 갖지 못하는 것입니다.,[],[],[],['관을 갖지 못하는 것'],[],1,0,0,0,0,0,0,
written_data_24611.json,8c51ebaa-310e-4c03-9e15-83e277733951,798,"학생들은 달콤한 러브 시인의 스크린 같은 것을 연상하며 왔는데, 전연 기대에 미치지 못했다.",[],[],[],['에 미치지 못했다.'],[],0,0,0,0,0,1,0,
written_data_24611.json,8c51ebaa-310e-4c03-9e15-83e277733951,799,학생들은 그러나 그것이 전혀 불만스럽지는 않았다.,[],['불만스럽지는 않았다.'],[],[],[],0,0,0,0,0,1,0,
written_data_24611.json,8c51ebaa-310e-4c03-9e15-83e277733951,815,그것은 분명 대다수의 학생의 감정을 대변하는 추상같은 한 마디였지만 어조에 가시가 없고 어감에 가시가 서지 않는 일견 온건한 발언이었다.,[],['시가 서지 않는 일견'],[],[],[],1,0,0,0,0,0,0,
written_data_24611.json,8c51ebaa-310e-4c03-9e15-83e277733951,825,"『하하하 핫……』
『하하하 핫……』
이번에는 누구 하나 웃지 않는 사람이 없었다. 임",[],['하나 웃지 않는 사람'],[],[],[],1,0,0,0,0,0,0,
written_data_24611.json,8c51ebaa-310e-4c03-9e15-83e277733951,829,그렇지만 더 이상 감상이나 질문 같은 것은 하지 않고 강의를 계속하겠습니다. 임,[],['것은 하지 않고 강의'],[],[],[],0,1,0,0,0,0,0,
written_data_24611.json,8c51ebaa-310e-4c03-9e15-83e277733951,831,교수는 강의를 한 시간 동안 계속했지만 까만 리본의 한 마디가 머릿속에서 좀처럼 잊히지 않았다. 임,[],['럼 잊히지 않았다.'],[],[],[],0,0,0,0,0,1,0,
written_data_24611.json,8c51ebaa-310e-4c03-9e15-83e277733951,834,하지만 단지 그러한 경지에 안주해서는 안 된다는 말입니다.,['주해서는 안 된다는'],[],[],[],[],1,0,0,0,0,0,0,
written_data_24611.json,8c51ebaa-310e-4c03-9e15-83e277733951,869,교수는 그 순간 푸뜩 학생의 이맛살을 스치는 어두운 오뇌의 빛을 놓치지 않았다. 임,[],['을 놓치지 않았다.'],[],[],[],0,0,0,0,0,1,0,
written_data_24611.json,8c51ebaa-310e-4c03-9e15-83e277733951,887,"그러니까 그 학생의 어딘가 몹시 차디찬 모습이 가면이 아니라면 분명 자존심과<NAME>의 표시일 텐데, 연애의 괴로움 속에 오래 머물러 있지 않고......",[],['물러 있지 않고...'],[],[],[],0,0,0,0,0,1,0,
written_data_24611.json,f98d60c2-4fd1-4a97-b91d-2e405afc2e8b,906,까만 리본이 대답은 웃지도 않은 얼굴로 했다.,[],['답은 웃지도 않은 얼굴'],[],[],[],1,0,0,0,0,0,0,
written_data_24611.json,f98d60c2-4fd1-4a97-b91d-2e405afc2e8b,914,저렇게 한가한 연이랑<NAME>이 마음에 안 들 거야.,['마음에 안 들 거야'],[],[],[],[],1,0,0,0,0,0,0,
written_data_24611.json,f98d60c2-4fd1-4a97-b91d-2e405afc2e8b,928,"미군 장교가 안 나타난 게 다행이지, 뭐야.",['장교가 안 나타난'],[],[],[],[],1,0,0,0,0,0,0,
written_data_24611.json,f98d60c2-4fd1-4a97-b91d-2e405afc2e8b,936,우리들이 자가용을 한 대도 소유하지 못하는 남자들에게 무슨 소용이 있단 말이냐?,[],[],[],['소유하지 못하는 남'],[],1,0,0,0,0,0,0,
written_data_24611.json,f98d60c2-4fd1-4a97-b91d-2e405afc2e8b,949,그렇지만 <NAME>라고 불리는 그 안경 쓴 학생은 전혀 돌아보지 않고 NAME를 걸어가고 있었다.,[],['돌아보지 않고 NA'],[],[],[],0,1,0,0,0,0,0,
written_data_24611.json,f98d60c2-4fd1-4a97-b91d-2e405afc2e8b,958,"<NAME>은 조약돌 하나를 요리조리 굴리며 달래면서, 보구도 못 본 척하고......",[],[],['보구도 못 본 척하'],[],[],1,0,0,0,0,0,0,
written_data_24611.json,f98d60c2-4fd1-4a97-b91d-2e405afc2e8b,963,<NAME>은 대답을 하지 못하고 <NAME>는 다시 저 멀리로 갔다.,[],[],[],['답을 하지 못하고 <'],[],0,0,0,0,0,1,0,
written_data_24611.json,f98d60c2-4fd1-4a97-b91d-2e405afc2e8b,979,그렇지만 임 교수는 그러한 장난이 무엇을 의미하는지 알지 못했다.,[],[],[],['는지 알지 못했다.'],[],0,0,0,0,0,1,0,
written_data_24611.json,f98d60c2-4fd1-4a97-b91d-2e405afc2e8b,995,"그래서 지금도 임 교수는 걸음을 멈추고 확실하게 자기를 목표로 하고 진행되고 있는, 이 잔디 위의 푸른 인생들의 양심 없는 명랑한 야유를 달가워하지 않으려는 관용의 자세를 취하고 있다.",[],['달가워하지 않으려는'],[],[],[],1,0,0,0,0,0,0,